user_input,retrieved_contexts,response,reference,faithfulness,answer_relevancy
How does the secondary theory say most cpDNA is structured?,"['theory suggests that most cpDNA is actually linear and replicates through homologous recombination. It further contends that only a minority of the genetic material is kept in circular chromosomes while the rest is in branched, linear, or other complex structures.', 'One of competing model for cpDNA replication asserts that most cpDNA is linear and participates in homologous recombination and replication structures similar to bacteriophage T4. It has been established that some plants have linear cpDNA, such as maize, and that more species still contain complex structures that scientists do not yet understand. When the original experiments on cpDNA were performed, scientists did notice linear structures; however, they attributed these linear forms to broken circles. If the branched and complex structures seen in cpDNA experiments are real and not artifacts of concatenated', 'circular DNA or broken circles, then a D-loop mechanism of replication is insufficient to explain how those structures would replicate. At the same time, homologous recombination does not expand the multiple A --> G gradients seen in plastomes. Because of the failure to explain the deamination gradient as well as the numerous plant species that have been shown to have circular cpDNA, the predominant theory continues to hold that most cpDNA is circular and most likely replicates via a D loop mechanism.', 'The mechanism for chloroplast DNA (cpDNA) replication has not been conclusively determined, but two main models have been proposed. Scientists have attempted to observe chloroplast replication via electron microscopy since the 1970s. The results of the microscopy experiments led to the idea that chloroplast DNA replicates using a double displacement loop (D-loop). As the D-loop moves through the circular DNA, it adopts a theta intermediary form, also known as a Cairns replication intermediate, and completes replication with a rolling circle mechanism.', ""Chloroplasts have their own DNA, often abbreviated as ctDNA, or cpDNA. It is also known as the plastome. Its existence was first proved in 1962, and first sequenced in 1986—when two Japanese research teams sequenced the chloroplast DNA of liverwort and tobacco. Since then, hundreds of chloroplast DNAs from various species have been sequenced, but they're mostly those of land plants and green algae—glaucophytes, red algae, and other algal groups are extremely""]",The secondary theory suggests that most cpDNA is linear and participates in homologous recombination and replication structures similar to bacteriophage T4.,linear,,0.8817832948833546
What is the name of the two-tentacled cydippid that feedsentirely on salps called?,"['two-tentacled ""cydippid"" Lampea feeds exclusively on salps, close relatives of sea-squirts that form large chain-like floating colonies, and juveniles of Lampea attach themselves like parasites to salps that are too large for them to swallow. Members of the cydippid genus Pleurobrachia and the lobate Bolinopsis often reach high population densities at the same place and time because they specialize in different types of prey: Pleurobrachia\'s long tentacles mainly capture relatively strong swimmers such as adult', 'Cydippid ctenophores have bodies that are more or less rounded, sometimes nearly spherical and other times more cylindrical or egg-shaped; the common coastal ""sea gooseberry,"" Pleurobrachia, sometimes has an egg-shaped body with the mouth at the narrow end, although some individuals are more uniformly round. From opposite sides of the body extends a pair of long, slender tentacles, each housed in a sheath into which it can be withdrawn. Some species of cydippids have bodies that are flattened to various extents, so that they are wider', 'Almost all ctenophores are predators, taking prey ranging from microscopic larvae and rotifers to the adults of small crustaceans; the exceptions are juveniles of two species, which live as parasites on the salps on which adults of their species feed. In favorable circumstances, ctenophores can eat ten times their own weight in a day. Only 100–150 species have been validated, and possibly another 25 have not been fully described and named. The textbook examples are cydippids with egg-shaped bodies and a pair of retractable tentacles fringed with', 'The tentacles of cydippid ctenophores are typically fringed with tentilla (""little tentacles""), although a few genera have simple tentacles without these sidebranches. The tentacles and tentilla are densely covered with microscopic colloblasts that capture prey by sticking to it. Colloblasts are specialized mushroom-shaped cells in the outer layer of the epidermis, and have three main components: a domed head with vesicles (chambers) that contain adhesive; a stalk that anchors the cell in the lower layer of the epidermis', 'species look like miniature cydippids, gradually changing into their adult shapes as they grow. The exceptions are the beroids, whose young are miniature beroids with large mouths and no tentacles, and the platyctenids, whose young live as cydippid-like plankton until they reach near-adult size, but then sink to the bottom and rapidly metamorphose into the adult form. In at least some species, juveniles are capable of reproduction before reaching the adult size and shape. The combination of hermaphroditism and early reproduction']",Lampea,Lampea,0.0,0.0
What drove increased rental prices in East New York?,"['A number of researchers (David Rodda, Jacob Vigdor, and Janna Matlack), argue that a shortage of affordable housing – at least in the US – is caused in part by income inequality. David Rodda noted that from 1984 and 1991, the number of quality rental units decreased as the demand for higher quality housing increased (Rhoda 1994:148). Through gentrification of older neighbourhoods, for example, in East New York, rental prices increased rapidly as landlords found new residents willing to pay higher market rate for housing and left lower income families', '(high demand), will result in high wages for that job. This is because competition between employers for employees will drive up the wage. Examples of this would include jobs that require highly developed skills, rare abilities, or a high level of risk. Competition amongst employers tends to drive up wages due to the nature of the job, since there is a relative shortage of workers for the particular position. Professional and labor organizations may limit the supply of workers which results in higher demand and greater incomes for members. Members may also receive higher wages through collective bargaining, political influence, or corruption.', 'In terms of housing stock, the authority is one of few authorities to see the proportion of detached homes rise in the 2010 Census (to 7.8%), in this instance this was coupled with a similar rise in flats and waterside apartments to 25.6%, and the proportion of converted or shared houses in 2011 renders this dwelling type within the highest of the five colour-coded brackets at 5.9%, and on a par with Oxford and Reading, greater than Manchester and Liverpool and below a handful of historic densely occupied, arguably overinflated markets in the', 'Price controls exacerbated the crisis in the US. The system limited the price of ""old oil"" (that which had already been discovered) while allowing newly discovered oil to be sold at a higher price to encourage investment. Predictably, old oil was withdrawn from the market, creating greater scarcity. The rule also discouraged development of alternative energies. The rule had been intended to promote oil exploration. Scarcity was addressed by rationing (as in many countries). Motorists faced long lines at gas stations beginning in summer 1972 and increasing by summer 1973.', 'Economist Joseph Stiglitz argues that rather than explaining concentrations of wealth and income, market forces should serve as a brake on such concentration, which may better be explained by the non-market force known as ""rent-seeking"". While the market will bid up compensation for rare and desired skills to reward wealth creation, greater productivity, etc., it will also prevent successful entrepreneurs from earning excess profits by fostering competition to cut prices, profits and large compensation. A better explainer of growing inequality, according to Stiglitz, is the use of political power generated by wealth by certain']",Gentrification of older neighborhoods.,residents willing to pay higher market rate for housing,1.0,0.5687991961535327
In what city's Marriott did the Panthers stay?,"['The Panthers used the San Jose State practice facility and stayed at the San Jose Marriott. The Broncos practiced at Stanford University and stayed at the Santa Clara Marriott.', 'The Panthers beat the Seattle Seahawks in the divisional round, running up a 31–0 halftime lead and then holding off a furious second half comeback attempt to win 31–24, avenging their elimination from a year earlier. The Panthers then blew out the Arizona Cardinals in the NFC Championship Game, 49–15, racking up 487 yards and forcing seven turnovers.', 'Super Bowl 50 was an American football game to determine the champion of the National Football League (NFL) for the 2015 season. The American Football Conference (AFC) champion Denver Broncos defeated the National Football Conference (NFC) champion Carolina Panthers 24–10 to earn their third Super Bowl title. The game was played on February 7, 2016, at Levi\'s Stadium in the San Francisco Bay Area at Santa Clara, California. As this was the 50th Super Bowl, the league emphasized the ""golden anniversary"" with various gold-themed initiatives, as well as temporarily suspending the tradition of naming each', ""The league announced on October 16, 2012, that the two finalists were Sun Life Stadium and Levi's Stadium. The South Florida/Miami area has previously hosted the event 10 times (tied for most with New Orleans), with the most recent one being Super Bowl XLIV in 2010. The San Francisco Bay Area last hosted in 1985 (Super Bowl XIX), held at Stanford Stadium in Stanford, California, won by the home team 49ers. The Miami bid depended on whether the stadium underwent renovations. However, on May 3, 2013, the Florida legislature refused to approve the funding"", 'New Orleans Saints and the 2011 Green Bay Packers. With their NFC-best 15–1 regular season record, the Panthers clinched home-field advantage throughout the NFC playoffs for the first time in franchise history. Ten players were selected to the Pro Bowl (the most in franchise history) along with eight All-Pro selections.']",San Jose,San Jose,1.0,0.45562684919638125
What is usual form of oxygen bound compounds?,"[""The common allotrope of elemental oxygen on Earth is called dioxygen, O\n2. It is the form that is a major part of the Earth's atmosphere (see Occurrence). O2 has a bond length of 121 pm and a bond energy of 498 kJ·mol−1, which is smaller than the energy of other double bonds or pairs of single bonds in the biosphere and responsible for the exothermic reaction of O2 with any organic molecule. Due to its energy content, O2 is used by complex forms of life, such"", 'Oxygen is a chemical element with symbol O and atomic number 8. It is a member of the chalcogen group on the periodic table and is a highly reactive nonmetal and oxidizing agent that readily forms compounds (notably oxides) with most elements. By mass, oxygen is the third-most abundant element in the universe, after hydrogen and helium. At standard temperature and pressure, two atoms of the element bind to form dioxygen, a colorless and odorless diatomic gas with the formula O\n2. Diatomic oxygen gas constitutes', 'Among the most important classes of organic compounds that contain oxygen are (where ""R"" is an organic group): alcohols (R-OH); ethers (R-O-R); ketones (R-CO-R); aldehydes (R-CO-H); carboxylic acids (R-COOH); esters (R-COO-R); acid anhydrides (R-CO-O-CO-R); and amides', 'In this dioxygen, the two oxygen atoms are chemically bonded to each other. The bond can be variously described based on level of theory, but is reasonably and simply described as a covalent double bond that results from the filling of molecular orbitals formed from the atomic orbitals of the individual oxygen atoms, the filling of which results in a bond order of two. More specifically, the double bond is the result of sequential, low-to-high energy, or Aufbau, filling of orbitals, and the resulting cancellation of contributions from the 2s electrons, after', '(R-C(O)-NR\n2). There are many important organic solvents that contain oxygen, including: acetone, methanol, ethanol, isopropanol, furan, THF, diethyl ether, dioxane, ethyl acetate, DMF, DMSO, acetic acid, and formic acid. Acetone ((CH\n3)\n2CO) and phenol (C\n6H\n5OH) are used as feeder materials in the synthesis of many different substances. Other important organic compounds that contain oxygen']","The usual form of oxygen bound compounds is as a covalent double bond, as seen in dioxygen (O2). This is because the two oxygen atoms in O2 are chemically bonded to each other through a double bond, which is a result of the filling of molecular orbitals formed from the atomic orbitals of the individual oxygen atoms. More specifically, the double bond is the result of sequential, low-to-high energy, or Aufbau, filling of orbitals, and the resulting cancellation of contributions from the 2s electrons. This double bond is a characteristic feature of the dioxygen molecule, which is the most common allotrope of elemental oxygen on Earth.",oxides,0.75,0.9886016876532774
What previous work did Lavoisier experiments discredit?,"['In one experiment, Lavoisier observed that there was no overall increase in weight when tin and air were heated in a closed container. He noted that air rushed in when he opened the container, which indicated that part of the trapped air had been consumed. He also noted that the tin had increased in weight and that increase was the same as the weight of the air that rushed back in. This and other experiments on combustion were documented in his book Sur la combustion en général, which was published in 1777. In that work, he proved that air is a mixture of two gases;', 'In the meantime, on August 1, 1774, an experiment conducted by the British clergyman Joseph Priestley focused sunlight on mercuric oxide (HgO) inside a glass tube, which liberated a gas he named ""dephlogisticated air"". He noted that candles burned brighter in the gas and that a mouse was more active and lived longer while breathing it. After breathing the gas himself, he wrote: ""The feeling of it to my lungs was not sensibly different from that of common air, but I fancied that my breast felt peculiarly light and easy for', 'By the late 19th century scientists realized that air could be liquefied, and its components isolated, by compressing and cooling it. Using a cascade method, Swiss chemist and physicist Raoul Pierre Pictet evaporated liquid sulfur dioxide in order to liquefy carbon dioxide, which in turn was evaporated to cool oxygen gas enough to liquefy it. He sent a telegram on December 22, 1877 to the French Academy of Sciences in Paris announcing his discovery of liquid oxygen. Just two days later, French physicist Louis Paul Cailletet announced his own method of liquefying', ""John Dalton's original atomic hypothesis assumed that all elements were monatomic and that the atoms in compounds would normally have the simplest atomic ratios with respect to one another. For example, Dalton assumed that water's formula was HO, giving the atomic mass of oxygen as 8 times that of hydrogen, instead of the modern value of about 16. In 1805, Joseph Louis Gay-Lussac and Alexander von Humboldt showed that water is formed of two volumes of hydrogen and one volume of oxygen; and by 1811 Amedeo Avogadro had arrived at the correct interpretation of"", 'Starting in 1894, Tesla began investigating what he referred to as radiant energy of ""invisible"" kinds after he had noticed damaged film in his laboratory in previous experiments (later identified as ""Roentgen rays"" or ""X-Rays""). His early experiments were with Crookes tubes, a cold cathode electrical discharge tube. Soon after, much of Tesla\'s early research—hundreds of invention models, plans, notes, laboratory data, tools, photographs, valued at $50,000—was lost in the 5th Avenue laboratory fire of March 1895. Tesla is quoted by']",Lavoisier's experiments discredited the phlogiston theory of combustion.,phlogiston theory,0.0,0.8200740908825678
Where did the residents of Antioch flee to?,"[""Damascus, Homs, and Aleppo. In 1348–49, the disease reached Antioch. The city's residents fled to the north, most of them dying during the journey, but the infection had been spread to the people of Asia Minor.[citation needed]"", 'After this, Huguenots (with estimates ranging from 200,000 to 1,000,000) fled to surrounding Protestant countries: England, the Netherlands, Switzerland, Norway, Denmark, and Prussia — whose Calvinist Great Elector Frederick William welcomed them to help rebuild his war-ravaged and underpopulated country. Following this exodus, Huguenots remained in large numbers in only one region of France: the rugged Cévennes region in the south. In the early 18th century, a regional group known as the Camisards who were Huguenots rioted against the Catholic Church', 'The bulk of Huguenot émigrés relocated to Protestant European nations such as England, Wales, Scotland, Denmark, Sweden, Switzerland, the Dutch Republic, the Electorate of Brandenburg and Electorate of the Palatinate in the Holy Roman Empire, the Duchy of Prussia, the Channel Islands, and Ireland. They also spread beyond Europe to the Dutch Cape Colony in South Africa, the Dutch East Indies, the Caribbean, and several of the English colonies of North America, and Quebec, where they were accepted and allowed to worship freely.', 'After the revocation of the Edict of Nantes, the Dutch Republic received the largest group of Huguenot refugees, an estimated total of 75,000 to 100,000 people. Amongst them were 200 clergy. Many came from the region of the Cévennes, for instance, the village of Fraissinet-de-Lozère. This was a huge influx as the entire population of the Dutch Republic amounted to ca. 2 million at that time. Around 1700, it is estimated that nearly 25% of the Amsterdam population was Huguenot.[citation needed] In', 'The French Protestant Church of London was established by Royal Charter in 1550. It is now located at Soho Square. Huguenot refugees flocked to Shoreditch, London. They established a major weaving industry in and around Spitalfields (see Petticoat Lane and the Tenterground) in East London. In Wandsworth, their gardening skills benefited the Battersea market gardens. The Old Truman Brewery, then known as the Black Eagle Brewery, was founded in 1724. The flight of Huguenot refugees from Tours, France drew off most of the workers of its great silk mills']",The residents of Antioch fled to the north.,The city's residents fled to the north,1.0,0.9488685787499627
When was 7 Lincoln Square completed?,"['Meanwhile, ABC News, which formed as a newly separate division, sought to become a global leader in television news. In 1977, Roone Arledge was named president of the new ABC News in addition to being president of ABC Sports. That same year, ABC launched a major expansion of its office facilities in New York City. The company first constructed a new 10-story building on land previously occupied by an abandoned warehouse on the corner of Columbus Avenue and West 66th Street; the facility that was built in its place is nicknamed ""7 Lincoln Square"" (although it is actually', '(1817–1892), a pioneer and the founder of Bainbridges, sold goods via department, a new for merchant custom for that time. The Bainbridge’s official ledgers reported revenue by department, giving birth to the name department store. Eldon Square is currently undergoing a full redevelopment. A new bus station, replacing the old underground bus station, was officially opened in March 2007. The wing of the centre, including the undercover Green Market, near Grainger Street was demolished in 2007 so that the area could be redeveloped. This was completed in February 2010 with the opening', 'located at 149 Columbus Avenue). Meanwhile, a former parking lot, located at 30 West 67th Street, was transformed into an impressive 15-story building. Both buildings were completed in June 1979. WABC-TV moved its operations from offices at 77 West 66th Street to 149 Columbus Avenue, freeing up space for the ABC network to house some of its operations.', 'On 10 January 1943, New York City mayor Fiorello La Guardia read a eulogy written by Slovene-American author Louis Adamic live over the WNYC radio while violin pieces ""Ave Maria"" and ""Tamo daleko"" were played in the background. On 12 January, two thousand people attended a state funeral for Tesla at the Cathedral of Saint John the Divine. After the funeral, Tesla\'s body was taken to the Ferncliff Cemetery in Ardsley, New York, where it was later cremated. The following day, a second service was conducted by prominent', ""The war in North America officially ended with the signing of the Treaty of Paris on 10 February 1763, and war in the European theatre of the Seven Years' War was settled by the Treaty of Hubertusburg on 15 February 1763. The British offered France the choice of surrendering either its continental North American possessions east of the Mississippi or the Caribbean islands of Guadeloupe and Martinique, which had been occupied by the British. France chose to cede the former, but was able to negotiate the retention of Saint Pierre and Miquelon, two small islands in the Gulf of St.""]",June 1979,June 1979,0.0,0.5485953017577501
Which Doctor Who show was the largest simulcast of a TV drama?,"['In 2013, the Peabody Awards honoured Doctor Who with an Institutional Peabody ""for evolving with technology and the times like nothing else in the known television universe."" The programme is listed in Guinness World Records as the longest-running science fiction television show in the world, the ""most successful"" science fiction series of all time—based on its over-all broadcast ratings, DVD and book sales, and iTunes traffic— and for the largest ever simulcast of a TV drama with its 50th anniversary special. During its original run, it was recognised for its imaginative stories, creative low-budget special', ""The BBC drama department's serials division produced the programme for 26 seasons, broadcast on BBC 1. Falling viewing numbers, a decline in the public perception of the show and a less-prominent transmission slot saw production suspended in 1989 by Jonathan Powell, controller of BBC 1. Although (as series co-star Sophie Aldred reported in the documentary Doctor Who: More Than 30 Years in the TARDIS) it was effectively, if not formally, cancelled with the decision not to commission a planned 27th series of the show for transmission in 1990, the BBC repeatedly affirmed that the series would"", ""The revived series has received recognition from critics and the public, across various awards ceremonies. It won five BAFTA TV Awards, including Best Drama Series, the highest-profile and most prestigious British television award for which the series has ever been nominated. It was very popular at the BAFTA Cymru Awards, with 25 wins overall including Best Drama Series (twice), Best Screenplay/Screenwriter (thrice) and Best Actor. It was also nominated for 7 Saturn Awards, winning the only Best International Series in the ceremony's history. In 2009, Doctor Who was voted the 3rd greatest show"", ""826 Doctor Who instalments have been televised since 1963, ranging between 25-minute episodes (the most common format), 45-minute episodes (for Resurrection of the Daleks in the 1984 series, a single season in 1985, and the revival), two feature-length productions (1983's The Five Doctors and the 1996 television film), eight Christmas specials (most of 60 minutes' duration, one of 72 minutes), and four additional specials ranging from 60 to 75 minutes in 2009, 2010 and 2013. Four mini-episodes, running about eight minutes each,"", 'In 1975, Season 11 of the series won a Writers\' Guild of Great Britain award for Best Writing in a Children\'s Serial. In 1996, BBC television held the ""Auntie Awards"" as the culmination of their ""TV60"" series, celebrating 60 years of BBC television broadcasting, where Doctor Who was voted as the ""Best Popular Drama"" the corporation had ever produced, ahead of such ratings heavyweights as EastEnders and Casualty. In 2000, Doctor Who was ranked third in a list of the 100 Greatest British Television Programmes of the 20th century, produced by the British Film']",The 50th anniversary special of Doctor Who was the largest simulcast of a TV drama.,50th anniversary special,0.0,0.7905661376525784
What is the estimated cost of the V&A branded gallery?,"[""The V&A is in discussion with the University of Dundee, University of Abertay, Dundee City Council and the Scottish Government with a view to opening a new £43 million gallery in Dundee that would use the V&A brand although it would be funded through and operated independently. As of 2015, with costs estimated at £76 million, it is the most expensive gallery project ever undertaken in Scotland. The V&A Dundee will be on the city's waterfront and is intended to focus on fashion, architecture, product design, graphic arts and photography. It is planned"", ""In 2004, the V&A alongside Royal Institute of British Architects opened the first permanent gallery in the UK covering the history of architecture with displays using models, photographs, elements from buildings and original drawings. With the opening of the new gallery, the RIBA Drawings and Archives Collection has been transferred to the museum, joining the already extensive collection held by the V&A. With over 600,000 drawings, over 750,000 papers and paraphernalia, and over 700,000 photographs from around the world, together they form the world's most comprehensive architectural resource."", 'The Victoria and Albert Museum (often abbreviated as the V&A), London, is the world\'s largest museum of decorative arts and design, housing a permanent collection of over 4.5 million objects. It was founded in 1852 and named after Queen Victoria and Prince Albert. The V&A is located in the Brompton district of the Royal Borough of Kensington and Chelsea, in an area that has become known as ""Albertopolis"" because of its association with Prince Albert, the Albert Memorial and the major cultural institutions with which he was associated. These include the Natural History', 'that it could open within five years. Dundee City Council is expected to pay a major part of the running costs. The V&A is not contributing financially, but will be providing expertise, loans and exhibitions.', ""The V&A has its origins in the Great Exhibition of 1851, with which Henry Cole, the museum's first director, was involved in planning; initially it was known as the Museum of Manufactures, first opening in May 1852 at Marlborough House, but by September had been transferred to Somerset House. At this stage the collections covered both applied art and science. Several of the exhibits from the Exhibition were purchased to form the nucleus of the collection. By February 1854 discussions were underway to transfer the museum to the current site and it was renamed South Kensington Museum. In 1855 the German architect""]",£76 million,£76 million,1.0,0.5979038748632016
In what year was the Victoria and Albert Museum founded?,"['The Victoria and Albert Museum (often abbreviated as the V&A), London, is the world\'s largest museum of decorative arts and design, housing a permanent collection of over 4.5 million objects. It was founded in 1852 and named after Queen Victoria and Prince Albert. The V&A is located in the Brompton district of the Royal Borough of Kensington and Chelsea, in an area that has become known as ""Albertopolis"" because of its association with Prince Albert, the Albert Memorial and the major cultural institutions with which he was associated. These include the Natural History', ""The V&A has its origins in the Great Exhibition of 1851, with which Henry Cole, the museum's first director, was involved in planning; initially it was known as the Museum of Manufactures, first opening in May 1852 at Marlborough House, but by September had been transferred to Somerset House. At this stage the collections covered both applied art and science. Several of the exhibits from the Exhibition were purchased to form the nucleus of the collection. By February 1854 discussions were underway to transfer the museum to the current site and it was renamed South Kensington Museum. In 1855 the German architect"", 'The Victorian parts of the building have a complex history, with piecemeal additions by different architects. Founded in May 1852, it was not until 1857 that the museum moved to the present site. This area of London was known as Brompton but had been renamed South Kensington. The land was occupied by Brompton Park House, which was extended, most notably by the ""Brompton Boilers"", which were starkly utilitarian iron galleries with a temporary look and were later dismantled and used to build the V&A Museum of Childhood. The first building to be erected that still', 'The Victoria and Albert Museum’s Word and Image Department was under the same pressure being felt in archives around the world, to digitize their collection. A large scale digitization project began in 2007 in that department. That project was entitled the Factory Project to reference Andy Warhol and to create a factory to completely digitize the collection. The first step of the Factory Project was to take photographs utilizing digital cameras. The Word and Image Department had a collection of old photos but they were in black and white and in variant conditions, so new photos were shot. Those new photographs will be accessible', ""In 2004, the V&A alongside Royal Institute of British Architects opened the first permanent gallery in the UK covering the history of architecture with displays using models, photographs, elements from buildings and original drawings. With the opening of the new gallery, the RIBA Drawings and Archives Collection has been transferred to the museum, joining the already extensive collection held by the V&A. With over 600,000 drawings, over 750,000 papers and paraphernalia, and over 700,000 photographs from around the world, together they form the world's most comprehensive architectural resource.""]",1852,1852,1.0,0.4324945390216117
How many receptions did Cotchery  get for the 2015 season?,"['seven touchdowns, and wide receiver Ted Ginn, Jr., who caught 44 passes for 739 yards and 10 touchdowns; Ginn also rushed for 60 yards and returned 27 punts for 277 yards. Other key receivers included veteran Jerricho Cotchery (39 receptions for 485 yards), rookie Devin Funchess (31 receptions for 473 yards and five touchdowns), and second-year receiver Corey Brown (31 receptions for 447 yards). The Panthers backfield featured Pro Bowl running back Jonathan Stewart, who led the team with 989 rushing yards and six touchdowns', ""After each team punted, Panthers quarterback Cam Newton appeared to complete a 24-yard pass Jerricho Cotchery, but the call was ruled an incompletion and upheld after a replay challenge. CBS analyst and retired referee Mike Carey stated he disagreed with the call and felt the review clearly showed the pass was complete. A few plays later, on 3rd-and-10 from the 15-yard line, linebacker Von Miller knocked the ball out of Newton's hands while sacking him, and Malik Jackson recovered it in the end zone for a Broncos touchdown, giving the team"", ""The Panthers offense, which led the NFL in scoring (500 points), was loaded with talent, boasting six Pro Bowl selections. Pro Bowl quarterback Cam Newton had one of his best seasons, throwing for 3,837 yards and rushing for 636, while recording a career-high and league-leading 45 total touchdowns (35 passing, 10 rushing), a career-low 10 interceptions, and a career-best quarterback rating of 99.4. Newton's leading receivers were tight end Greg Olsen, who caught a career-high 77 passes for 1,104 yards and"", ""Kony Ealy tied a Super Bowl record with three sacks. Jordan Norwood's 61-yard punt return set a new record, surpassing the old record of 45 yards set by John Taylor in Super Bowl XXIII. Denver was just 1-of-14 on third down, while Carolina was barely better at 3-of-15. The two teams' combined third down conversion percentage of 13.8 was a Super Bowl low. Manning and Newton had quarterback passer ratings of 56.6 and 55.4, respectively, and their added total of 112 is a record lowest aggregate"", 'Manning finished the year with a career-low 67.9 passer rating, throwing for 2,249 yards and nine touchdowns, with 17 interceptions. In contrast, Osweiler threw for 1,967 yards, 10 touchdowns and six interceptions for a rating of 86.4. Veteran receiver Demaryius Thomas led the team with 105 receptions for 1,304 yards and six touchdowns, while Emmanuel Sanders caught 76 passes for 1,135 yards and six scores, while adding another 106 yards returning punts. Tight end Owen Daniels was also a big element of the passing game with 46 receptions for']",39,39,0.0,0.41579933767867683
How large are the outer PD ring's filaments?,"[""Next, the two plastid-dividing rings, or PD rings form. The inner plastid-dividing ring is located in the inner side of the chloroplast's inner membrane, and is formed first. The outer plastid-dividing ring is found wrapped around the outer chloroplast membrane. It consists of filaments about 5 nanometers across, arranged in rows 6.4 nanometers apart, and shrinks to squeeze the chloroplast. This is when chloroplast constriction"", 'cilia. Adults of various species range from a few millimeters to 1.5 m (4 ft 11 in) in size. Like cnidarians, their bodies consist of a mass of jelly, with one layer of cells on the outside and another lining the internal cavity. In ctenophores, these layers are two cells deep, while those in cnidarians are only one cell deep. Some authors combined ctenophores and cnidarians in one phylum, Coelenterata, as both groups rely on water flow through the body cavity for both', 'consists of thousands of unusually long cilia, up to 2 millimeters (0.079 in). Unlike conventional cilia and flagella, which has a filament structure arranged in a 9 + 2 pattern, these cilia are arranged in a 9 + 3 pattern, where the extra compact filament is suspected to have a supporting function. These normally beat so that the propulsion stroke is away from the mouth, although they can also reverse direction. Hence ctenophores usually swim in the direction in which the mouth is pointing, unlike jellyfish. When trying to', 'In the helical thylakoid model, grana consist of a stack of flattened circular granal thylakoids that resemble pancakes. Each granum can contain anywhere from two to a hundred thylakoids, though grana with 10–20 thylakoids are most common. Wrapped around the grana are helicoid stromal thylakoids, also known as frets or lamellar thylakoids. The helices ascend at an angle of 20–25°, connecting to each granal thylakoid at a bridge-like slit junction. The', 'Plastoglobuli (singular plastoglobulus, sometimes spelled plastoglobule(s)), are spherical bubbles of lipids and proteins about 45–60 nanometers across. They are surrounded by a lipid monolayer. Plastoglobuli are found in all chloroplasts, but become more common when the chloroplast is under oxidative stress, or when it ages and transitions into a gerontoplast. Plastoglobuli also exhibit a greater size variation under these']",5 nanometers across.,about 5 nanometers across,0.0,0.6551286087458954
The Roots miniseries was based on a novel by what author?,"[""For its part, the television network produced a few new hits during 1977: January saw the premiere of Roots, a miniseries based on an Alex Haley novel that was published the previous year; in September, The Love Boat, a comedy-drama anthology series produced by Aaron Spelling which was based around the crew of a cruise ship and featured three stories centered partly on the ship's various passengers; although critically lambasted, the series turned out to be a ratings success and lasted nine seasons. Roots went on to become one of the highest-rated programs in American television history, with"", 'In literature, author of the New York Times bestseller Before I Fall Lauren Oliver, Pulitzer Prize winning novelist Philip Roth, Canadian-born Pulitzer Prize and Nobel Prize for Literature winning writer Saul Bellow, political philosopher, literary critic and author of the New York Times bestseller ""The Closing of the American Mind"" Allan Bloom, \'\'The Good War"" author Studs Terkel, American writer, essayist, filmmaker, teacher, and political activist Susan Sontag, analytic philosopher and Stanford University Professor of Comparative Literature Richard Rorty, and American writer and satirist Kurt Vonnegut', ""Other: Civil rights leader W. E. B. Du Bois; philosopher Henry David Thoreau; authors Ralph Waldo Emerson and William S. Burroughs; educators Werner Baer, Harlan Hanson; poets Wallace Stevens, T. S. Eliot and E. E. Cummings; conductor Leonard Bernstein; cellist Yo Yo Ma; pianist and composer Charlie Albright; composer John Alden Carpenter; comedian, television show host and writer Conan O'Brien; actors Tatyana Ali, Nestor Carbonell, Matt Damon, Fred Gwynne, Hill Harper, Rashida Jones, Tommy Lee"", 'unprecedented ratings for its finale. The success of Roots, Happy Days and The Love Boat allowed the network to take first place in the ratings for the first time in the 1976–77 season. On September 13, 1977, the network debuted Soap, a controversial soap opera parody which became known for being the first television series to feature an openly gay main character (played by a then-unknown Billy Crystal); it last ran on the network on April 20, 1981.', 'E. Webber. Writer Anthony Coburn, story editor David Whitaker and initial producer Verity Lambert also heavily contributed to the development of the series.[note 1] The programme was originally intended to appeal to a family audience, as an educational programme using time travel as a means to explore scientific ideas and famous moments in history. On 31 July 1963 Whitaker commissioned Terry Nation to write a story under the title The Mutants. As originally written, the Daleks and Thals were the victims of an alien neutron bomb attack but Nation later dropped the aliens and made the Daleks the']",Alex Haley,Alex Haley,1.0,0.7775193180730599
Bedau notes that illegal protests towards public policy may serve as what purpose?,"['lays such acts open to the charge of ineffectiveness and absurdity."" Bedau also notes, though, that the very harmlessness of such entirely symbolic illegal protests toward public policy goals may serve a propaganda purpose. Some civil disobedients, such as the proprietors of illegal medical cannabis dispensaries and Voice in the Wilderness, which brought medicine to Iraq without the permission of the U.S. Government, directly achieve a desired social goal (such as the provision of medication to the sick) while openly breaking the law. Julia Butterfly Hill lived in Luna, a', 'Civil disobedients have chosen a variety of different illegal acts. Bedau writes, ""There is a whole class of acts, undertaken in the name of civil disobedience, which, even if they were widely practiced, would in themselves constitute hardly more than a nuisance (e.g. trespassing at a nuclear-missile installation)...Such acts are often just a harassment and, at least to the bystander, somewhat inane...The remoteness of the connection between the disobedient act and the objectionable law', 'Howard Zinn writes, ""There may be many times when protesters choose to go to jail, as a way of continuing their protest, as a way of reminding their countrymen of injustice. But that is different than the notion that they must go to jail as part of a rule connected with civil disobedience. The key point is that the spirit of protest should be maintained all the way, whether it is done by remaining in jail, or by evading it. To accept jail penitently as an accession to \'the rules\' is to switch suddenly to a spirit of', 'Non-revolutionary civil disobedience is a simple disobedience of laws on the grounds that they are judged ""wrong"" by an individual conscience, or as part of an effort to render certain laws ineffective, to cause their repeal, or to exert pressure to get one\'s political wishes on some other issue. Revolutionary civil disobedience is more of an active attempt to overthrow a government (or to change cultural traditions, social customs, religious beliefs, etc...revolution doesn\'t have to be political, i.e. ""cultural revolution"",', 'Some theories of civil disobedience hold that civil disobedience is only justified against governmental entities. Brownlee argues that disobedience in opposition to the decisions of non-governmental agencies such as trade unions, banks, and private universities can be justified if it reflects ""a larger challenge to the legal system that permits those decisions to be taken"". The same principle, she argues, applies to breaches of law in protest against international organizations and foreign governments.']",propaganda,propaganda,1.0,0.5397018847574784
How much of a voting majority must there be to effectively censure the Commission?,"['include calling inquiries into maladministration or appoint an Ombudsman pending any court proceedings. It can require the Commission respond to questions and by a two-thirds majority can censure the whole Commission (as happened to the Santer Commission in 1999). In some cases, the Parliament has explicit consultation rights, which the Commission must genuinely follow. However its role participation in the legislative process still remains limited because no member can actually or pass legislation without the Commission and Council, meaning power (""kratia"") is not in the hands of directly elected representatives of', 'Commissioners have various privileges, such as being exempt from member state taxes (but not EU taxes), and having immunity from prosecution for doing official acts. Commissioners have sometimes been found to have abused their offices, particularly since the Santer Commission was censured by Parliament in 1999, and it eventually resigned due to corruption allegations. This resulted in one main case, Commission v Edith Cresson where the European Court of Justice held that a Commissioner giving her dentist a job, for which he was clearly unqualified, did in fact not break any law. By contrast to the', 'To make new legislation, TFEU article 294 defines the ""ordinary legislative procedure"" that applies for most EU acts. The essence is there are three readings, starting with a Commission proposal, where the Parliament must vote by a majority of all MEPs (not just those present) to block or suggest changes, and the Council must vote by qualified majority to approve changes, but by unanimity to block Commission amendment. Where the different institutions cannot agree at any stage, a ""Conciliation Committee"" is convened, representing MEPs, ministers and the Commission to try and get', 'agreement on a joint text: if this works, it will be sent back to the Parliament and Council to approve by absolute and qualified majority. This means, legislation can be blocked by a majority in Parliament, a minority in the Council, and a majority in the Commission: it is harder to change EU law than stay the same. A different procedure exists for budgets. For ""enhanced cooperation"" among a sub-set of at least member states, authorisation must be given by the Council. Member state governments should be informed by the Commission at the outset before any proposals start the legislative', 'compel the obedience of individuals who disagree with what is being said. The majority may be powerful but it is not necessarily right. What, then, is the proper relationship between the individual and the government?']",A two-thirds majority is required to censure the Commission.,two-thirds majority,1.0,0.9115534509424977
What did Kublai do to prevent famines?,"['After strengthening his government in northern China, Kublai pursued an expansionist policy in line with the tradition of Mongol and Chinese imperialism. He renewed a massive drive against the Song dynasty to the south. Kublai besieged Xiangyang between 1268 and 1273, the last obstacle in his way to capture the rich Yangzi River basin. An unsuccessful naval expedition was undertaken against Japan in 1274. Kublai captured the Song capital of Hangzhou in 1276, the wealthiest city of China. Song loyalists escaped from the capital and enthroned a young child as Emperor Bing', 'Kublai Khan promoted commercial, scientific, and cultural growth. He supported the merchants of the Silk Road trade network by protecting the Mongol postal system, constructing infrastructure, providing loans that financed trade caravans, and encouraging the circulation of paper banknotes (鈔, Chao). Pax Mongolica, Mongol peace, enabled the spread of technologies, commodities, and culture between China and the West. Kublai expanded the Grand Canal from southern China to Daidu in the north. Mongol rule was cosmopolitan under Kublai Khan. He welcomed foreign visitors to his court, such as the', ""Kublai's government faced financial difficulties after 1279. Wars and construction projects had drained the Mongol treasury. Efforts to raise and collect tax revenues were plagued by corruption and political scandals. Mishandled military expeditions followed the financial problems. Kublai's second invasion of Japan in 1281 failed because of an inauspicious typhoon. Kublai botched his campaigns against Annam, Champa, and Java, but won a Pyrrhic victory against Burma. The expeditions were hampered by disease, an inhospitable climate, and a tropical terrain unsuitable"", ""Kublai's government after 1262 was a compromise between preserving Mongol interests in China and satisfying the demands of his Chinese subjects. He instituted the reforms proposed by his Chinese advisers by centralizing the bureaucracy, expanding the circulation of paper money, and maintaining the traditional monopolies on salt and iron. He restored the Imperial Secretariat and left the local administrative structure of past Chinese dynasties unchanged. However, Kublai rejected plans to revive the Confucian imperial examinations and divided Yuan society into three, later four, classes with the Han Chinese occupying the lowest rank."", 'in 1262. After successfully suppressing the revolt, Kublai curbed the influence of the Han Chinese advisers in his court. He feared that his dependence on Chinese officials left him vulnerable to future revolts and defections to the Song.']","The provided context does not contain specific information about what Kublai Khan did to prevent famines. Therefore, I don't know.",granaries were ordered built throughout the empire,0.0,0.0
Some of the museum's collection of Korean boxes are inlaid with what objects?,"[""The smaller galleries cover Korea, the Himalayan kingdoms and South East Asia. Korean displays include green-glazed ceramics, silk embroideries from officials' robes and gleaming boxes inlaid with mother-of-pearl made between 500 AD and 2000. Himalayan items include important early Nepalese bronze sculptures, repoussé work and embroidery. Tibetan art from the 14th to the 19th century is represented by notable 14th- and 15th-century religious images in wood and bronze, scroll paintings and ritual objects. Art from Thailand, Burma, Cambodia, Indonesia and Sri Lanka in gold, silver, bronze,"", ""well as a few paintings, scrolls and screens, textiles and dress including kimonos are some of the objects on display. One of the finest objects displayed is Suzuki Chokichi's bronze incense burner (koro) dated 1875, standing at over 2.25 metres high and 1.25 metres in diameter it is also one of the largest examples made. The museum also holds some cloisonné pieces from the Japanese art production company, Ando Cloisonné."", ""also represented. A major boost to the collections was the Salting Bequest made in 1909, which enriched the museum's stock of Chinese and Japanese ceramics. This bequest forms part of the finest collection of East Asian pottery and porcelain in the world, including Kakiemon ware."", 'The Far Eastern collections include more than 70,000 works of art from the countries of East Asia: China, Japan and Korea. The T. T. Tsui Gallery of Chinese art opened in 1991, displaying a representative collection of the V&As approximately 16,000 objects from China, dating from the 4th millennium BC to the present day. Though the majority of art works on display date from the Ming and Qing dynasties, there are exquisite examples of objects dating from the Tang dynasty and earlier periods. Notably, a metre-high bronze head of the Buddha dated to c.750 AD', 'Harvard operates several arts, cultural, and scientific museums. The Harvard Art Museums comprises three museums. The Arthur M. Sackler Museum includes collections of ancient, Asian, Islamic and later Indian art, the Busch-Reisinger Museum, formerly the Germanic Museum, covers central and northern European art, and the Fogg Museum of Art, covers Western art from the Middle Ages to the present emphasizing Italian early Renaissance, British pre-Raphaelite, and 19th-century French art. The Harvard Museum of Natural History includes the Harvard Mineralogical Museum, Harvard University Herbaria featuring the']",Mother-of-pearl,mother-of-pearl,1.0,0.49172588095886716
Which directive mentioned was created in 1994?,"['Directive gives expression to a ""general principle"" of EU law, it can be invoked between private non-state parties before its deadline for implementation. This follows from Kücükdeveci v Swedex GmbH & Co KG where the German Civil Code §622 stated that the years people worked under the age of 25 would not count towards the increasing statutory notice before dismissal. Ms Kücükdeveci worked for 10 years, from age 18 to 28, for Swedex GmbH & Co KG before her dismissal. She claimed that the law not counting her years under', 'each year, but most member states require more than 28 days in national law. However, on the current position adopted by the Court of Justice, citizens have standing to make claims based on national laws that implement Directives, but not from Directives themselves. Directives do not have so called ""horizontal"" direct effect (i.e. between non-state parties). This view was instantly controversial, and in the early 1990s three Advocate Generals persuasively argued that Directives should create rights and duties for all citizens. The Court of Justice refused, but there are five', 'plurilateral regional agreement and established the trans-European model of competition law. In 1957 competition rules were included in the Treaty of Rome, also known as the EC Treaty, which established the European Economic Community (EEC). The Treaty of Rome established the enactment of competition law as one of the main aims of the EEC through the ""institution of a system ensuring that competition in the common market is not distorted"". The two central provisions on EU competition law on companies were established in article 85, which prohibited anti-competitive agreements, subject to some exemptions, and article', 'Following the election of the UK Labour Party to government in 1997, the UK formally subscribed to the Agreement on Social Policy, which allowed it to be included with minor amendments as the Social Chapter of the 1997 Treaty of Amsterdam. The UK subsequently adopted the main legislation previously agreed under the Agreement on Social Policy, the 1994 Works Council Directive, which required workforce consultation in businesses, and the 1996 Parental Leave Directive. In the 10 years following the 1997 Treaty of Amsterdam and adoption of the Social Chapter the European Union has undertaken policy initiatives in various social policy areas, including labour and industry', ""enshrined in member states' constitution became ever more apparent. In 1999 the European Council set up a body tasked with drafting a European Charter of Human Rights, which could form the constitutional basis for the European Union and as such tailored specifically to apply to the European Union and its institutions. The Charter of Fundamental Rights of the European Union draws a list of fundamental rights from the European Convention on Human Rights and Fundamental Freedoms, the Declaration on Fundamental Rights produced by the European Parliament in 1989 and European Union Treaties.""]",The 1994 Works Council Directive.,Works Council Directive,0.0,0.7568602735819928
What did the museum acquire from the Royal College of Science?,"['covering Continental art 1600–1800 (late Renaissance, Baroque through Rococo and neo-Classical). In 1974 the museum had acquired what is now the Henry Cole wing from the Royal College of Science. In order to adapt the building as galleries, all the Victorian interiors except for the staircase were recast during the remodelling. To link this to the rest of the museum, a new entrance building was constructed on the site of the former boiler house, the intended site of the Spiral, between 1978 and 1982. This building is of concrete and very functional, the only', 'Museum. George Wallis (1811–1891), the first Keeper of Fine Art Collection, passionately promoted the idea of wide art education through the museum collections. This led to the transfer to the museum of the School of Design that had been founded in 1837 at Somerset House; after the transfer it was referred to as the Art School or Art Training School, later to become the Royal College of Art which finally achieved full independence in 1949. From the 1860s to the 1880s the scientific collections had been moved from the main museum site to various improvised galleries to the west of Exhibition Road. In', 'Museum, the Science Museum and the Royal Albert Hall. The museum is a non-departmental public body sponsored by the Department for Culture, Media and Sport. Like other national British museums, entrance to the museum has been free since 2001.', ""1806. The museum also collects international modern jewellery by designers such as Gijs Bakker, Onno Boekhoudt, Peter Chang, Gerda Flockinger, Lucy Sarneel, Dorothea Prühl and Wendy Ramshaw, and African and Asian traditional jewellery. Major bequests include Reverend Chauncy Hare Townshend's collection of 154 gems bequeathed in 1869, Lady Cory's 1951 gift of major diamond jewellery from the 18th and 19th centuries, and jewellery scholar Dame Joan Evans' 1977 gift of more than 800 jewels dating from the Middle Ages to the early 19th"", 'Harvard operates several arts, cultural, and scientific museums. The Harvard Art Museums comprises three museums. The Arthur M. Sackler Museum includes collections of ancient, Asian, Islamic and later Indian art, the Busch-Reisinger Museum, formerly the Germanic Museum, covers central and northern European art, and the Fogg Museum of Art, covers Western art from the Middle Ages to the present emphasizing Italian early Renaissance, British pre-Raphaelite, and 19th-century French art. The Harvard Museum of Natural History includes the Harvard Mineralogical Museum, Harvard University Herbaria featuring the']",The museum acquired the Henry Cole wing from the Royal College of Science.,Henry Cole wing,1.0,0.6137287916420906
Where did Korea border Kublai's territory?,"[""Instability troubled the early years of Kublai Khan's reign. Ogedei's grandson Kaidu refused to submit to Kublai and threatened the western frontier of Kublai's domain. The hostile but weakened Song dynasty remained an obstacle in the south. Kublai secured the northeast border in 1259 by installing the hostage prince Wonjong as the ruler of Korea, making it a Mongol tributary state. Kublai was also threatened by domestic unrest. Li Tan, the son-in-law of a powerful official, instigated a revolt against Mongol rule"", 'After strengthening his government in northern China, Kublai pursued an expansionist policy in line with the tradition of Mongol and Chinese imperialism. He renewed a massive drive against the Song dynasty to the south. Kublai besieged Xiangyang between 1268 and 1273, the last obstacle in his way to capture the rich Yangzi River basin. An unsuccessful naval expedition was undertaken against Japan in 1274. Kublai captured the Song capital of Hangzhou in 1276, the wealthiest city of China. Song loyalists escaped from the capital and enthroned a young child as Emperor Bing', 'Kublai readied the move of the Mongol capital from Karakorum in Mongolia to Khanbaliq in 1264, constructing a new city near the former Jurchen capital Zhongdu, now modern Beijing, in 1266. In 1271, Kublai formally claimed the Mandate of Heaven and declared that 1272 was the first year of the Great Yuan (Chinese: 大元) in the style of a traditional Chinese dynasty. The name of the dynasty originated from the I Ching and describes the ""origin of the universe"" or a ""primal force"".', ""Kublai's government faced financial difficulties after 1279. Wars and construction projects had drained the Mongol treasury. Efforts to raise and collect tax revenues were plagued by corruption and political scandals. Mishandled military expeditions followed the financial problems. Kublai's second invasion of Japan in 1281 failed because of an inauspicious typhoon. Kublai botched his campaigns against Annam, Champa, and Java, but won a Pyrrhic victory against Burma. The expeditions were hampered by disease, an inhospitable climate, and a tropical terrain unsuitable"", 'Möngke Khan commenced a military campaign against the Chinese Song dynasty in southern China. The Mongol force that invaded southern China was far greater than the force they sent to invade the Middle East in 1256. He died in 1259 without a successor. Kublai returned from fighting the Song in 1260 when he learned that his brother, Ariq Böke, was challenging his claim to the throne. Kublai convened a kurultai in Kaiping that elected him Great Khan. A rival kurultai in Mongolia proclaimed Ariq Böke Great Khan, beginning a']",The northeast border of Kublai's territory.,northeast,0.0,0.8330433690875724
What types of responsibilities might a pharmacy technician have?,"['A Pharmacy Technician in the UK is considered a health care professional and often does not work under the direct supervision of a pharmacist (if employed in a hospital pharmacy) but instead is supervised and managed by other senior pharmacy technicians. In the UK the role of a PhT has grown and responsibility has been passed on to them to manage the pharmacy department and specialised areas in pharmacy practice allowing pharmacists the time to specialise in their expert field as medication consultants spending more time working with patients and in research. A pharmacy technician once qualified has to register as a professional on the', ""The clinical pharmacist's role involves creating a comprehensive drug therapy plan for patient-specific problems, identifying goals of therapy, and reviewing all prescribed medications prior to dispensing and administration to the patient. The review process often involves an evaluation of the appropriateness of the drug therapy (e.g., drug choice, dose, route, frequency, and duration of therapy) and its efficacy. The pharmacist must also monitor for potential drug interactions, adverse drug reactions, and assess patient drug allergies while designing and initiating a drug therapy plan."", 'Pharmacists are healthcare professionals with specialised education and training who perform various roles to ensure optimal health outcomes for their patients through the quality use of medicines. Pharmacists may also be small-business proprietors, owning the pharmacy in which they practice. Since pharmacists know about the mode of action of a particular drug, and its metabolism and physiological effects on the human body in great detail, they play an important role in optimisation of a drug treatment for an individual.', ""In most countries, the dispensary is subject to pharmacy legislation; with requirements for storage conditions, compulsory texts, equipment, etc., specified in legislation. Where it was once the case that pharmacists stayed within the dispensary compounding/dispensing medications, there has been an increasing trend towards the use of trained pharmacy technicians while the pharmacist spends more time communicating with patients. Pharmacy technicians are now more dependent upon automation to assist them in their new role dealing with patients' prescriptions and patient safety issues."", 'Pharmacy informatics is the combination of pharmacy practice science and applied information science. Pharmacy informaticists work in many practice areas of pharmacy, however, they may also work in information technology departments or for healthcare information technology vendor companies. As a practice area and specialist domain, pharmacy informatics is growing quickly to meet the needs of major national and international patient information projects and health system interoperability goals. Pharmacists in this area are trained to participate in medication management system development, deployment and optimization.']","A pharmacy technician in the UK may be responsible for managing the pharmacy department and specialized areas in pharmacy practice, supervising and managing other senior pharmacy technicians, and assisting with patient prescriptions and safety issues. They may also be involved in the use of automation to support their role.",manage the pharmacy department and specialised areas in pharmacy practice,1.0,0.9063169766654946
What set is a seat added to after being allocated?,"[""The total number of seats in the Parliament are allocated to parties proportionally to the number of votes received in the second vote of the ballot using the d'Hondt method. For example, to determine who is awarded the first list seat, the number of list votes cast for each party is divided by one plus the number of seats the party won in the region (at this point just constituency seats). The party with the highest quotient is awarded the seat, which is then added to its constituency seats in allocating the second seat. This is repeated iteratively until all"", 'such that one is properly included in the other. Having deduced such proper set inclusions, we can proceed to make quantitative statements about how much more additional time or space is needed in order to increase the number of problems that can be solved.', 'available list seats are allocated.', '1960s. In 1986 the Lady Abingdon collection of French Empire furniture was bequeathed by Mrs T. R. P. Hole.', ""In the immediate post-war years there was little money available for other than essential repairs. The 1950s and early 1960s saw little in the way of building work; the first major work was the creation of new storage space for books in the Art Library in 1966 and 1967. This involved flooring over Aston Webb's main hall to form the book stacks, with a new medieval gallery on the ground floor (now the shop, opened in 2006). Then the lower ground-floor galleries in the south-west part of the museum were redesigned, opening in 1978 to form the new galleries""]",The seat is added to the party's constituency seats.,constituency seats,1.0,0.6476866673223262
What halftime performer previously headlined Super Bowl XLVIII?,"['In late November 2015, reports surfaced stating that ""multiple acts"" would perform during the halftime show. On December 3, the league confirmed that the show would be headlined by the British rock group Coldplay. On January 7, 2016, Pepsi confirmed to the Associated Press that Beyoncé, who headlined the Super Bowl XLVII halftime show and collaborated with Coldplay on the single ""Hymn for the Weekend"", would be making an appearance. Bruno Mars, who headlined the Super Bowl XLVIII halftime show, and Mark Ronson also performed.', 'CBS broadcast Super Bowl 50 in the U.S., and charged an average of $5 million for a 30-second commercial during the game. The Super Bowl 50 halftime show was headlined by the British rock group Coldplay with special guest performers Beyoncé and Bruno Mars, who headlined the Super Bowl XLVII and Super Bowl XLVIII halftime shows, respectively. It was the third-most watched U.S. broadcast ever.', 'In honor of the 50th Super Bowl, the pregame ceremony featured the on-field introduction of 39 of the 43 previous Super Bowl Most Valuable Players. Bart Starr (MVP of Super Bowls I and II) and Chuck Howley (MVP of Super Bowl V) appeared via video, while Peyton Manning (MVP of Super Bowl XLI and current Broncos quarterback) was shown in the locker room preparing for the game. No plans were announced regarding the recognition of Harvey Martin, co-MVP of Super Bowl XII, who died in 2001.', ""The league announced on October 16, 2012, that the two finalists were Sun Life Stadium and Levi's Stadium. The South Florida/Miami area has previously hosted the event 10 times (tied for most with New Orleans), with the most recent one being Super Bowl XLIV in 2010. The San Francisco Bay Area last hosted in 1985 (Super Bowl XIX), held at Stanford Stadium in Stanford, California, won by the home team 49ers. The Miami bid depended on whether the stadium underwent renovations. However, on May 3, 2013, the Florida legislature refused to approve the funding"", 'Super Bowl 50 was an American football game to determine the champion of the National Football League (NFL) for the 2015 season. The American Football Conference (AFC) champion Denver Broncos defeated the National Football Conference (NFC) champion Carolina Panthers 24–10 to earn their third Super Bowl title. The game was played on February 7, 2016, at Levi\'s Stadium in the San Francisco Bay Area at Santa Clara, California. As this was the 50th Super Bowl, the league emphasized the ""golden anniversary"" with various gold-themed initiatives, as well as temporarily suspending the tradition of naming each']",Bruno Mars,Bruno Mars,0.5,0.4540221356836889
How to Baptized Members become Professing Members?,"['The United Methodist Church (UMC) practices infant and adult baptism. Baptized Members are those who have been baptized as an infant or child, but who have not subsequently professed their own faith. These Baptized Members become Professing Members through confirmation and sometimes the profession of faith. Individuals who were not previously baptized are baptized as part of their profession of faith and thus become Professing Members in this manner. Individuals may also become a Professing Member through transfer from another Christian denomination.', 'Unlike confirmation and profession of faith, Baptism is a sacrament in the UMC. The Book of Discipline of the United Methodist Church directs the local church to offer membership preparation or confirmation classes to all people, including adults. The term confirmation is generally reserved for youth, while some variation on membership class is generally used for adults wishing to join the church. The Book of Discipline normally allows any youth at least completing sixth grade to participate, although the pastor has discretionary authority to allow a younger person to participate. In confirmation and membership preparation classes, students learn about Church and the Methodist-Christian theological', 'course for lay servant. Each year they must reapply, reporting how they have served and continued to learn during that year. To be recognized as certified lay servant, they must be recommended by their pastor and Church Council or Charge Conference, complete the basic course and one advanced lay servant course, and be interviewed by the District or Conference Committee on Lay Speaking. They must report and reapply annually; and they must complete at least one advanced course every three years.', ""liturgists, educators, business administrators, and a number of other areas. Elders and deacons are required to obtain a master's degree (generally an M.Div.), or another equivalent degree, before commissioning and then ultimately ordination. Elders in full connection are each a member of their Annual Conference Order of Elders. Likewise each deacon in full connection is a member of their Annual Conference Order of Deacons."", 'believers must be connected as it is the only institution wherein the Word of God is preached and the Sacraments are administered.']",Baptized Members become Professing Members through confirmation and sometimes the profession of faith.,confirmation and sometimes the profession of faith,1.0,0.9616264164004115
In how many places is oxygen stored in its cycle?,"['enters the building. Oxygen is also stored and shipped in smaller cylinders containing the compressed gas; a form that is useful in certain portable medical applications and oxy-fuel welding and cutting.', 'Oxygen storage methods include high pressure oxygen tanks, cryogenics and chemical compounds. For reasons of economy, oxygen is often transported in bulk as a liquid in specially insulated tankers, since one liter of liquefied oxygen is equivalent to 840 liters of gaseous oxygen at atmospheric pressure and 20 °C (68 °F). Such tankers are used to refill bulk liquid oxygen storage containers, which stand outside hospitals and other institutions with a need for large volumes of pure oxygen gas. Liquid oxygen is passed through heat exchangers, which convert the cryogenic liquid into gas before it', ""The unusually high concentration of oxygen gas on Earth is the result of the oxygen cycle. This biogeochemical cycle describes the movement of oxygen within and between its three main reservoirs on Earth: the atmosphere, the biosphere, and the lithosphere. The main driving factor of the oxygen cycle is photosynthesis, which is responsible for modern Earth's atmosphere. Photosynthesis releases oxygen into the atmosphere, while respiration and decay remove it from the atmosphere. In the present equilibrium, production and consumption occur at the same rate of roughly 1/2000th of the"", ""The common allotrope of elemental oxygen on Earth is called dioxygen, O\n2. It is the form that is a major part of the Earth's atmosphere (see Occurrence). O2 has a bond length of 121 pm and a bond energy of 498 kJ·mol−1, which is smaller than the energy of other double bonds or pairs of single bonds in the biosphere and responsible for the exothermic reaction of O2 with any organic molecule. Due to its energy content, O2 is used by complex forms of life, such"", ""Oxygen is the most abundant chemical element by mass in the Earth's biosphere, air, sea and land. Oxygen is the third most abundant chemical element in the universe, after hydrogen and helium. About 0.9% of the Sun's mass is oxygen. Oxygen constitutes 49.2% of the Earth's crust by mass and is the major component of the world's oceans (88.8% by mass). Oxygen gas is the second most common component of the Earth's atmosphere, taking up 20.8% of its volume and 23.1%""]",Three,three,0.0,0.5079079916422053
What type of hypersensitivity is associated with allergies?,"[""Hypersensitivity is an immune response that damages the body's own tissues. They are divided into four classes (Type I – IV) based on the mechanisms involved and the time course of the hypersensitive reaction. Type I hypersensitivity is an immediate or anaphylactic reaction, often associated with allergy. Symptoms can range from mild discomfort to death. Type I hypersensitivity is mediated by IgE, which triggers degranulation of mast cells and basophils when cross-linked by antigen. Type II hypersensitivity occurs"", ""when antibodies bind to antigens on the patient's own cells, marking them for destruction. This is also called antibody-dependent (or cytotoxic) hypersensitivity, and is mediated by IgG and IgM antibodies. Immune complexes (aggregations of antigens, complement proteins, and IgG and IgM antibodies) deposited in various tissues trigger Type III hypersensitivity reactions. Type IV hypersensitivity (also known as cell-mediated or delayed type hypersensitivity) usually takes between two and three days to develop. Type IV reactions"", 'are involved in many autoimmune and infectious diseases, but may also involve contact dermatitis (poison ivy). These reactions are mediated by T cells, monocytes, and macrophages.', 'Class I MHC molecules, while helper T cells and regulatory T cells only recognize antigens coupled to Class II MHC molecules. These two mechanisms of antigen presentation reflect the different roles of the two types of T cell. A third, minor subtype are the γδ T cells that recognize intact antigens that are not bound to MHC receptors.', ""Plants have two main immune responses—the hypersensitive response, in which infected cells seal themselves off and undergo programmed cell death, and systemic acquired resistance, where infected cells release signals warning the rest of the plant of a pathogen's presence. Chloroplasts stimulate both responses by purposely damaging their photosynthetic system, producing reactive oxygen species. High levels of reactive oxygen species will cause the hypersensitive response. The reactive oxygen species also directly kill any pathogens within the cell. Lower levels of reactive oxygen species initiate systemic acquired resistance, triggering defense-molecule""]",Type I hypersensitivity,Type I,1.0,0.7709591532802772
How many universities does Newcastle have?,"[""The city has two universities — Newcastle University and Northumbria University. Newcastle University has its origins in the School of Medicine and Surgery, established in 1834 and became independent from Durham University on 1 August 1963 to form the University of Newcastle upon Tyne. Newcastle University is now one of the UK's leading international universities. It won the coveted Sunday Times University of the Year award in 2000. Northumbria University has its origins in the Newcastle Polytechnic, established in 1969 and became the University of Northumbria at Newcastle in 1992 as part of the UK-wide process in which polytechnics"", ""There are eleven LEA-funded 11 to 18 schools and seven independent schools with sixth forms in Newcastle. There are a number of successful state schools, including Walker Technology College, Gosforth High School, Heaton Manor School, St Cuthbert's High School, St. Mary's Catholic Comprehensive School, Kenton School, George Stephenson High School, Sacred Heart and Benfield School. The largest co-ed independent school is the Royal Grammar School. The largest girls' independent school is Newcastle High School for Girls. Both schools are located on the same street in Jesmond. Newcastle"", ""School for Boys is the only independent boys' only school in the city and is situated in Gosforth. Newcastle College is the largest general further education college in the North East and is a beacon status college; there are two smaller colleges in the Newcastle area. St Cuthbert's High School and Sacred Heart are the two primary state-Catholic run high schools, and are both achieving results on par with the independent schools in Newcastle."", 'Newcastle upon Tyne (RP: i/ˌnjuːkɑːsəl əˌpɒn ˈtaɪn/; Locally: i/njuːˌkæsəl əˌpən ˈtaɪn/), commonly known as Newcastle, is a city in Tyne and Wear, North East England, 103 miles (166 km) south of Edinburgh and 277 miles (446 km) north of London on the northern bank of the River Tyne, 8.5 mi (13.7 km) from the North Sea. Newcastle is the most populous city in the North East and Tyneside the eighth most populous conurbation in the United Kingdom. Newcastle', ""According to the UK Government's returned 2001 census information, the city of Newcastle had a population of 189,863, whereas the metropolitan borough of Newcastle had a population of around 259,000. Newcastle has a population of 282,442 according to the Office for National Statistics. The metropolitan boroughs of North Tyneside (population circa 201,000), South Tyneside (population circa 148,000) and Gateshead (population circa 201,000) are, along with Newcastle, all part of the Tyneside conurbation (population circa 880,000). The metropolitan""]",Newcastle has two universities.,two,1.0,0.9876795315829098
Plants lack what kind of immune cells?,"['Unlike animals, plants lack phagocytic cells, but many plant immune responses involve systemic chemical signals that are sent through a plant. Individual plant cells respond to molecules associated with pathogens known as Pathogen-associated molecular patterns or PAMPs. When a part of a plant becomes infected, the plant produces a localized hypersensitive response, whereby cells at the site of infection undergo rapid apoptosis to prevent the spread of the disease to other parts of the plant. Systemic acquired resistance (SAR) is a type of defensive response used by plants that renders the entire plant resistant to', ""Plants have two main immune responses—the hypersensitive response, in which infected cells seal themselves off and undergo programmed cell death, and systemic acquired resistance, where infected cells release signals warning the rest of the plant of a pathogen's presence. Chloroplasts stimulate both responses by purposely damaging their photosynthetic system, producing reactive oxygen species. High levels of reactive oxygen species will cause the hypersensitive response. The reactive oxygen species also directly kill any pathogens within the cell. Lower levels of reactive oxygen species initiate systemic acquired resistance, triggering defense-molecule"", 'Natural killer cells, or NK cells, are a component of the innate immune system which does not directly attack invading microbes. Rather, NK cells destroy compromised host cells, such as tumor cells or virus-infected cells, recognizing such cells by a condition known as ""missing self."" This term describes cells with low levels of a cell-surface marker called MHC I (major histocompatibility complex) – a situation that can arise in viral infections of host cells. They were named ""natural killer"" because of the initial notion that they do not require activation in order to', 'Clearly, some tumors evade the immune system and go on to become cancers. Tumor cells often have a reduced number of MHC class I molecules on their surface, thus avoiding detection by killer T cells. Some tumor cells also release products that inhibit the immune response; for example by secreting the cytokine TGF-β, which suppresses the activity of macrophages and lymphocytes. In addition, immunological tolerance may develop against tumor antigens, so the immune system no longer attacks the tumor cells.', 'lack photosystem II, and only have photosystem I—the only protein complex needed for cyclic electron flow. Because the job of bundle sheath chloroplasts is to carry out the Calvin cycle and make sugar, they often contain large starch grains.']",Plants lack phagocytic cells.,phagocytic cells,1.0,0.7853857495823159
How old was Tesla when he became a citizen of the US?,"['On 30 July 1891, at the age of 35, Tesla became a naturalized citizen of the United States, and established his South Fifth Avenue laboratory, and later another at 46 E. Houston Street, in New York. He lit electric lamps wirelessly at both locations, demonstrating the potential of wireless power transmission. In the same year, he patented the Tesla coil.', 'On 24 March 1879, Tesla was returned to Gospić under police guard for not having a residence permit. On 17 April 1879, Milutin Tesla died at the age of 60 after contracting an unspecified illness (although some sources say that he died of a stroke). During that year, Tesla taught a large class of students in his old school, Higher Real Gymnasium, in Gospić.', 'Tesla gained experience in telephony and electrical engineering before emigrating to the United States in 1884 to work for Thomas Edison in New York City. He soon struck out on his own with financial backers, setting up laboratories and companies to develop a range of electrical devices. His patented AC induction motor and transformer were licensed by George Westinghouse, who also hired Tesla for a short time as a consultant. His work in the formative years of electric power development was involved in a corporate alternating current/direct current ""War of Currents"" as well as various patent battles.', 'On Tesla\'s 75th birthday in 1931, Time magazine put him on its cover. The cover caption ""All the world\'s his power house"" noted his contribution to electrical power generation. He received congratulatory letters from more than 70 pioneers in science and engineering, including Albert Einstein.', 'Tesla served as a vice president of the American Institute of Electrical Engineers, the forerunner (along with the Institute of Radio Engineers) of the modern-day IEEE, from 1892 to 1894.']",Tesla was 35 years old when he became a citizen of the United States.,35,1.0,0.972560676936832
Where did a bloody civil war break out?,"['The war was fought primarily along the frontiers between New France and the British colonies, from Virginia in the South to Nova Scotia in the North. It began with a dispute over control of the confluence of the Allegheny and Monongahela rivers, called the Forks of the Ohio, and the site of the French Fort Duquesne and present-day Pittsburgh, Pennsylvania. The dispute erupted into violence in the Battle of Jumonville Glen in May 1754, during which Virginia militiamen under the command of 22-year-old George Washington ambushed a French patrol.', 'During the American Civil War, Jacksonville was a key supply point for hogs and cattle being shipped from Florida to aid the Confederate cause. The city was blockaded by Union forces, who gained control of the nearby Fort Clinch. Though no battles were fought in Jacksonville proper, the city changed hands several times between Union and Confederate forces. The Skirmish of the Brick Church in 1862 just outside Jacksonville proper resulted in the first Confederate victory in Florida. In February 1864 Union forces left Jacksonville and confronted a Confederate Army at the Battle of Olustee resulting in a Confederate victory. Union forces then retreated to', 'the upper classes in general. Revolts broke out in Franconia, Swabia, and Thuringia in 1524, even drawing support from disaffected nobles, many of whom were in debt. Gaining momentum under the leadership of radicals such as Müntzer in Thuringia and Michael Gaismair in Tyrol, the revolts turned into war.', ""One of its earliest massive implementations was brought about by Egyptians against the British occupation in the 1919 Revolution. Civil disobedience is one of the many ways people have rebelled against what they deem to be unfair laws. It has been used in many nonviolent resistance movements in India (Gandhi's campaigns for independence from the British Empire), in Czechoslovakia's Velvet Revolution and in East Germany to oust their communist governments, In South Africa in the fight against apartheid, in the American Civil Rights Movement, in the Singing Revolution to bring independence to the Baltic countries from the Soviet"", 'At the outbreak of World War I in August 1914, the governors of British East Africa (as the Protectorate was generally known) and German East Africa agreed a truce in an attempt to keep the young colonies out of direct hostilities. Lt Col Paul von Lettow-Vorbeck took command of the German military forces, determined to tie down as many British resources as possible. Completely cut off from Germany, von Lettow conducted an effective guerrilla warfare campaign, living off the land, capturing British supplies, and remaining undefeated. He eventually surrendered in Northern Rhodesia (today Zambia) fourteen days after the']","The context provided does not contain specific information about a bloody civil war breaking out in a particular location. Therefore, I cannot provide an answer based on the given context.",Algeria,0.0,0.0
Who is elected to serve as the Presiding Officer at the beginning of each parliamentary session?,"['The Presiding Officer (or Deputy Presiding Officer) decides who speaks in chamber debates and the amount of time for which they are allowed to speak. Normally, the Presiding Officer tries to achieve a balance between different viewpoints and political parties when selecting members to speak. Typically, ministers or party leaders open debates, with opening speakers given between 5 and 20 minutes, and succeeding speakers allocated less time. The Presiding Officer can reduce speaking time if a large number of members wish to participate in the debate. Debate is more informal than in some parliamentary systems. Members may call each other directly by name, rather', 'After each election to the Scottish Parliament, at the beginning of each parliamentary session, Parliament elects one MSP to serve as Presiding Officer, the equivalent of the speaker (currently Tricia Marwick), and two MSPs to serve as deputies (currently Elaine Smith and John Scott). The Presiding Officer and deputies are elected by a secret ballot of the 129 MSPs, which is the only secret ballot conducted in the Scottish Parliament. Principally, the role of the Presiding Officer is to chair chamber proceedings and the Scottish Parliamentary Corporate Body. When chairing meetings of the Parliament, the Presiding Officer', 'As a member of the Scottish Parliamentary Corporate Body, the Presiding Officer is responsible for ensuring that the Parliament functions effectively and has the staff, property and resources it requires to operate. Convening the Parliamentary Bureau, which allocates time and sets the work agenda in the chamber, is another of the roles of the Presiding Officer. Under the Standing Orders of the Parliament the Bureau consists of the Presiding Officer and one representative from each political parties with five or more seats in the Parliament. Amongst the duties of the Bureau are to agree the timetable of business in the chamber, establish the number,', 'remit and membership of parliamentary committees and regulate the passage of legislation (bills) through the Parliament. The Presiding Officer also represents the Scottish Parliament at home and abroad in an official capacity.', 'and his/her deputies must be politically impartial. During debates, the Presiding Officer (or the deputy) is assisted by the parliamentary clerks, who give advice on how to interpret the standing orders that govern the proceedings of meetings. A vote clerk sits in front of the Presiding Officer and operates the electronic voting equipment and chamber clocks.']",Tricia Marwick,one MSP,1.0,0.476187786899195
Between what times does Good Morning America air on ABC?,"['Daytime programming is also provided from 11:00 a.m. to 3:00 p.m. weekdays (with a one-hour break at 12:00 p.m. Eastern/Pacific for stations to air newscasts, other locally produced programming such as talk shows, or syndicated programs) featuring the talk/lifestyle shows The View and The Chew and the soap opera General Hospital. ABC News programming includes Good Morning America from 7:00 to 9:00 a.m. weekdays (along with one-hour weekend editions); nightly editions of ABC World News Tonight (whose weekend', 'updates were featured at the top and bottom of each hour. Discovering that their formats seemed to appeal to their viewers, the network became the first to adopt them for a new national morning show, Good Morning America, which debuted on November 3, 1975.', ""ABC's daytime schedule currently features talk shows The View and The Chew, and the soap opera General Hospital, the latter of which is the longest-running entertainment program in the history of the ABC television network, having aired since 1963. ABC also broadcasts the morning news program Good Morning America and has done so since 1975, though that program is not considered to be part of the ABC Daytime block. In addition to the long-running All My Children (1970–2011) and One Life to Live (1968–2012), notable past soap operas seen on the daytime lineup include"", 'WCVB-TV premiered morning show Good Day!. First premiering in 1973 as Good Morning!, it was groundbreaking for being entirely produced on the road and broadcasting from locations outside of the Boston area. Also, in the summer of 1975, ABC discovered that its Cleveland affiliate WEWS-TV was producing its own morning program The Morning Exchange, which debuted in 1972 and was now locally pre-empting AM America; it was the first morning show to utilize a set modeled after a living room, and established a concept now commonplace among network morning shows in which news and weather', 'ABC also owns the Times Square Studios at 1500 Broadway on land in Times Square owned by a development fund for the 42nd Street Project; opened in 1999, Good Morning America and Nightline are broadcast from this particular facility. ABC News has premises a little further on West 66th Street, in a six-story building occupying a 196 feet (60 m) × 379 feet (116 m) plot at 121–135 West End Avenue. The block of West End Avenue housing the ABC News building was renamed Peter Jennings Way in 2006 in honor of the recently deceased longtime ABC News chief anchor and']",Good Morning America airs on ABC from 7:00 to 9:00 a.m. weekdays.,7:00 to 9:00 a.m. weekdays,1.0,0.8910423925864427
What did Shrewsbury note about the plague?,"['The plague theory was first significantly challenged by the work of British bacteriologist J. F. D. Shrewsbury in 1970, who noted that the reported rates of mortality in rural areas during the 14th-century pandemic were inconsistent with the modern bubonic plague, leading him to conclude that contemporary accounts were exaggerations. In 1984 zoologist Graham Twigg produced the first major work to challenge the bubonic plague theory directly, and his doubts about the identity of the Black Death have been taken up by a number of authors, including Samuel K. Cohn,', 'The historian Francis Aidan Gasquet wrote about the \'Great Pestilence\' in 1893 and suggested that ""it would appear to be some form of the ordinary Eastern or bubonic plague"". He was able to adopt the epidemiology of the bubonic plague for the Black Death for the second edition in 1908, implicating rats and fleas in the process, and his interpretation was widely accepted for other ancient and medieval epidemics, such as the Justinian plague that was prevalent in the Eastern Roman Empire from 541 to 700 CE.', 'It is recognised that an epidemiological account of the plague is as important as an identification of symptoms, but researchers are hampered by the lack of reliable statistics from this period. Most work has been done on the spread of the plague in England, and even estimates of overall population at the start vary by over 100% as no census was undertaken between the time of publication of the Domesday Book and the year 1377. Estimates of plague victims are usually extrapolated from figures from the clergy.', 'years, eventually reaching England in the spring of 1349, where it spread through the country in three epidemics. Surveys of plague pit remains from the Dutch town of Bergen op Zoom showed the Y. pestis genotype responsible for the pandemic that spread through the Low Countries from 1350 differed from that found in Britain and France, implying Bergen op Zoom (and possibly other parts of the southern Netherlands) was not directly infected from England or France in 1349 and suggesting a second wave of plague, different from those in Britain and France, may have been carried to the Low', 'as much as 10–15% of the population, while the death rate of the plague of 1479–80 could have been as high as 20%. The most general outbreaks in Tudor and Stuart England seem to have begun in 1498, 1535, 1543, 1563, 1589, 1603, 1625, and 1636, and ended with the Great Plague of London in 1665.']","Shrewsbury noted that the reported rates of mortality in rural areas during the 14th-century pandemic were inconsistent with the modern bubonic plague, leading him to conclude that contemporary accounts were exaggerations.",rates of mortality in rural areas during the 14th-century pandemic were inconsistent with the modern bubonic plague,1.0,0.7513209511578691
Which authority figure is designated to schedule and set the work of the EU?,"['to propose legislation. During the ordinary legislative procedure, the Council (which are ministers from member state governments) and the European Parliament (elected by citizens) can make amendments and must give their consent for laws to pass. The Commission oversees departments and various agencies that execute or enforce EU law. The ""European Council"" (rather than the Council, made up of different government Ministers) is composed of the Prime Ministers or executive Presidents of the member states. It appoints the Commissioners and the board of the European Central Bank. The European Court of Justice is the supreme judicial body which interprets EU', 'states, including the President and the High Representative for Foreign and Security Policy (currently Federica Mogherini). The Commissioners (and most importantly, the portfolios they will hold) are bargained over intensively by the member states. The Commissioners, as a block, are then subject to a qualified majority vote of the Council to approve, and majority approval of the Parliament. The proposal to make the Commissioners be drawn from the elected Parliament, was not adopted in the Treaty of Lisbon. This means Commissioners are, through the appointment process, the unelected subordinates of', 'many legislative initiatives"". The Parliament can also formally request the Commission to submit a legislative proposal but the Commission can reject such a suggestion, giving reasons. The Commission\'s President (currently an ex-Luxembourg Prime Minister, Jean-Claude Juncker) sets the agenda for the EU\'s work. Decisions are taken by a simple majority vote, usually through a ""written procedure"" of circulating the proposals and adopting if there are no objections.[citation needed] Since Ireland refused to consent to changes in the Treaty of Lisbon 2007, there remains one Commissioner for each of the 28 member', 'The European Commission is the main executive body of the European Union. Article 17(1) of the Treaty on European Union states the Commission should ""promote the general interest of the Union"" while Article 17(3) adds that Commissioners should be ""completely independent"" and not ""take instructions from any Government"". Under article 17(2), ""Union legislative acts may only be adopted on the basis of a Commission proposal, except where the Treaties provide otherwise."" This means that the Commission has a monopoly on initiating the legislative procedure, although the Council is the ""de facto catalyst of', 'procedure. The EU as a whole can only act within its power set out in the Treaties. TEU articles 4 and 5 state that powers remain with the member states unless they have been conferred, although there is a debate about the Kompetenz-Kompetenz question: who ultimately has the ""competence"" to define the EU\'s ""competence"". Many member state courts believe they decide, other member state Parliaments believe they decide, while within the EU, the Court of Justice believes it has the final say.']","The Commission's President, currently Jean-Claude Juncker, is designated to schedule and set the work of the EU.",The Commission's President,1.0,0.9281041761050345
What is the longest time that a teaching certificate is good for?,"[""In the United States, each state determines the requirements for getting a license to teach in public schools. Teaching certification generally lasts three years, but teachers can receive certificates that last as long as ten years. Public school teachers are required to have a bachelor's degree and the majority must be certified by the state in which they teach. Many charter schools do not require that their teachers be certified, provided they meet the standards to be highly qualified as set by No Child Left Behind. Additionally, the requirements for substitute/temporary teachers are generally not as rigorous as those for full-time professionals."", 'There are many similarities and differences among teachers around the world. In almost all countries teachers are educated in a university or college. Governments may require certification by a recognized body before they can teach in a school. In many countries, elementary school education certificate is earned after completion of high school. The high school student follows an education specialty track, obtain the prerequisite ""student-teaching"" time, and receive a special diploma to begin teaching after graduation. In addition to certification, many educational institutions especially within the US, require that prospective teachers pass a background check and psychiatric evaluation to be able', 'In Scotland, anyone wishing to teach must be registered with the General Teaching Council for Scotland (GTCS). Teaching in Scotland is an all graduate profession and the normal route for graduates wishing to teach is to complete a programme of Initial Teacher Education (ITE) at one of the seven Scottish Universities who offer these courses. Once successfully completed, ""Provisional Registration"" is given by the GTCS which is raised to ""Full Registration"" status after a year if there is sufficient evidence to show that the ""Standard for Full Registration"" has been met.', 'Many counties offer alternative licensing programs to attract people into teaching, especially for hard-to-fill positions. Excellent job opportunities are expected as retirements, especially among secondary school teachers, outweigh slowing enrollment growth; opportunities will vary by geographic area and subject taught.[citation needed]', 'to teach in classroom. This is not always the case with adult further learning institutions but is fast becoming the norm in many countries as security concerns grow.']",Ten years,ten years,1.0,0.5192086361644433
imperialism often divides countries by using which technique?,"['Imperialism is defined as ""A policy of extending a country’s power and influence through diplomacy or military force."" Imperialism is particularly focused on the control that one group, often a state power, has on another group of people. This is often through various forms of ""othering"" (see other) based on racial, religious, or cultural stereotypes. There are ""formal"" or ""informal"" imperialisms. ""Formal imperialism"" is defined as ""physical control or full-fledged colonial rule"". ""Informal imperialism"" is less direct; however, it is still a powerful', 'Imperialism is a type of advocacy of empire. Its name originated from the Latin word ""imperium"", which means to rule over large territories. Imperialism is ""a policy of extending a country\'s power and influence through colonization, use of military force, or other means"". Imperialism has greatly shaped the contemporary world. It has also allowed for the rapid spread of technologies and ideas. The term imperialism has been applied to Western (and Japanese) political and economic dominance especially in Asia and Africa in the 19th and 20th centuries. Its precise meaning continues to be debated by scholars. Some', 'The term ""imperialism"" is often conflated with ""colonialism"", however many scholars have argued that each have their own distinct definition. Imperialism and colonialism have been used in order to describe one\'s superiority, domination and influence upon a person or group of people. Robert Young writes that while imperialism operates from the center, is a state policy and is developed for ideological as well as financial reasons, colonialism is simply the development for settlement or commercial intentions. Colonialism in modern usage also tends to imply a degree of geographic separation between the colony and the imperial power.', 'Particularly, Edward Said distinguishes the difference between imperialism and colonialism by stating; ""imperialism involved \'the practice, the theory and the attitudes of a dominating metropolitan center ruling a distant territory\', while colonialism refers to the \'implanting of settlements on a distant territory.\' Contiguous land empires such as the Russian or Ottoman are generally excluded from discussions of colonialism.:116 Thus it can be said that imperialism includes some form of colonialism, but colonialism itself does not automatically imply imperialism, as it lacks a political focus.[further explanation needed]', 'The Age of Imperialism, a time period beginning around 1700, saw (generally European) industrializing nations engaging in the process of colonizing, influencing, and annexing other parts of the world in order to gain political power.[citation needed] Although imperialist practices have existed for thousands of years, the term ""Age of Imperialism"" generally refers to the activities of European powers from the early 18th century through to the middle of the 20th century, for example, the ""The Great Game"" in Persian lands, the ""Scramble for Africa"" and the ""Open Door Policy"" in']","Othering based on racial, religious, or cultural stereotypes.",othering,1.0,0.48237715284782445
What programs are broadcast from the Times Square Studios for ABC?,"['ABC also owns the Times Square Studios at 1500 Broadway on land in Times Square owned by a development fund for the 42nd Street Project; opened in 1999, Good Morning America and Nightline are broadcast from this particular facility. ABC News has premises a little further on West 66th Street, in a six-story building occupying a 196 feet (60 m) × 379 feet (116 m) plot at 121–135 West End Avenue. The block of West End Avenue housing the ABC News building was renamed Peter Jennings Way in 2006 in honor of the recently deceased longtime ABC News chief anchor and', 'The American Broadcasting Company (ABC) (stylized in its logo as abc since 1957) is an American commercial broadcast television network that is owned by the Disney–ABC Television Group, a subsidiary of Disney Media Networks division of The Walt Disney Company. The network is part of the Big Three television networks. The network is headquartered on Columbus Avenue and West 66th Street in Manhattan, with additional major offices and production facilities in New York City, Los Angeles and Burbank, California.', ""All of ABC's owned-and-operated stations and affiliates have had their own facilities and studios, but transverse entities have been created to produce national programming. As a result, television series were produced by ABC Circle Films beginning in 1962 and by Touchstone Television beginning in 1985, before Touchstone was reorganized as ABC Studios in February 2007. Since the 1950s, ABC has had two main production facilities: the ABC Television Center (now The Prospect Studios) on Prospect Avenue in Hollywood, California, shared with the operations of KABC-TV until 1999; and the ABC Television Center,"", ""ABC's daytime schedule currently features talk shows The View and The Chew, and the soap opera General Hospital, the latter of which is the longest-running entertainment program in the history of the ABC television network, having aired since 1963. ABC also broadcasts the morning news program Good Morning America and has done so since 1975, though that program is not considered to be part of the ABC Daytime block. In addition to the long-running All My Children (1970–2011) and One Life to Live (1968–2012), notable past soap operas seen on the daytime lineup include"", 'Daytime programming is also provided from 11:00 a.m. to 3:00 p.m. weekdays (with a one-hour break at 12:00 p.m. Eastern/Pacific for stations to air newscasts, other locally produced programming such as talk shows, or syndicated programs) featuring the talk/lifestyle shows The View and The Chew and the soap opera General Hospital. ABC News programming includes Good Morning America from 7:00 to 9:00 a.m. weekdays (along with one-hour weekend editions); nightly editions of ABC World News Tonight (whose weekend']",Good Morning America and Nightline,Good Morning America and Nightline,0.5,0.6613550095472647
From which period did the objects in the Soulages collection come from?,"['The Soulages collection of Italian and French Renaissance objects was acquired between 1859 and 1865, and includes several cassone. The John Jones Collection of French 18th-century art and furnishings was left to the museum in 1882, then valued at £250,000. One of the most important pieces in this collection is a marquetry commode by the ébéniste Jean Henri Riesener dated c1780. Other signed pieces of furniture in the collection include a bureau by Jean-François Oeben, a pair of pedestals with inlaid brass work by André Charles', 'The jewellery collection, containing over 6000 items is one of the finest and most comprehensive collections of jewellery in the world and includes works dating from Ancient Egypt to the present day, as well as jewellery designs on paper. The museum owns pieces by renowned jewelers Cartier, Jean Schlumberger, Peter Carl Fabergé, Hemmerle and Lalique. Other items in the collection include diamond dress ornaments made for Catherine the Great, bracelet clasps once belonging to Marie Antoinette, and the Beauharnais emerald necklace presented by Napoleon to his adopted daughter Hortense de Beauharnais in', 'The Toshiba gallery of Japanese art opened in December 1986. The majority of exhibits date from 1550 to 1900, but one of the oldest pieces displayed is the 13th-century sculpture of Amida Nyorai. Examples of classic Japanese armour from the mid-19th century, steel sword blades (Katana), Inrō, lacquerware including the Mazarin Chest dated c1640 is one of the finest surviving pieces from Kyoto, porcelain including Imari, Netsuke, woodblock prints including the work of Ando Hiroshige, graphic works include printed books, as', 'The sculpture collection at the V&A is the most comprehensive holding of post-classical European sculpture in the world. There are approximately 22,000 objects in the collection that cover the period from about 400 AD to 1914. This covers among other periods Byzantine and Anglo Saxon ivory sculptures, British, French and Spanish medieval statues and carvings, the Renaissance, Baroque, Neo-Classical, Victorian and Art Nouveau periods. All uses of sculpture are represented, from tomb and memorial, to portrait, allegorical, religious, mythical, statues for gardens including fountains, as well as architectural decorations. Materials used', ""One of the rarest items in the collection is the 58 cm high Gloucester Candlestick, dated to c1110, made from gilt bronze; with highly elaborate and intricate intertwining branches containing small figures and inscriptions, it is a tour de force of bronze casting. Also of importance is the Becket Casket dated c1180 to contain relics of St Thomas Becket, made from gilt copper, with enamelled scenes of the saint's martyrdom. Another highlight is the 1351 Reichenau Crozier. The Burghley Nef, a""]",Italian and French Renaissance,Italian and French Renaissance,0.0,0.5349653153384032
What rules does the IPCC have to follow?,"['The IPCC does not carry out research nor does it monitor climate related data. Lead authors of IPCC reports assess the available information about climate change based on published sources. According to IPCC guidelines, authors should give priority to peer-reviewed sources. Authors may refer to non-peer-reviewed sources (the ""grey literature""), provided that they are of sufficient quality. Examples of non-peer-reviewed sources include model results, reports from government agencies and non-governmental organizations, and industry journals. Each subsequent IPCC report notes areas where the science has improved since the previous', ""Since the IPCC does not carry out its own research, it operates on the basis of scientific papers and independently documented results from other scientific bodies, and its schedule for producing reports requires a deadline for submissions prior to the report's final release. In principle, this means that any significant new evidence or events that change our understanding of climate science between this deadline and publication of an IPCC report cannot be included. In an area of science where our scientific understanding is rapidly changing, this has been raised as a serious shortcoming in a body which is widely regarded as the ultimate authority on the"", 'The Intergovernmental Panel on Climate Change (IPCC) is a scientific intergovernmental body under the auspices of the United Nations, set up at the request of member governments. It was first established in 1988 by two United Nations organizations, the World Meteorological Organization (WMO) and the United Nations Environment Programme (UNEP), and later endorsed by the United Nations General Assembly through Resolution 43/53. Membership of the IPCC is open to all members of the WMO and UNEP. The IPCC produces reports that support the United Nations Framework Convention on Climate Change', 'The IPCC Panel is composed of representatives appointed by governments and organizations. Participation of delegates with appropriate expertise is encouraged. Plenary sessions of the IPCC and IPCC Working groups are held at the level of government representatives. Non Governmental and Intergovernmental Organizations may be allowed to attend as observers. Sessions of the IPCC Bureau, workshops, expert and lead authors meetings are by invitation only. Attendance at the 2003 meeting included 350 government officials and climate change experts. After the opening ceremonies, closed plenary sessions were held. The meeting report states there were 322 persons in attendance at Sessions', 'The IPCC process on climate change and its efficiency and success has been compared with dealings with other environmental challenges (compare Ozone depletion and global warming). In case of the Ozone depletion global regulation based on the Montreal Protocol has been successful, in case of Climate Change, the Kyoto Protocol failed. The Ozone case was used to assess the efficiency of the IPCC process. The lockstep situation of the IPCC is having built a broad science consensus while states and governments still follow different, if not opposing goals. The underlying linear model of policy-making of more knowledge']","The IPCC must assess available information about climate change based on published sources, giving priority to peer-reviewed sources. Authors may refer to non-peer-reviewed sources if they are of sufficient quality. The IPCC operates on the basis of scientific papers and independently documented results from other scientific bodies, with a deadline for submissions prior to the report's final release, meaning significant new evidence or events that change our understanding of climate science between this deadline and publication cannot be included. The IPCC also produces reports that support the United Nations Framework Convention on Climate Change.",the Financial Regulations and Rules of the WMO,1.0,0.6906705153141969
What does the IPCC not do?,"['The IPCC does not carry out research nor does it monitor climate related data. Lead authors of IPCC reports assess the available information about climate change based on published sources. According to IPCC guidelines, authors should give priority to peer-reviewed sources. Authors may refer to non-peer-reviewed sources (the ""grey literature""), provided that they are of sufficient quality. Examples of non-peer-reviewed sources include model results, reports from government agencies and non-governmental organizations, and industry journals. Each subsequent IPCC report notes areas where the science has improved since the previous', ""Since the IPCC does not carry out its own research, it operates on the basis of scientific papers and independently documented results from other scientific bodies, and its schedule for producing reports requires a deadline for submissions prior to the report's final release. In principle, this means that any significant new evidence or events that change our understanding of climate science between this deadline and publication of an IPCC report cannot be included. In an area of science where our scientific understanding is rapidly changing, this has been raised as a serious shortcoming in a body which is widely regarded as the ultimate authority on the"", 'The IPCC process on climate change and its efficiency and success has been compared with dealings with other environmental challenges (compare Ozone depletion and global warming). In case of the Ozone depletion global regulation based on the Montreal Protocol has been successful, in case of Climate Change, the Kyoto Protocol failed. The Ozone case was used to assess the efficiency of the IPCC process. The lockstep situation of the IPCC is having built a broad science consensus while states and governments still follow different, if not opposing goals. The underlying linear model of policy-making of more knowledge', 'The IPCC concentrates its activities on the tasks allotted to it by the relevant WMO Executive Council and UNEP Governing Council resolutions and decisions as well as on actions in support of the UNFCCC process. While the preparation of the assessment reports is a major IPCC function, it also supports other activities, such as the Data Distribution Centre and the National Greenhouse Gas Inventories Programme, required under the UNFCCC. This involves publishing default emission factors, which are factors used to derive emissions estimates based on the levels of fuel consumption, industrial production and so on.', 'Protocol, varying regional cost-benefit analysis and burden-sharing conflicts with regard to the distribution of emission reductions remain an unsolved problem. In the UK, a report for a House of Lords committee asked to urge the IPCC to involve better assessments of costs and benefits of climate change but the Stern Review ordered by the UK government made a stronger argument in favor to combat human-made climate change.']",The IPCC does not carry out research nor does it monitor climate-related data.,does not carry out research nor does it monitor climate related data,1.0,0.7084103118820669
What work of Luther's is seen as a clear religious teaching?,"[""Luther came to understand justification as entirely the work of God. This teaching by Luther was clearly expressed in his 1525 publication On the Bondage of the Will, which was written in response to On Free Will by Desiderius Erasmus (1524). Luther based his position on predestination on St. Paul's epistle to the Ephesians 2:8–10. Against the teaching of his day that the righteous acts of believers are performed in cooperation with God, Luther wrote that Christians receive such righteousness entirely from outside themselves; that righteousness not only comes"", 'The catechism is one of Luther\'s most personal works. ""Regarding the plan to collect my writings in volumes,"" he wrote, ""I am quite cool and not at all eager about it because, roused by a Saturnian hunger, I would rather see them all devoured. For I acknowledge none of them to be really a book of mine, except perhaps the Bondage of the Will and the Catechism."" The Small Catechism has earned a reputation as a model of clear religious teaching. It remains in use today, along with Luther\'s', ""Luther's work on Biblical Criticism stresses the need for external coherence in the right exegetical method. This means that for Luther it is more important that the Bible is reasonable according to the reality outside of the scriptures than that the Bible makes sense to itself, that it has internal coherence. The right tool for understanding the world outside of the Bible for Luther is none other than reason, which for him is the field of science, philosophy, history and empirical observation. Here a different picture is presented of a Luther who deeply valued both faith and reason, and held them"", ""Luther taught that salvation and subsequently eternal life is not earned by good deeds but is received only as a free gift of God's grace through faith in Jesus Christ as redeemer from sin. His theology challenged the authority and office of the Pope by teaching that the Bible is the only source of divinely revealed knowledge from God and opposed sacerdotalism by considering all baptized Christians to be a holy priesthood. Those who identify with these, and all of Luther's wider teachings, are called Lutherans even though Luther insisted on Christian or Evangelical as the only acceptable names for individuals"", ""From 1510 to 1520, Luther lectured on the Psalms, the books of Hebrews, Romans, and Galatians. As he studied these portions of the Bible, he came to view the use of terms such as penance and righteousness by the Catholic Church in new ways. He became convinced that the church was corrupt in its ways and had lost sight of what he saw as several of the central truths of Christianity. The most important for Luther was the doctrine of justification – God's act of declaring a sinner righteous – by faith alone through God's grace.""]",The Small Catechism,Small Catechism,1.0,0.5496602155389839
What work is useful for pastors?,"['Like other historic Christian churches, The United Methodist Church has official liturgies for services of Holy Communion, baptism, weddings, funerals, ordination, anointing of the sick and daily office prayer services. Some clergy offer healing services, while exorcism is an occasional practice by some clergy in The United Methodist Church in Africa. These services involve the laying on of hands and anointing with oil. Along with these, there are also special services for holy days such as All Saints Day, Ash Wednesday, Maundy Thursday, Good Friday, and Easter Vigil.', ""the pastoral appointment. Local Pastors are often bi-vocational, living out their ministerial call in the local church and in their field of employment. Full-time and part-time licensed local pastors under appointment are clergy and hold membership in the annual conference and not in the local church. A Local Pastor's official title is 'Licensed Local Pastor' and is appointed as clergy to the local church where they preach, conduct divine worship and perform the regular duties of a pastor. The licensed local pastor has the authority of a pastor only within the context and during the time of the"", 'Another position in the United Methodist Church is that of the lay servant. Although not considered clergy, lay speakers often preach during services of worship when an ordained elder, Local Pastor, Associate Member or deacon is unavailable. There are two categories of lay servants: local church lay servant, who serve in and through their local churches, and certified lay servants, who serve in their own churches, in other churches, and through district or conference projects and programs. To be recognized as local church lay servant, they must be recommended by their pastor and Church Council or Charge Conference, and complete the basic', 'Wesleyan theology stands at a unique cross-roads between evangelical and sacramental, between liturgical and charismatic, and between Anglo-Catholic and Reformed theology and practice. It has been characterized as Arminian theology with an emphasis on the work of the Holy Spirit to bring holiness into the life of the participating believer. The United Methodist Church believes in prima scriptura, seeing the Holy Bible as the primary authority in the Church and using sacred tradition, reason, and experience to interpret it, with the aid of the Holy Spirit (see Wesleyan Quadrilateral). Therefore, according to The Book of', 'Deacons are called by God, affirmed by the church, and ordained by a bishop to servant leadership within the church.They are ordained to ministries of word, service, compassion, and justice. They may be appointed to ministry within the local church or to an extension ministry that supports the mission of the church. Deacons give leadership, preach the Word, contribute in worship, conduct marriages, bury the dead, and aid the church in embodying its mission within the world. Deacons assist elders in the sacraments of Holy Communion and Baptism, and may be granted sacramental authority']","The context provided does not explicitly state what work is useful for pastors. Therefore, I don't know.",Larger Catechism,0.5,0.0
What should a Christian follow in his life?,"['On the other hand, Luther also points out that the Ten Commandments – when considered not as God\'s condemning judgment but as an expression of his eternal will, that is, of the natural law – also positively teach how the Christian ought to live. This has traditionally been called the ""third use of the law."" For Luther, also Christ\'s life, when understood as an example, is nothing more than an illustration of the Ten Commandments, which a Christian should follow in his or her vocations on a daily basis.', ""The Ten Commandments, and the beginnings of the renewed life of Christians accorded to them by the sacrament of baptism, are a present foreshadowing of the believers' future angel-like life in heaven in the midst of this life. Luther's teaching of the Ten Commandments, therefore, has clear eschatological overtones, which, characteristically for Luther, do not encourage world-flight but direct the Christian to service to the neighbor in the common, daily vocations of this perishing world."", 'that ""Governmental laws and regulations do not provide all the guidance required by the informed Christian conscience."" The Church emphasizes the need to be in supportive ministry with all women, regardless of their choice.', 'Luther dedicated himself to the Augustinian order, devoting himself to fasting, long hours in prayer, pilgrimage, and frequent confession. Luther described this period of his life as one of deep spiritual despair. He said, ""I lost touch with Christ the Savior and Comforter, and made of him the jailer and hangman of my poor soul."" Johann von Staupitz, his superior, pointed Luther\'s mind away from continual reflection upon his sins toward the merits of Christ. He taught that true repentance does not involve self-inflicted penances and', 'In this work, one of his most emphatic statements on faith, he argued that every good work designed to attract God\'s favor is a sin. All humans are sinners by nature, he explained, and God\'s grace (which cannot be earned) alone can make them just. On 1 August 1521, Luther wrote to Melanchthon on the same theme: ""Be a sinner, and let your sins be strong, but let your trust in Christ be stronger, and rejoice in Christ who is the victor over sin, death, and the']",A Christian should follow the Ten Commandments in his life.,Ten Commandments,1.0,0.9999999999997552
What type of committee is set down under the SP's standing orders?,"[""Committees comprise a small number of MSPs, with membership reflecting the balance of parties across Parliament. There are different committees with their functions set out in different ways. Mandatory Committees are committees which are set down under the Scottish Parliament's standing orders, which govern their remits and proceedings. The current Mandatory Committees in the fourth Session of the Scottish Parliament are: Public Audit; Equal Opportunities; European and External Relations; Finance; Public Petitions; Standards, Procedures and Public Appointments; and Delegated Powers and Law Reform."", 'As a member of the Scottish Parliamentary Corporate Body, the Presiding Officer is responsible for ensuring that the Parliament functions effectively and has the staff, property and resources it requires to operate. Convening the Parliamentary Bureau, which allocates time and sets the work agenda in the chamber, is another of the roles of the Presiding Officer. Under the Standing Orders of the Parliament the Bureau consists of the Presiding Officer and one representative from each political parties with five or more seats in the Parliament. Amongst the duties of the Bureau are to agree the timetable of business in the chamber, establish the number,', 'Each sitting day, normally at 5 pm, MSPs decide on all the motions and amendments that have been moved that day. This ""Decision Time"" is heralded by the sounding of the division bell, which is heard throughout the Parliamentary campus and alerts MSPs who are not in the chamber to return and vote. At Decision Time, the Presiding Officer puts questions on the motions and amendments by reading out the name of the motion or amendment as well as the proposer and asking ""Are we all agreed?"", to which the chamber first votes orally. If there is audible', 'Subject Committees are established at the beginning of each parliamentary session, and again the members on each committee reflect the balance of parties across Parliament. Typically each committee corresponds with one (or more) of the departments (or ministries) of the Scottish Government. The current Subject Committees in the fourth Session are: Economy, Energy and Tourism; Education and Culture; Health and Sport; Justice; Local Government and Regeneration; Rural Affairs, Climate Change and Environment; Welfare Reform; and Infrastructure and Capital Investment.', 'A further type of committee is normally set up to scrutinise private bills submitted to the Scottish Parliament by an outside party or promoter who is not a member of the Scottish Parliament or Scottish Government. Private bills normally relate to large-scale development projects such as infrastructure projects that require the use of land or property. Private Bill Committees have been set up to consider legislation on issues such as the development of the Edinburgh Tram Network, the Glasgow Airport Rail Link, the Airdrie-Bathgate Rail Link and extensions to the National Gallery of Scotland.']",Mandatory Committees,Mandatory,1.0,0.6869112283397678
When was the prime number theorem proven?,"[""After the Greeks, little happened with the study of prime numbers until the 17th century. In 1640 Pierre de Fermat stated (without proof) Fermat's little theorem (later proved by Leibniz and Euler). Fermat also conjectured that all numbers of the form 22n + 1 are prime (they are called Fermat numbers) and he verified this up to n = 4 (or 216 + 1). However, the very next Fermat number 232 + 1 is composite (one of its prime factors is 641), as"", 'There are infinitely many primes, as demonstrated by Euclid around 300 BC. There is no known simple formula that separates prime numbers from composite numbers. However, the distribution of primes, that is to say, the statistical behaviour of primes in the large, can be modelled. The first result in that direction is the prime number theorem, proven at the end of the 19th century, which says that the probability that a given, randomly chosen number n is prime is inversely proportional to its number of digits, or to the logarithm of n.', ""There are hints in the surviving records of the ancient Egyptians that they had some knowledge of prime numbers: the Egyptian fraction expansions in the Rhind papyrus, for instance, have quite different forms for primes and for composites. However, the earliest surviving records of the explicit study of prime numbers come from the Ancient Greeks. Euclid's Elements (circa 300 BC) contain important theorems about primes, including the infinitude of primes and the fundamental theorem of arithmetic. Euclid also showed how to construct a perfect number from a Mersenne"", ""In addition to the Riemann hypothesis, many more conjectures revolving about primes have been posed. Often having an elementary formulation, many of these conjectures have withstood a proof for decades: all four of Landau's problems from 1912 are still unsolved. One of them is Goldbach's conjecture, which asserts that every even integer n greater than 2 can be written as a sum of two primes. As of February 2011[update], this conjecture has been verified for all numbers up to n = 2 · 1017. Weaker statements than this have been"", ""Most early Greeks did not even consider 1 to be a number, so they could not consider it to be a prime. By the Middle Ages and Renaissance many mathematicians included 1 as the first prime number. In the mid-18th century Christian Goldbach listed 1 as the first prime in his famous correspondence with Leonhard Euler -- who did not agree. In the 19th century many mathematicians still considered the number 1 to be a prime. For example, Derrick Norman Lehmer's list of primes up to 10,006,721, reprinted as late as 1956,""]",At the end of the 19th century.,at the end of the 19th century,1.0,0.48962613466616833
"Though unkown, what are the most commonly ascribed attributes of L in relation to P","['Similarly, it is not known if L (the set of all problems that can be solved in logarithmic space) is strictly contained in P or equal to P. Again, there are many complexity classes between the two, such as NL and NC, and it is not known if they are distinct or equal classes.', 'Many known complexity classes are suspected to be unequal, but this has not been proved. For instance P ⊆ NP ⊆ PP ⊆ PSPACE, but it is possible that P = PSPACE. If P is not equal to NP, then P is not equal to PSPACE either. Since there are many known complexity classes between P and PSPACE, such as RP, BPP, PP, BQP, MA, PH, etc., it is possible that all these complexity classes collapse to one class. Proving that any of these classes are unequal would be a major', '1.2). This forms the basis for the complexity class P, which is the set of decision problems solvable by a deterministic Turing machine within polynomial time. The corresponding set of function problems is FP.', 'underrepresented, potentially introducing some bias in views of ""typical"" chloroplast DNA structure and content.', 'scientist or engineer who was also a poet, a philosopher, an appreciator of fine music, a linguist, and a connoisseur of food and drink."":80']","The most commonly ascribed attributes of L in relation to P are that it is not known if L is strictly contained in P or if they are equal. L is the set of all problems that can be solved in logarithmic space, and it is uncertain whether L is a subset of P (P = NP) or if they are the same class.",strictly contained in P or equal to P,0.6666666666666666,0.7395614845199566
Why is it important to precisely date rocks within the stratigraphic section? ,"['At the beginning of the 20th century, important advancement in geological science was facilitated by the ability to obtain accurate absolute dates to geologic events using radioactive isotopes and other methods. This changed the understanding of geologic time. Previously, geologists could only use fossils and stratigraphic correlation to date sections of rock relative to one another. With isotopic dates it became possible to assign absolute ages to rock units, and these absolute dates could be applied to fossil sequences in which there was datable material, converting the old relative ages into new absolute ages.', 'within a stratigraphic sequence can provide absolute age data for sedimentary rock units which do not contain radioactive isotopes and calibrate relative dating techniques. These methods can also be used to determine ages of pluton emplacement. Thermochemical techniques can be used to determine temperature profiles within the crust, the uplift of mountain ranges, and paleotopography.', 'In the laboratory, biostratigraphers analyze rock samples from outcrop and drill cores for the fossils found in them. These fossils help scientists to date the core and to understand the depositional environment in which the rock units formed. Geochronologists precisely date rocks within the stratigraphic section in order to provide better absolute bounds on the timing and rates of deposition. Magnetic stratigraphers look for signs of magnetic reversals in igneous rock units within the drill cores. Other scientists perform stable isotope studies on the rocks to gain information about past climate.', 'Geologists use a number of field, laboratory, and numerical modeling methods to decipher Earth history and understand the processes that occur on and inside the Earth. In typical geological investigations, geologists use primary information related to petrology (the study of rocks), stratigraphy (the study of sedimentary layers), and structural geology (the study of positions of rock units and their deformation). In many cases, geologists also study modern soils, rivers, landscapes, and glaciers; investigate past and current life and biogeochemical pathways, and use geophysical methods to', 'For many geologic applications, isotope ratios of radioactive elements are measured in minerals that give the amount of time that has passed since a rock passed through its particular closure temperature, the point at which different radiometric isotopes stop diffusing into and out of the crystal lattice. These are used in geochronologic and thermochronologic studies. Common methods include uranium-lead dating, potassium-argon dating, argon-argon dating and uranium-thorium dating. These methods are used for a variety of applications. Dating of lava and volcanic ash layers found']","Precise dating of rocks within the stratigraphic section is important because it provides better absolute bounds on the timing and rates of deposition, which helps geologists understand Earth history and the processes that occur on and inside the Earth. This allows for a more accurate correlation of rock units and the conversion of old relative ages into new absolute ages, facilitating a deeper understanding of geological events and the evolution of the Earth's crust.",provide better absolute bounds on the timing and rates of deposition,0.6666666666666666,0.9586173746795662
What is the term for a hyperactive immune system that attacks normal tissues?,"['Overactive immune responses comprise the other end of immune dysfunction, particularly the autoimmune disorders. Here, the immune system fails to properly distinguish between self and non-self, and attacks part of the body. Under normal circumstances, many T cells and antibodies react with ""self"" peptides. One of the functions of specialized cells (located in the thymus and bone marrow) is to present young lymphocytes with self antigens produced throughout the body and to eliminate those cells that recognize self-antigens, preventing autoimmunity.', ""Hypersensitivity is an immune response that damages the body's own tissues. They are divided into four classes (Type I – IV) based on the mechanisms involved and the time course of the hypersensitive reaction. Type I hypersensitivity is an immediate or anaphylactic reaction, often associated with allergy. Symptoms can range from mild discomfort to death. Type I hypersensitivity is mediated by IgE, which triggers degranulation of mast cells and basophils when cross-linked by antigen. Type II hypersensitivity occurs"", ""The immune system is a system of many biological structures and processes within an organism that protects against disease. To function properly, an immune system must detect a wide variety of agents, known as pathogens, from viruses to parasitic worms, and distinguish them from the organism's own healthy tissue. In many species, the immune system can be classified into subsystems, such as the innate immune system versus the adaptive immune system, or humoral immunity versus cell-mediated immunity. In humans, the blood–brain barrier, blood–cerebrospinal fluid barrier, and similar"", 'Natural killer cells, or NK cells, are a component of the innate immune system which does not directly attack invading microbes. Rather, NK cells destroy compromised host cells, such as tumor cells or virus-infected cells, recognizing such cells by a condition known as ""missing self."" This term describes cells with low levels of a cell-surface marker called MHC I (major histocompatibility complex) – a situation that can arise in viral infections of host cells. They were named ""natural killer"" because of the initial notion that they do not require activation in order to', 'The main response of the immune system to tumors is to destroy the abnormal cells using killer T cells, sometimes with the assistance of helper T cells. Tumor antigens are presented on MHC class I molecules in a similar way to viral antigens. This allows killer T cells to recognize the tumor cell as abnormal. NK cells also kill tumorous cells in a similar way, especially if the tumor cells have fewer MHC class I molecules on their surface than normal; this is a common phenomenon with tumors. Sometimes antibodies are generated against tumor cells allowing for their destruction by the complement system.']",Autoimmune disorders,autoimmunity,1.0,0.6002766706479791
Who's satellites would the new free-to-air channels be broadcast from?,"['Provided is a universal Ku band LNB (9.75/10.600 GHz) which is fitted at the end of the dish and pointed at the correct satellite constellation; most digital receivers will receive the free to air channels. Some broadcasts are free-to-air and unencrypted, some are encrypted but do not require a monthly subscription (known as free-to-view), some are encrypted and require a monthly subscription, and some are pay-per-view services. To view the encrypted content a VideoGuard', ""The service started on 1 September 1993 based on the idea from the then chief executive officer, Sam Chisholm and Rupert Murdoch, of converting the company business strategy to an entirely fee-based concept. The new package included four channels formerly available free-to-air, broadcasting on Astra's satellites, as well as introducing new channels. The service continued until the closure of BSkyB's analogue service on 27 September 2001, due to the launch and expansion of the Sky Digital platform. Some of the channels did broadcast either in the clear or soft encrypted"", ""While BSkyB had been excluded from being a part of the ONdigital consortium, thereby making them a competitor by default, BSkyB was able to join ITV Digital's free-to-air replacement, Freeview, in which it holds an equal stake with the BBC, ITV, Channel 4 and National Grid Wireless. Prior to October 2005, three BSkyB channels were available on this platform: Sky News, Sky Three, and Sky Sports News. Initially BSkyB provided Sky Travel to the service. However, this was replaced by Sky Three on 31 October"", ""When Sky Digital was launched in 1998 the new service used the Astra 2A satellite which was located at the 28.5°E orbital position, unlike the analogue service which was broadcast from 19.2°E. This was subsequently followed by more Astra satellites as well as Eutelsat's Eurobird 1 (now Eutelsat 33C) at 28.5°E), enabled the company to launch a new all-digital service, Sky, with the potential to carry hundreds of television and radio channels. The old position was shared with broadcasters from several European countries,"", 'Power-line connection rather than receive their own satellite feeds. This allows all set top boxes in a household to share recordings and other media. The Sky Q Silver set top box is capable of receiving and displaying UHD broadcasts, which Sky will introduce later in 2016.']",Astra's satellites,Astra,1.0,0.5716809460284137
What was the first international event broadcast by ABC?,"[""The first attempts to internationalize the ABC television network date back to the 1950s, after Leonard Goldenson, following the United Paramount Theatres model, tried to use on ABC the same strategies he had made in expanding UPT's theater operation to the international market. Leonard Goldenson said that ABC's first international activity was broadcasting the coronation of Queen Elizabeth II in June 1953; CBS and NBC were unable to cover the coronation live due to respective issues with technical problems and flight delays. NBC's plane landed in Latin America[where?], leading ABC to learn of subsidiaries in that"", ""The policy regarding wholly owned international networks was revived in 2004 when on September 27 of that year, ABC announced the launch of ABC1, a free-to-air channel in the United Kingdom owned by the ABC Group. However, on September 8, 2007, Disney announced that it would discontinue ABC1 citing to the channel's inability to attain sustainable viewership. With ABC1's shutdown that October, the company's attempt to develop ABC International were discontinued."", ""Always in search of new programs that would help it compete with NBC and CBS, ABC's management believed that sports could be a major catalyst in improving the network's market share. On April 29, 1961, ABC debuted Wide World of Sports, an anthology series created by Edgar Scherick through his company Sports Programs, Inc. and produced by a young Roone Arledge which featured a different sporting event each broadcast. ABC purchased Sports Programs, Inc. in exchange for shares in the company, leading it to become the future core of ABC Sports, with Arledge as"", ""In the spring of 1975, Fred Pierce, the newly appointed president of ABC Television, convinced Fred Silverman to become the first president and director of programming of the independent television production subsidiary ABC Entertainment, created from the network's namesake programming division. In 1974, ABC premiered the detective series S.W.A.T. That same year, the network made the decision to compete with NBC's morning news-talk program Today. Its first attempt at such competition was AM America; however, that show's success was not straightforward. One of its affiliates,"", ""ABC became an aggressive competitor to NBC and CBS when, continuing NBC Blue's traditions of public service, it aired symphony performances conducted by Paul Whiteman, performances from the Metropolitan Opera, and jazz concerts aired as part of its broadcast of The Chamber Music Society of Lower Basin Street announced by Milton Cross. The network also became known for such suspenseful dramas as Sherlock Holmes, Gang Busters and Counterspy, as well as several mid-afternoon youth-oriented programs. However, ABC made a name for itself by utilizing the practice of counterprogramming, with which it often placed shows""]",The coronation of Queen Elizabeth II in June 1953.,coronation of Queen Elizabeth II,1.0,0.5145554545193799
What was the average cost for a 30 second commercial during Super Bowl 50?,"['CBS set the base rate for a 30-second advertisement at $5,000,000, a record high price for a Super Bowl ad. As of January 26, the advertisements had not yet sold out. CBS mandated that all advertisers purchase a package covering time on both the television and digital broadcasts of the game, meaning that for the first time, digital streams of the game would carry all national advertising in pattern with the television broadcast. This would be the final year in a multi-year contract with Anheuser-Busch InBev that allowed the beer manufacturer to air', 'CBS broadcast Super Bowl 50 in the U.S., and charged an average of $5 million for a 30-second commercial during the game. The Super Bowl 50 halftime show was headlined by the British rock group Coldplay with special guest performers Beyoncé and Bruno Mars, who headlined the Super Bowl XLVII and Super Bowl XLVIII halftime shows, respectively. It was the third-most watched U.S. broadcast ever.', 'Super Bowl 50 was an American football game to determine the champion of the National Football League (NFL) for the 2015 season. The American Football Conference (AFC) champion Denver Broncos defeated the National Football Conference (NFC) champion Carolina Panthers 24–10 to earn their third Super Bowl title. The game was played on February 7, 2016, at Levi\'s Stadium in the San Francisco Bay Area at Santa Clara, California. As this was the 50th Super Bowl, the league emphasized the ""golden anniversary"" with various gold-themed initiatives, as well as temporarily suspending the tradition of naming each', 'In addition to the Vince Lombardi Trophy that all Super Bowl champions receive, the winner of Super Bowl 50 will also receive a large, 18-karat gold-plated ""50"". Each digit will weigh 33 lb (15 kg) for a total of 66 lb (30 kg). Like the Lombardi Trophy, the ""50"" will be designed by Tiffany & Co.', 'was last used in Super Bowl XXXV; for Super Bowl 50, the cameras were upgraded to 5K resolution.)']",$5 million,$5 million,1.0,0.5130443310993755
How long has the concept of legal certainty been recognized as one of the general principles by the EU law?,"['The concept of legal certainty is recognised one of the general principles of European Union law by the European Court of Justice since the 1960s. It is an important general principle of international law and public law, which predates European Union law. As a general principle in European Union law it means that the law must be certain, in that it is clear and precise, and its legal implications foreseeable, specially when applied to financial obligations. The adoption of laws which will have legal effect in the European Union must have a proper legal basis. Legislation in member states which implements European Union law must be', 'worded so that it is clearly understandable by those who are subject to the law. In European Union law the general principle of legal certainty prohibits Ex post facto laws, i.e. laws should not take effect before they are published. The doctrine of legitimate expectation, which has its roots in the principles of legal certainty and good faith, is also a central element of the general principle of legal certainty in European Union law. The legitimate expectation doctrine holds that and that ""those who act in good faith on the basis of law as it is or seems to be should not be frustrated in', 'The 2007 Lisbon Treaty explicitly recognised fundamental rights by providing in Article 6(1) that ""The Union recognises the rights, freedoms and principles set out in the Charter of Fundamental Rights of the European Union of 7 December 2000, as adopted at Strasbourg on 12 December 2007, which shall have the same legal value as the Treaties."" Therefore, the Charter of Fundamental Rights of the European Union has become an integral part of European Union law, codifying the fundamental rights which were previously considered general principles of European Union law. In effect, after the Lisbon Treaty, the Charter and the Convention', 'The principles of European Union law are rules of law which have been developed by the European Court of Justice that constitute unwritten rules which are not expressly provided for in the treaties but which affect how European Union law is interpreted and applies. In formulating these principles, the courts have drawn on a variety of sources, including: public international law and legal doctrines and principles present in the legal systems of European Union member states and in the jurisprudence of the European Court of Human Rights. Accepted general principles of European Union Law include fundamental rights (see human rights), proportionality, legal', 'Proportionality is recognised one of the general principles of European Union law by the European Court of Justice since the 1950s. According to the general principle of proportionality the lawfulness of an action depends on whether it was appropriate and necessary to achieve the objectives legitimately pursued. When there is a choice between several appropriate measures the least onerous must be adopted, and any disadvantage caused must not be disproportionate to the aims pursued. The principle of proportionality is also recognised in Article 5 of the EC Treaty, stating that ""any action by the Community shall not go beyond what']",Since the 1960s.,since the 1960s,1.0,0.0
How was the efficiency of a steam engine typically evaluated?,"['The most useful instrument for analyzing the performance of steam engines is the steam engine indicator. Early versions were in use by 1851, but the most successful indicator was developed for the high speed engine inventor and manufacturer Charles Porter by Charles Richard and exhibited at London Exhibition in 1862. The steam engine indicator traces on paper the pressure in the cylinder throughout the cycle, which can be used to spot various problems and calculate developed horsepower. It was routinely used by engineers, mechanics and insurance inspectors. The engine indicator can also be used on internal combustion engines. See image of indicator diagram below (in Types of motor', ""Although the reciprocating steam engine is no longer in widespread commercial use, various companies are exploring or exploiting the potential of the engine as an alternative to internal combustion engines. The company Energiprojekt AB in Sweden has made progress in using modern materials for harnessing the power of steam. The efficiency of Energiprojekt's steam engine reaches some 27-30% on high-pressure engines. It is a single-step, 5-cylinder engine (no compound) with superheated steam and consumes approx. 4 kg"", 'The final major evolution of the steam engine design was the use of steam turbines starting in the late part of the 19th century. Steam turbines are generally more efficient than reciprocating piston type steam engines (for outputs above several hundred horsepower), have fewer moving parts, and provide rotary power directly instead of through a connecting rod system or similar means. Steam turbines virtually replaced reciprocating engines in electricity generating stations early in the 20th century, where their efficiency, higher speed appropriate to generator service, and smooth rotation were advantages. Today most electric power is provided by steam turbines. In', 'Otherwise, the improvements to the engine itself were more mechanical in nature. The thermodynamic concepts of the Rankine cycle did give engineers the understanding needed to calculate efficiency which aided the development of modern high-pressure and -temperature boilers and the steam turbine.', 'The historical measure of a steam engine\'s energy efficiency was its ""duty"". The concept of duty was first introduced by Watt in order to illustrate how much more efficient his engines were over the earlier Newcomen designs. Duty is the number of foot-pounds of work delivered by burning one bushel (94 pounds) of coal. The best examples of Newcomen designs had a duty of about 7 million, but most were closer to 5 million. Watt\'s original low-pressure designs were able to deliver duty as high as 25 million, but averaged about 17. This']","The efficiency of a steam engine was typically evaluated using the concept of ""duty,"" which was the number of foot-pounds of work delivered by burning one bushel (94 pounds) of coal. The best Newcomen designs had a duty of about 7 million, while Watt's original low-pressure designs could deliver a duty as high as 25 million, averaging about 17 million.",duty,1.0,0.8541889660947378
What company owns the American Broadcasting Company?,"['The American Broadcasting Company (ABC) (stylized in its logo as abc since 1957) is an American commercial broadcast television network that is owned by the Disney–ABC Television Group, a subsidiary of Disney Media Networks division of The Walt Disney Company. The network is part of the Big Three television networks. The network is headquartered on Columbus Avenue and West 66th Street in Manhattan, with additional major offices and production facilities in New York City, Los Angeles and Burbank, California.', 'George B. Storer in 1944; its parent company adopted the corporate name American Broadcasting Companies, Inc. Woods retained his position as president and CEO of ABC until December 1949, and was subsequently promoted to vice-chairman of the board before leaving ABC altogether on June 30, 1951.', 'The Sinclair Broadcast Group is the largest operator of ABC stations by numerical total, owning or providing services to 28 ABC affiliates and two additional subchannel-only affiliates; Sinclair owns the largest ABC subchannel affiliate by market size, WABM-DT2/WDBB-DT2 in the Birmingham market, which serve as repeaters of WBMA-LD (the largest low-power ""Big Four"" affiliate by market size, which itself is also simulcast on a subchannel of former WBMA satellite WGWW, owned by Sinclair partner company Howard Stirk Holdings). The', ""1501 Broadway in Manhattan, owned six AM and several FM radio stations, five television stations and 644 cinemas in 300 U.S. cities. To comply with FCC ownership restrictions in effect at the time that barred common ownership of two television stations in the same market, UPT sold its Chicago television station, WBKB-TV, to CBS (which subsequently changed the station's call letters to WBBM-TV) for $6 million, while it kept ABC's existing Chicago station, WENR-TV. The merged company acquired the WBKB call letters"", 'E. W. Scripps Company is the largest operator of ABC stations in terms of overall market reach, owning 15 ABC-affiliated stations (including affiliates in larger markets such as Cleveland, Phoenix, Detroit and Denver), and through its ownership of Phoenix affiliate KNXV, Las Vegas affiliate KTNV-TV and Tucson affiliate KGUN-TV, the only provider of ABC programming for the majority of Arizona (outside of the Yuma-El Centro market) and Southern Nevada.']",The Walt Disney Company,The Walt Disney Company,1.0,0.6262536778715936
The V&A library's collection of illuminated manuscripts are dated to which centuries?,"[""The V&A covers 12.5 acres (51,000 m2) and 145 galleries. Its collection spans 5,000 years of art, from ancient times to the present day, from the cultures of Europe, North America, Asia and North Africa. The holdings of ceramics, glass, textiles, costumes, silver, ironwork, jewellery, furniture, medieval objects, sculpture, prints and printmaking, drawings and photographs are among the largest and most comprehensive in the world. The museum owns the world's largest collection of post-classical sculpture, with the holdings of Italian Renaissance items"", 'The sculpture collection at the V&A is the most comprehensive holding of post-classical European sculpture in the world. There are approximately 22,000 objects in the collection that cover the period from about 400 AD to 1914. This covers among other periods Byzantine and Anglo Saxon ivory sculptures, British, French and Spanish medieval statues and carvings, the Renaissance, Baroque, Neo-Classical, Victorian and Art Nouveau periods. All uses of sculpture are represented, from tomb and memorial, to portrait, allegorical, religious, mythical, statues for gardens including fountains, as well as architectural decorations. Materials used', 'Writers whose papers are in the library are as diverse as Charles Dickens and Beatrix Potter. Illuminated manuscripts in the library dating from the 12th to 16th centuries include: the Eadwine Psalter[citation needed], Canterbury; Pocket Book of Hours, Reims; Missal from the Royal Abbey of Saint Denis, Paris; the Simon Marmion Book of Hours, Bruges; 1524 Charter illuminated by Lucas Horenbout, London; the Armagnac manuscript of the trial and rehabilitation of Joan of Arc, Rouen. also the Victorian period is represented by William', ""In 2004, the V&A alongside Royal Institute of British Architects opened the first permanent gallery in the UK covering the history of architecture with displays using models, photographs, elements from buildings and original drawings. With the opening of the new gallery, the RIBA Drawings and Archives Collection has been transferred to the museum, joining the already extensive collection held by the V&A. With over 600,000 drawings, over 750,000 papers and paraphernalia, and over 700,000 photographs from around the world, together they form the world's most comprehensive architectural resource."", 'The Victoria and Albert Museum (often abbreviated as the V&A), London, is the world\'s largest museum of decorative arts and design, housing a permanent collection of over 4.5 million objects. It was founded in 1852 and named after Queen Victoria and Prince Albert. The V&A is located in the Brompton district of the Royal Borough of Kensington and Chelsea, in an area that has become known as ""Albertopolis"" because of its association with Prince Albert, the Albert Memorial and the major cultural institutions with which he was associated. These include the Natural History']",12th to 16th centuries,from the 12th to 16th,,0.5594740858843675
What should the punishment rely on instead in a just society?,"['Along with giving the offender his ""just deserts"", achieving crime control via incapacitation and deterrence is a major goal of criminal punishment. Brownlee argues, ""Bringing in deterrence at the level of justification detracts from the law’s engagement in a moral dialogue with the offender as a rational person because it focuses attention on the threat of punishment and not the moral reasons to follow this law."" Leonard Hubert Hoffmann writes, ""In deciding whether or not to impose punishment, the most important consideration would be whether it would do more harm than good. This means that the', 'Robert Nozick argued that government redistributes wealth by force (usually in the form of taxation), and that the ideal moral society would be one where all individuals are free from force. However, Nozick recognized that some modern economic inequalities were the result of forceful taking of property, and a certain amount of redistribution would be justified to compensate for this force but not because of the inequalities themselves. John Rawls argued in A Theory of Justice that inequalities in the distribution of wealth are only justified when they improve society as a', 'Howard Zinn writes, ""There may be many times when protesters choose to go to jail, as a way of continuing their protest, as a way of reminding their countrymen of injustice. But that is different than the notion that they must go to jail as part of a rule connected with civil disobedience. The key point is that the spirit of protest should be maintained all the way, whether it is done by remaining in jail, or by evading it. To accept jail penitently as an accession to \'the rules\' is to switch suddenly to a spirit of', 'One theory is that, while disobedience may be helpful, any great amount of it would undermine the law by encouraging general disobedience which is neither conscientious nor of social benefit. Therefore, conscientious lawbreakers must be punished. Michael Bayles argues that if a person violates a law in order to create a test case as to the constitutionality of a law, and then wins his case, then that act did not constitute civil disobedience. It has also been argued that breaking the law for self-gratification, as', ""Some civil disobedients feel it is incumbent upon them to accept punishment because of their belief in the validity of the social contract, which is held to bind all to obey the laws that a government meeting certain standards of legitimacy has established, or else suffer the penalties set out in the law. Other civil disobedients who favor the existence of government still don't believe in the legitimacy of their particular government, or don't believe in the legitimacy of a particular law it has enacted. And still other civil disobedients, being anarchists,""]","In a just society, punishment should rely on the harm caused by the offense rather than solely on the threat of punishment. This approach considers whether the punishment would do more harm than good, focusing on the moral reasons to follow the law and engaging in a moral dialogue with the offender as a rational person.",moral reasons to follow this law,0.8,0.8937401066962556
What part of France were the Normans located?,"['The Normans (Norman: Nourmands; French: Normands; Latin: Normanni) were the people who in the 10th and 11th centuries gave their name to Normandy, a region in France. They were descended from Norse (""Norman"" comes from ""Norseman"") raiders and pirates from Denmark, Iceland and Norway who, under their leader Rollo, agreed to swear fealty to King Charles III of West Francia. Through generations of assimilation and mixing with the native Frankish and Roman-Gaulish populations, their descendants would gradually merge with the', 'into a cohesive and formidable principality in feudal tenure. The Normans are noted both for their culture, such as their unique Romanesque architecture and musical traditions, and for their significant military accomplishments and innovations. Norman adventurers founded the Kingdom of Sicily under Roger II after conquering southern Italy on the Saracens and Byzantines, and an expedition on behalf of their duke, William the Conqueror, led to the Norman conquest of England at the Battle of Hastings in 1066. Norman cultural and military influence spread from these new European centres to the Crusader states of the Near East, where their prince', 'The Normans thereafter adopted the growing feudal doctrines of the rest of France, and worked them into a functional hierarchical system in both Normandy and in England. The new Norman rulers were culturally and ethnically distinct from the old French aristocracy, most of whom traced their lineage to Franks of the Carolingian dynasty. Most Norman knights remained poor and land-hungry, and by 1066 Normandy had been exporting fighting horsemen for more than a generation. Many Normans of Italy, France and England eventually served as avid Crusaders under the Italo-Norman prince Bohemund I and the', 'The Norman dynasty had a major political, cultural and military impact on medieval Europe and even the Near East. The Normans were famed for their martial spirit and eventually for their Christian piety, becoming exponents of the Catholic orthodoxy into which they assimilated. They adopted the Gallo-Romance language of the Frankish land they settled, their dialect becoming known as Norman, Normaund or Norman French, an important literary language. The Duchy of Normandy, which they formed by treaty with the French crown, was a great fief of medieval France, and under Richard I of Normandy was forged', 'Norman architecture typically stands out as a new stage in the architectural history of the regions they subdued. They spread a unique Romanesque idiom to England and Italy, and the encastellation of these regions with keeps in their north French style fundamentally altered the military landscape. Their style was characterised by rounded arches, particularly over windows and doorways, and massive proportions.']",Normandy,north,1.0,0.45059444775727303
Who was Frédéric Chopin?,"['One of the most famous people born in Warsaw was Maria Skłodowska-Curie, who achieved international recognition for her research on radioactivity and was the first female recipient of the Nobel Prize. Famous musicians include Władysław Szpilman and Frédéric Chopin. Though Chopin was born in the village of Żelazowa Wola, about 60 km (37 mi) from Warsaw, he moved to the city with his family when he was seven months old. Casimir Pulaski, a Polish general and hero of the American Revolutionary War, was born here in', ""Martin Luther (/ˈluːθər/ or /ˈluːðər/; German: [ˈmaɐ̯tiːn ˈlʊtɐ] ( listen); 10 November 1483 – 18 February 1546) was a German professor of theology, composer, priest, former monk and a seminal figure in the Protestant Reformation. Luther came to reject several teachings and practices of the Late Medieval Catholic Church. He strongly disputed the claim that freedom from God's punishment for sin could be purchased with money. He proposed an academic discussion of the power and"", ""Other: Civil rights leader W. E. B. Du Bois; philosopher Henry David Thoreau; authors Ralph Waldo Emerson and William S. Burroughs; educators Werner Baer, Harlan Hanson; poets Wallace Stevens, T. S. Eliot and E. E. Cummings; conductor Leonard Bernstein; cellist Yo Yo Ma; pianist and composer Charlie Albright; composer John Alden Carpenter; comedian, television show host and writer Conan O'Brien; actors Tatyana Ali, Nestor Carbonell, Matt Damon, Fred Gwynne, Hill Harper, Rashida Jones, Tommy Lee"", 'Tamara de Lempicka was a famous artist born in Warsaw. She was born Maria Górska in Warsaw to wealthy parents and in 1916 married a Polish lawyer Tadeusz Łempicki. Better than anyone else she represented the Art Deco style in painting and art. Nathan Alterman, the Israeli poet, was born in Warsaw, as was Moshe Vilenski, the Israeli composer, lyricist, and pianist, who studied music at the Warsaw Conservatory. Warsaw was the beloved city of Isaac Bashevis Singer, which he described in many of his novels: Warsaw has just', 'Nikola Tesla (Serbian Cyrillic: Никола Тесла; 10 July 1856 – 7 January 1943) was a Serbian American inventor, electrical engineer, mechanical engineer, physicist, and futurist best known for his contributions to the design of the modern alternating current (AC) electricity supply system.']","Frédéric Chopin was a famous musician born in the village of Żelazowa Wola, about 60 km (37 mi) from Warsaw, and moved to the city with his family when he was seven months old.",Famous musicians,1.0,0.7911788287803603
What is the name of a Time Lord that Doctor Who has fought?,"['blind a Dalek, making it go mad. Their chief role in the series plot, as they frequently remark in their instantly recognisable metallic voices, is to ""exterminate"" all non-Dalek beings. They even attack the Time Lords in the Time War, as shown during the 50th Anniversary of the show. They continue to be a recurring \'monster\' within the Doctor Who franchise, their most recent appearances being in the 2015 episodes ""The Witch\'s Familiar"" and ""Hell Bent"". Davros has also been a recurring figure since his debut in', 'Doctor Who is a British science-fiction television programme produced by the BBC since 1963. The programme depicts the adventures of the Doctor, a Time Lord—a space and time-travelling humanoid alien. He explores the universe in his TARDIS, a sentient time-travelling space ship. Its exterior appears as a blue British police box, which was a common sight in Britain in 1963 when the series first aired. Accompanied by companions, the Doctor combats a variety of foes, while working to save civilisations and help people in need.', 'Doctor Who follows the adventures of the primary character, a rogue Time Lord from the planet Gallifrey, who simply goes by the name ""The Doctor"". He fled from Gallifrey in a stolen Mark I Type 40 TARDIS – ""Time and Relative Dimension in Space"" – time machine which allows him to travel across time and space. The TARDIS has a ""chameleon circuit"" which normally allows the machine to take on the appearance of local objects as a disguise. However, the Doctor\'s TARDIS remains fixed as a blue British Police box due to a', ""disturb the established numerical naming of the Doctors. Another example is from the 1986 serial The Trial of a Time Lord, where Michael Jayston portrayed the Valeyard, who is described as an amalgamation of the darker sides of the Doctor's nature, somewhere between his twelfth and final incarnation."", ""The Dalek race, which first appeared in the show's second serial in 1963, are Doctor Who's oldest villains. The Daleks are Kaleds from the planet Skaro, mutated by the scientist Davros and housed in mechanical armour shells for mobility. The actual creatures resemble octopi with large, pronounced brains. Their armour shells have a single eye-stalk, a sink-plunger-like device that serves the purpose of a hand, and a directed-energy weapon. Their main weakness is their eyestalk; attacks upon them using various weapons can""]",Davros,The Master,0.0,0.45746757339374505
Why are researchers struggling to identify the history of the plague?,"['It is recognised that an epidemiological account of the plague is as important as an identification of symptoms, but researchers are hampered by the lack of reliable statistics from this period. Most work has been done on the spread of the plague in England, and even estimates of overall population at the start vary by over 100% as no census was undertaken between the time of publication of the Domesday Book and the year 1377. Estimates of plague victims are usually extrapolated from figures from the clergy.', 'The plague theory was first significantly challenged by the work of British bacteriologist J. F. D. Shrewsbury in 1970, who noted that the reported rates of mortality in rural areas during the 14th-century pandemic were inconsistent with the modern bubonic plague, leading him to conclude that contemporary accounts were exaggerations. In 1984 zoologist Graham Twigg produced the first major work to challenge the bubonic plague theory directly, and his doubts about the identity of the Black Death have been taken up by a number of authors, including Samuel K. Cohn,', 'In October 2010, the open-access scientific journal PLoS Pathogens published a paper by a multinational team who undertook a new investigation into the role of Yersinia pestis in the Black Death following the disputed identification by Drancourt and Raoult in 1998. They assessed the presence of DNA/RNA with Polymerase Chain Reaction (PCR) techniques for Y. pestis from the tooth sockets in human skeletons from mass graves in northern, central and southern Europe that were associated archaeologically with the Black Death and subsequent resurgences. The authors concluded that this new research, together', 'In addition to arguing that the rat population was insufficient to account for a bubonic plague pandemic, sceptics of the bubonic plague theory point out that the symptoms of the Black Death are not unique (and arguably in some accounts may differ from bubonic plague); that transference via fleas in goods was likely to be of marginal significance; and that the DNA results may be flawed and might not have been repeated elsewhere, despite extensive samples from other mass graves. Other arguments include the lack of accounts of the death of rats before outbreaks of plague between', 'The results of the Haensch study have since been confirmed and amended. Based on genetic evidence derived from Black Death victims in the East Smithfield burial site in England, Schuenemann et al. concluded in 2011 ""that the Black Death in medieval Europe was caused by a variant of Y. pestis that may no longer exist."" A study published in Nature in October 2011 sequenced the genome of Y. pestis from plague victims and indicated that the strain that caused the Black Death is ancestral to most modern strains of the disease.']","Researchers are struggling to identify the history of the plague due to the lack of reliable statistics from the period, inconsistent reported rates of mortality in rural areas, and the absence of a census between the time of the Domesday Book and 1377. Additionally, there are doubts about the identity of the Black Death, with some arguing that the symptoms and DNA evidence may not conclusively point to Yersinia pestis.",the lack of reliable statistics from this period,1.0,0.9343021334759242
When was the colony destroyed?,"['America. The fort was destroyed in 1560 by the Portuguese, who captured part of the Huguenots. The Portuguese threatened the prisoners with death if they did not convert to Catholicism. The Huguenots of Guanabara, as they are now known, produced a declaration of faith to express their beliefs to the Portuguese. This was their death sentence. This document, the Guanabara Confession of Faith, became the first Protestant confession of faith in the whole of the Americas.[citation needed]', 'In 1564 a group of Norman Huguenots under the leadership of Jean Ribault established the small colony of Fort Caroline on the banks of the St. Johns River in what is today Jacksonville, Florida. The effort was the first at any permanent European settlement in the present-day continental United States, but survived only a short time. A September 1565 French naval attack against the new Spanish colony at St. Augustine failed when its ships were hit by a hurricane on their way to the Spanish encampment at Fort Matanzas. Hundreds of French soldiers were stranded and surrendered to the', 'In 1755, six colonial governors in North America met with General Edward Braddock, the newly arrived British Army commander, and planned a four-way attack on the French. None succeeded and the main effort by Braddock was a disaster; he was defeated in the Battle of the Monongahela on July 9, 1755 and died a few days later. British operations in 1755, 1756 and 1757 in the frontier areas of Pennsylvania and New York all failed, due to a combination of poor management, internal divisions, and effective Canadian scouts, French regular forces, and Indian warrior allies.', ""In the first half of the 17th century, a plague claimed some 1.7 million victims in Italy, or about 14% of the population. In 1656, the plague killed about half of Naples' 300,000 inhabitants. More than 1.25 million deaths resulted from the extreme incidence of plague in 17th-century Spain. The plague of 1649 probably reduced the population of Seville by half. In 1709–13, a plague epidemic that followed the Great Northern War (1700–21, Sweden v. Russia and allies) killed about 100,000 in Sweden, and 300,000 in"", 'The Black Death ravaged much of the Islamic world. Plague was present in at least one location in the Islamic world virtually every year between 1500 and 1850. Plague repeatedly struck the cities of North Africa. Algiers lost 30 to 50 thousand inhabitants to it in 1620–21, and again in 1654–57, 1665, 1691, and 1740–42. Plague remained a major event in Ottoman society until the second quarter of the 19th century. Between 1701 and 1750, thirty-seven larger and smaller epidemics were recorded in Constantinople, and an additional thirty-one between 1751 and 1800. Baghdad']",The colony was destroyed in 1560 by the Portuguese.,1565,0.5,0.9616546875460439
What type of musical instruments did the Yuan bring to China?,"['Western musical instruments were introduced to enrich Chinese performing arts. From this period dates the conversion to Islam, by Muslims of Central Asia, of growing numbers of Chinese in the northwest and southwest. Nestorianism and Roman Catholicism also enjoyed a period of toleration. Buddhism (especially Tibetan Buddhism) flourished, although Taoism endured certain persecutions in favor of Buddhism from the Yuan government. Confucian governmental practices and examinations based on the Classics, which had fallen into disuse in north China during the period of disunity, were reinstated by the Yuan court, probably in the', 'had a great influence in the Yuan government, and the Tibetan-rite Tantric Buddhism had significantly influenced China during this period. The Muslims of the Yuan dynasty introduced Middle Eastern cartography, astronomy, medicine, clothing, and diet in East Asia. Eastern crops such as carrots, turnips, new varieties of lemons, eggplants, and melons, high-quality granulated sugar, and cotton were all either introduced or successfully popularized during the Yuan dynasty.', 'One of the more notable applications of printing technology was the chao, the paper money of the Yuan. Chao were made from the bark of mulberry trees. The Yuan government used woodblocks to print paper money, but switched to bronze plates in 1275. The Mongols experimented with establishing the Chinese-style paper monetary system in Mongol-controlled territories outside of China. The Yuan minister Bolad was sent to Iran, where he explained Yuan paper money to the Il-khanate court of Gaykhatu. The Il-khanate government issued paper money in 1294, but public', ""A rich cultural diversity developed during the Yuan dynasty. The major cultural achievements were the development of drama and the novel and the increased use of the written vernacular. The political unity of China and much of central Asia promoted trade between East and West. The Mongols' extensive West Asian and European contacts produced a fair amount of cultural exchange. The other cultures and peoples in the Mongol World Empire also very much influenced China. It had significantly eased trade and commerce across Asia until its decline; the communications between Yuan dynasty and its ally and subordinate in Persia, the Ilkhanate, encouraged this development. Buddhism"", ""The Yuan dynasty (Chinese: 元朝; pinyin: Yuán Cháo), officially the Great Yuan (Chinese: 大元; pinyin: Dà Yuán; Mongolian: Yehe Yuan Ulus[a]), was the empire or ruling dynasty of China established by Kublai Khan, leader of the Mongolian Borjigin clan. Although the Mongols had ruled territories including today's North China for decades, it was not until 1271 that Kublai Khan officially proclaimed the dynasty in the traditional Chinese style. His realm was, by this point, isolated from the other khanates""]",The context does not specify the types of Western musical instruments introduced to China during the Yuan dynasty.,Western,1.0,0.0
"Along with trusts, what other non-profits are allowed to run schools in India?","['Legally, only non-profit trusts and societies can run schools in India. They will have to satisfy a number of infrastructure and human resource related criteria to get Recognition (a form of license) from the government. Critics of this system point out that this leads to corruption by school inspectors who check compliance and to fewer schools in a country that has the largest adult illiterate population in the world. While official data does not capture the real extent of private schooling in the country, various studies have reported unpopularity of government schools and an increasing number of private schools. The Annual Status of Education', ""Funding for private schools is generally provided through student tuition, endowments, scholarship/voucher funds, and donations and grants from religious organizations or private individuals. Government funding for religious schools is either subject to restrictions or possibly forbidden, according to the courts' interpretation of the Establishment Clause of the First Amendment or individual state Blaine Amendments. Non-religious private schools theoretically could qualify for such funding without hassle, preferring the advantages of independent control of their student admissions and course content instead of the public funding they could get with charter status."", 'The other category of schools are those run and partly or fully funded by private individuals, private organizations and religious groups. The ones that accept government funds are called \'aided\' schools. The private \'un-aided\' schools are fully funded by private parties. The standard and the quality of education is quite high. Technically, these would be categorized as private schools, but many of them have the name ""Public School"" appended to them, e.g., the Galaxy Public School in Kathmandu. Most of the middle-class families send their children to such schools, which might be', 'In India, private schools are called independent schools, but since some private schools receive financial aid from the government, it can be an aided or an unaided school. So, in a strict sense, a private school is an unaided independent school. For the purpose of this definition, only receipt of financial aid is considered, not land purchased from the government at a subsidized rate. It is within the power of both the union government and the state governments to govern schools since Education appears in the Concurrent list of legislative subjects in the constitution. The practice has been for the union', 'Private schools, also known as independent schools, non-governmental, or nonstate schools, are not administered by local, state or national governments; thus, they retain the right to select their students and are funded in whole or in part by charging their students tuition, rather than relying on mandatory taxation through public (government) funding; at some private schools students may be able to get a scholarship, which makes the cost cheaper, depending on a talent the student may have (e.g. sport scholarship, art scholarship, academic scholarship), financial need, or tax credit scholarships that']",Societies,societies,1.0,0.0
When did Tesla make these claims?,"['In 1900, Tesla was granted patents for a ""system of transmitting electrical energy"" and ""an electrical transmitter."" When Guglielmo Marconi made his famous first-ever transatlantic radio transmission in 1901, Tesla quipped that it was done with 17 Tesla patents, though there is little to support this claim. This was the beginning of years of patent battles over radio with Tesla\'s patents being upheld in 1903, followed by a reverse decision in favor of Marconi in 1904. In 1943, a Supreme Court of the United States decision restored the prior patents of Tesla, Oliver Lodge,', 'Tesla claimed to have developed his own physical principle regarding matter and energy that he started working on in 1892, and in 1937, at age 81, claimed in a letter to have completed a ""dynamic theory of gravity"" that ""[would] put an end to idle speculations and false conceptions, as that of curved space."" He stated that the theory was ""worked out in all details"" and that he hoped to soon give it to the world. Further elucidation of his theory was never found in his writings.:309', ""Tesla's theories on the possibility of the transmission by radio waves go back as far as lectures and demonstrations in 1893 in St. Louis, Missouri, the Franklin Institute in Philadelphia, Pennsylvania, and the National Electric Light Association. Tesla's demonstrations and principles were written about widely through various media outlets. Many devices such as the Tesla Coil were used in the further development of radio."", ""In March 1896, after hearing of Wilhelm Röntgen's discovery of X-ray and X-ray imaging (radiography), Tesla proceeded to do his own experiments in X-ray imaging, developing a high energy single terminal vacuum tube of his own design that had no target electrode and that worked from the output of the Tesla Coil (the modern term for the phenomenon produced by this device is bremsstrahlung or braking radiation). In his research, Tesla devised several experimental setups to produce X-rays. Tesla held that, with his circuits, the"", 'Starting in 1894, Tesla began investigating what he referred to as radiant energy of ""invisible"" kinds after he had noticed damaged film in his laboratory in previous experiments (later identified as ""Roentgen rays"" or ""X-Rays""). His early experiments were with Crookes tubes, a cold cathode electrical discharge tube. Soon after, much of Tesla\'s early research—hundreds of invention models, plans, notes, laboratory data, tools, photographs, valued at $50,000—was lost in the 5th Avenue laboratory fire of March 1895. Tesla is quoted by']",In 1937.,1935,1.0,0.5762754341839034
How many people in Quzhou are descended from Confucius?,"[""Kublai Khan invited the southern Duke Yansheng Kong Zhu to return to Qufu. Kong Zhu refused, and gave up the title, so the northern branch of the family kept the title of Duke Yansheng. The southern branch still remained in Quzhou where they lived to this day. Confucius's descendants in Quzhou alone number 30,000. During the Yuan dynasty, one of Confucius' descendants moved from China to Goryeo era Korea and established a branch of the family there after marrying a Korean woman."", ""During the Southern Song dynasty the descendant of Confucius at Qufu, the Duke Yansheng Kong Duanyou fled south with the Song Emperor to Quzhou, while the newly established Jin dynasty (1115–1234) in the north appointed Kong Duanyou's brother Kong Duancao who remained in Qufu as Duke Yansheng. From that time up until the Yuan dynasty, there were two Duke Yanshengs, once in the north in Qufu and the other in the south at Quzhou. During the Yuan dynasty, the Emperor"", 'Confucian virtues.', 'surrendered"" soldiers, Mongols, and Chinese soldiers stationed in the area of the former Kingdom of Qocho and in Besh Balikh the Mongols established a Chinese military colony led by Chinese general Qi Kongzhi (Ch\'i Kung-chih). After the Mongol conquest of Central Asia by Genghis Khan, foreigners were chosen as administrators and co-management with Chinese and Qara-Khitays (Khitans) of gardens and fields in Samarqand was put upon the Muslims as a requirement since Muslims were not allowed to manage without them. The Mongol appointed', 'began on a large scale after 1300. Many Mongols of the upper class such as the Jalayir and the Oronar nobles as well as the emperors also patronized Confucian scholars and institutions. A considerable number of Confucian and Chinese historical works were translated into the Mongolian language.']","30,000","30,000",1.0,0.47431478242394265
When was Isiah Bowman appointed to President Wilson's Inquiry?,"[""inquiry, Isiah Bowman would come to be known as Wilson's geographer."", ""One key figure in the plans for what would come to be known as American Empire, was a geographer named Isiah Bowman. Bowman was the director of the American Geographical Society in 1914. Three years later in 1917, he was appointed to then President Woodrow Wilson's inquiry in 1917. The inquiry was the idea of President Wilson and the American delegation from the Paris Peace Conference. The point of this inquiry was to build a premise that would allow for U.S authorship of a 'new world' which was to be characterized by geographical order. As a result of his role in the"", ""D. Brainerd Holmes on his retirement effective September 1. Under Webb's reorganization, the directors of the Manned Spacecraft Center (Gilruth) Marshall Space Flight Center (von Braun) and the Launch Operations Center (Debus) effectively reported to Mueller."", '(1869–1909) transformed the college and affiliated professional schools into a modern research university; Harvard was a founding member of the Association of American Universities in 1900. James Bryant Conant led the university through the Great Depression and World War II and began to reform the curriculum and liberalize admissions after the war. The undergraduate college became coeducational after its 1977 merger with Radcliffe College.', ""Based on his industry experience on Air Force missile projects, Mueller realized some skilled managers could be found among high-ranking officers in the United States Air Force, so he got Webb's permission to recruit General Samuel C. Phillips, who gained a reputation for his effective management of the Minuteman program, as OMSF program controller. Phillips' superior officer Bernard A. Schriever agreed to loan Phillips to NASA, along with a staff of officers under him, on the condition that Phillips be made Apollo Program Director. Mueller agreed, and Phillips managed Apollo from January 1964, until it achieved""]",1917,1917,1.0,0.4168653098339948
What does the Museum of the Polish Army portray the history of?,"[""As interesting examples of expositions the most notable are: the world's first Museum of Posters boasting one of the largest collections of art posters in the world, Museum of Hunting and Riding and the Railway Museum. From among Warsaw's 60 museums, the most prestigious ones are National Museum with a collection of works whose origin ranges in time from antiquity till the present epoch as well as one of the best collections of paintings in the country including some paintings from Adolf Hitler's private collection, and Museum of the Polish Army whose set portrays the history of arms."", ""A fine tribute to the fall of Warsaw and history of Poland can be found in the Warsaw Uprising Museum and in the Katyń Museum which preserves the memory of the crime. The Warsaw Uprising Museum also operates a rare preserved and operating historic stereoscopic theatre, the Warsaw Fotoplastikon. The Museum of Independence preserves patriotic and political objects connected with Poland's struggles for independence. Dating back to 1936 Warsaw Historical Museum contains 60 rooms which host a permanent exhibition of the history of Warsaw from its origins until today."", ""The city is the seat of a Roman Catholic archdiocese (left bank of the Vistula) and diocese (right bank), and possesses various universities, most notably the Polish Academy of Sciences and the University of Warsaw, two opera houses, theatres, museums, libraries and monuments. The historic city-centre of Warsaw with its picturesque Old Town in 1980 was listed as a UNESCO World Heritage Site. Other main architectural attractions include the Castle Square with the Royal Castle and the iconic King Sigismund's Column, St. John's Cathedral, Market Square, palaces, churches and mansions all displaying a"", 'There are also many places commemorating the heroic history of Warsaw. Pawiak, an infamous German Gestapo prison now occupied by a Mausoleum of Memory of Martyrdom and the museum, is only the beginning of a walk in the traces of Heroic City. The Warsaw Citadel, an impressive 19th-century fortification built after the defeat of the November Uprising, was a place of martyr for the Poles. Another important monument, the statue of Little Insurgent located at the ramparts of the Old Town, commemorates the children who served as messengers and frontline troops in the Warsaw Uprising, while the impressive Warsaw', 'Exceptional examples of the bourgeois architecture of the later periods were not restored by the communist authorities after the war (like mentioned Kronenberg Palace and Insurance Company Rosja building) or they were rebuilt in socialist realism style (like Warsaw Philharmony edifice originally inspired by Palais Garnier in Paris). Despite that the Warsaw University of Technology building (1899–1902) is the most interesting of the late 19th-century architecture. Some 19th-century buildings in the Praga district (the Vistula’s right bank) have been restored although many have been poorly maintained. Warsaw’s']",The history of arms.,arms,1.0,0.5665853249572604
What is the last name of the player who was Manning's top receiver for Super Bowl 50?,"['In honor of the 50th Super Bowl, the pregame ceremony featured the on-field introduction of 39 of the 43 previous Super Bowl Most Valuable Players. Bart Starr (MVP of Super Bowls I and II) and Chuck Howley (MVP of Super Bowl V) appeared via video, while Peyton Manning (MVP of Super Bowl XLI and current Broncos quarterback) was shown in the locker room preparing for the game. No plans were announced regarding the recognition of Harvey Martin, co-MVP of Super Bowl XII, who died in 2001.', 'Super Bowl 50 was an American football game to determine the champion of the National Football League (NFL) for the 2015 season. The American Football Conference (AFC) champion Denver Broncos defeated the National Football Conference (NFC) champion Carolina Panthers 24–10 to earn their third Super Bowl title. The game was played on February 7, 2016, at Levi\'s Stadium in the San Francisco Bay Area at Santa Clara, California. As this was the 50th Super Bowl, the league emphasized the ""golden anniversary"" with various gold-themed initiatives, as well as temporarily suspending the tradition of naming each', ""Peyton Manning became the first quarterback ever to lead two different teams to multiple Super Bowls. He is also the oldest quarterback ever to play in a Super Bowl at age 39. The past record was held by John Elway, who led the Broncos to victory in Super Bowl XXXIII at age 38 and is currently Denver's Executive Vice President of Football Operations and General Manager."", 'passer rating for a Super Bowl. Manning became the oldest quarterback ever to win a Super Bowl at age 39, and the first quarterback ever to win a Super Bowl with two different teams, while Gary Kubiak became the first head coach to win a Super Bowl with the same franchise he went to the Super Bowl with as a player.', 'This was the first Super Bowl to feature a quarterback on both teams who was the #1 pick in their draft classes. Manning was the #1 selection of the 1998 NFL draft, while Newton was picked first in 2011. The matchup also pits the top two picks of the 2011 draft against each other: Newton for Carolina and Von Miller for Denver. Manning and Newton also set the record for the largest age difference between opposing Super Bowl quarterbacks at 13 years and 48 days (Manning was 39, Newton was 26).']","The context provided does not contain information about Peyton Manning's top receiver for Super Bowl 50. Therefore, I don't know the last name of the player who was Manning's top receiver for Super Bowl 50.",Sanders,1.0,0.0
Of what mountain system are the Victorian Alps a part?,"['Victoria contains many topographically, geologically and climatically diverse areas, ranging from the wet, temperate climate of Gippsland in the southeast to the snow-covered Victorian alpine areas which rise to almost 2,000 m (6,600 ft), with Mount Bogong the highest peak at 1,986 m (6,516 ft). There are extensive semi-arid plains to the west and northwest. There is an extensive series of river systems in Victoria. Most notable is the Murray River system. Other rivers include: Ovens River, Goulburn River,', ""The Victorian Alps in the northeast are the coldest part of Victoria. The Alps are part of the Great Dividing Range mountain system extending east-west through the centre of Victoria. Average temperatures are less than 9 °C (48 °F) in winter and below 0 °C (32 °F) in the highest parts of the ranges. The state's lowest minimum temperature of −11.7 °C (10.9 °F) was recorded at Omeo on 13 June 1965, and again at Falls Creek on 3 July 1970. Temperature extremes for the state are listed in the table below:"", ""The Mallee and upper Wimmera are Victoria's warmest regions with hot winds blowing from nearby semi-deserts. Average temperatures exceed 32 °C (90 °F) during summer and 15 °C (59 °F) in winter. Except at cool mountain elevations, the inland monthly temperatures are 2–7 °C (4–13 °F) warmer than around Melbourne (see chart). Victoria's highest maximum temperature since World War II, of 48.8 °C (119.8 °F) was recorded in Hopetoun on 7 February 2009, during the 2009 southeastern Australia heat wave."", 'Major events also play a big part in tourism in Victoria, particularly cultural tourism and sports tourism. Most of these events are centred on Melbourne, but others occur in regional cities, such as the V8 Supercars and Australian Motorcycle Grand Prix at Phillip Island, the Grand Annual Steeplechase at Warrnambool and the Australian International Airshow at Geelong and numerous local festivals such as the popular Port Fairy Folk Festival, Queenscliff Music Festival, Bells Beach SurfClassic and the Bright Autumn Festival.', 'Rail transport in Victoria is provided by several private and public railway operators who operate over government-owned lines. Major operators include: Metro Trains Melbourne which runs an extensive, electrified, passenger system throughout Melbourne and suburbs; V/Line which is now owned by the Victorian Government, operates a concentrated service to major regional centres, as well as long distance services on other lines; Pacific National, CFCL Australia which operate freight services; Great Southern Rail which operates The Overland Melbourne—Adelaide; and NSW TrainLink which operates XPTs Melbourne—Sydney.']",The Victorian Alps are part of the Great Dividing Range mountain system.,Great Dividing Range,1.0,0.8856029390977511
What have studies on income inequality sometimes found evidence confirming?,"['Studies on income inequality and growth have sometimes found evidence confirming the Kuznets curve hypothesis, which states that with economic development, inequality first increases, then decreases. Economist Thomas Piketty challenges this notion, claiming that from 1914 to 1945 wars and ""violent economic and political shocks"" reduced inequality. Moreover, Piketty argues that the ""magical"" Kuznets curve hypothesis, with its emphasis on the balancing of economic growth in the long run, cannot account for the significant increase in economic inequality throughout the developed world since the 1970s.', 'Some theories developed in the 1970s established possible avenues through which inequality may have a positive effect on economic development. According to a 1955 review, savings by the wealthy, if these increase with inequality, were thought to offset reduced consumer demand. A 2013 report on Nigeria suggests that growth has risen with increased income inequality. Some theories popular from the 1950s to 2011 incorrectly stated that inequality had a positive effect on economic development. Analyses based on comparing yearly equality figures to yearly growth rates were misleading because it takes several years for effects to manifest as changes to economic growth. IMF economists found a strong association between', 'Conservative researchers have argued that income inequality is not significant because consumption, rather than income should be the measure of inequality, and inequality of consumption is less extreme than inequality of income in the US. Will Wilkinson of the libertarian Cato Institute states that ""the weight of the evidence shows that the run-up in consumption inequality has been considerably less dramatic than the rise in income inequality,"" and consumption is more important than income. According to Johnson, Smeeding, and Tory, consumption inequality was actually lower in 2001 than it was in 1986. The debate is summarized in ""The Hidden Prosperity', 'concedes that the effect of trade on inequality in America is minor when compared to other causes, such as technological innovation, a view shared by other experts. Empirical economists Max Roser and Jesus Crespo-Cuaresma find support in the data that international trade is increasing income inequality. They empirically confirm the predictions of the Stolper–Samuelson theorem regarding the effects of international trade on the distribution of incomes. Lawrence Katz estimates that trade has only accounted for 5-15% of rising income inequality. Robert Lawrence argues that technological innovation and automation has meant that', ""Plotting the relationship between level of income and inequality, Kuznets saw middle-income developing economies level of inequality bulging out to form what is now known as the Kuznets curve. Kuznets demonstrated this relationship using cross-sectional data. However, more recent testing of this theory with superior panel data has shown it to be very weak. Kuznets' curve predicts that income inequality will eventually decrease given time. As an example, income inequality did fall in the United States during its High school movement from 1910 to 1940 and thereafter.[citation needed] However, recent data""]",Studies on income inequality have sometimes found evidence confirming the Kuznets curve hypothesis.,Kuznets curve hypothesis,1.0,0.8672328396580804
Which TFEU article defines the ordinary legislative procedure that applies for majority of EU acts?,"['To make new legislation, TFEU article 294 defines the ""ordinary legislative procedure"" that applies for most EU acts. The essence is there are three readings, starting with a Commission proposal, where the Parliament must vote by a majority of all MEPs (not just those present) to block or suggest changes, and the Council must vote by qualified majority to approve changes, but by unanimity to block Commission amendment. Where the different institutions cannot agree at any stage, a ""Conciliation Committee"" is convened, representing MEPs, ministers and the Commission to try and get', 'The primary law of the EU consists mainly of the founding treaties, the ""core"" treaties being the Treaty on European Union (TEU) and the Treaty on the Functioning of the European Union (TFEU). The Treaties contain formal and substantive provisions, which frame policies of the European Union institutions and determine the division of competences between the European Union and its member states. The TEU establishes that European Union law applies to the metropolitan territories of the member states, as well as certain islands and overseas territories, including Madeira, the Canary Islands and the French overseas departments. European Union', 'The European Commission is the main executive body of the European Union. Article 17(1) of the Treaty on European Union states the Commission should ""promote the general interest of the Union"" while Article 17(3) adds that Commissioners should be ""completely independent"" and not ""take instructions from any Government"". Under article 17(2), ""Union legislative acts may only be adopted on the basis of a Commission proposal, except where the Treaties provide otherwise."" This means that the Commission has a monopoly on initiating the legislative procedure, although the Council is the ""de facto catalyst of', 'TEU article 16(4) and TFEU article 238(3) define this to mean at least 55 per cent of the Council members (not votes) representing 65 per cent of the population of the EU: currently this means around 74 per cent, or 260 of the 352 votes. This is critical during the legislative process.', 'to propose legislation. During the ordinary legislative procedure, the Council (which are ministers from member state governments) and the European Parliament (elected by citizens) can make amendments and must give their consent for laws to pass. The Commission oversees departments and various agencies that execute or enforce EU law. The ""European Council"" (rather than the Council, made up of different government Ministers) is composed of the Prime Ministers or executive Presidents of the member states. It appoints the Commissioners and the board of the European Central Bank. The European Court of Justice is the supreme judicial body which interprets EU']",TFEU article 294,TFEU article 294,1.0,0.6833717230236158
"When imperialism impacts social norms of a state, what is it called?","['Imperialism is defined as ""A policy of extending a country’s power and influence through diplomacy or military force."" Imperialism is particularly focused on the control that one group, often a state power, has on another group of people. This is often through various forms of ""othering"" (see other) based on racial, religious, or cultural stereotypes. There are ""formal"" or ""informal"" imperialisms. ""Formal imperialism"" is defined as ""physical control or full-fledged colonial rule"". ""Informal imperialism"" is less direct; however, it is still a powerful', 'Imperialism is a type of advocacy of empire. Its name originated from the Latin word ""imperium"", which means to rule over large territories. Imperialism is ""a policy of extending a country\'s power and influence through colonization, use of military force, or other means"". Imperialism has greatly shaped the contemporary world. It has also allowed for the rapid spread of technologies and ideas. The term imperialism has been applied to Western (and Japanese) political and economic dominance especially in Asia and Africa in the 19th and 20th centuries. Its precise meaning continues to be debated by scholars. Some', 'to increased discussion of the meaning and impact of imperialism on the modern post-colonial world. The Russian leader Lenin suggested that ""imperialism was the highest form of capitalism, claiming that imperialism developed after colonialism, and was distinguished from colonialism by monopoly capitalism"". This idea from Lenin stresses how important new political world order has become in our modern era. Geopolitics now focuses on states becoming major economic players in the market; some states today are viewed as empires due to their political and economic authority over other nations.', 'Cultural imperialism is when a country\'s influence is felt in social and cultural circles, i.e. its soft power, such that it changes the moral, cultural and societal worldview of another. This is more than just ""foreign"" music, television or film becoming popular with young people, but that popular culture changing their own expectations of life and their desire for their own country to become more like the foreign country depicted. For example, depictions of opulent American lifestyles in the soap opera Dallas during the Cold War changed the expectations of Romanians; a more recent example is', 'The term ""imperialism"" is often conflated with ""colonialism"", however many scholars have argued that each have their own distinct definition. Imperialism and colonialism have been used in order to describe one\'s superiority, domination and influence upon a person or group of people. Robert Young writes that while imperialism operates from the center, is a state policy and is developed for ideological as well as financial reasons, colonialism is simply the development for settlement or commercial intentions. Colonialism in modern usage also tends to imply a degree of geographic separation between the colony and the imperial power.']",Cultural imperialism,Cultural imperialism,0.0,0.6739288867951001
What can significantly contribute to the continuing inequality in a society over time?,"['2013 Economics Nobel prize winner Robert J. Shiller said that rising inequality in the United States and elsewhere is the most important problem. Increasing inequality harms economic growth. High and persistent unemployment, in which inequality increases, has a negative effect on subsequent long-run economic growth. Unemployment can harm growth not only because it is a waste of resources, but also because it generates redistributive pressures and subsequent distortions, drives people to poverty, constrains liquidity limiting labor mobility, and erodes self-esteem promoting social dislocation, unrest and conflict. Policies aiming', 'Some theories developed in the 1970s established possible avenues through which inequality may have a positive effect on economic development. According to a 1955 review, savings by the wealthy, if these increase with inequality, were thought to offset reduced consumer demand. A 2013 report on Nigeria suggests that growth has risen with increased income inequality. Some theories popular from the 1950s to 2011 incorrectly stated that inequality had a positive effect on economic development. Analyses based on comparing yearly equality figures to yearly growth rates were misleading because it takes several years for effects to manifest as changes to economic growth. IMF economists found a strong association between', 'According to economists David Castells-Quintana and Vicente Royuela, increasing inequality harms economic growth. High and persistent unemployment, in which inequality increases, has a negative effect on subsequent long-run economic growth. Unemployment can harm growth not only because it is a waste of resources, but also because it generates redistributive pressures and subsequent distortions, drives people to poverty, constrains liquidity limiting labor mobility, and erodes self-esteem promoting social dislocation, unrest and conflict. Policies aiming at controlling unemployment and in particular at reducing its', 'In 1993, Galor and Zeira showed that inequality in the presence of credit market imperfections has a long lasting detrimental effect on human capital formation and economic development. A 1996 study by Perotti examined the channels through which inequality may affect economic growth. He showed that, in accordance with the credit market imperfection approach, inequality is associated with lower level of human capital formation (education, experience, and apprenticeship) and higher level of fertility, and thereby lower levels of growth. He found that inequality is associated with higher levels of redistributive taxation, which is associated with lower', 'Effects of inequality researchers have found include higher rates of health and social problems, and lower rates of social goods, a lower level of economic utility in society from resources devoted on high-end consumption, and even a lower level of economic growth when human capital is neglected for high-end consumption. For the top 21 industrialised countries, counting each person equally, life expectancy is lower in more unequal countries (r = -.907). A similar relationship exists among US states (r = -.620).']","High and persistent unemployment, credit market imperfections, and higher levels of redistributive taxation.",wealth condensation,0.6666666666666666,0.6318645570499768
In what year was the agreement to allow the Saarland settlement reached?,"['Prince Louis de Condé, along with his sons Daniel and Osias,[citation needed] arranged with Count Ludwig von Nassau-Saarbrücken to establish a Huguenot community in present-day Saarland in 1604. The Count supported mercantilism and welcomed technically skilled immigrants into his lands, regardless of their religion. The Condés established a thriving glass-making works, which provided wealth to the principality for many years. Other founding families created enterprises based on textiles and such traditional Huguenot occupations in France. The community and its congregation remain active to this day,', 'Despite the disagreements on the Eucharist, the Marburg Colloquy paved the way for the signing in 1530 of the Augsburg Confession, and for the formation of the Schmalkaldic League the following year by leading Protestant nobles such as John of Saxony, Philip of Hesse, and George, Margrave of Brandenburg-Ansbach. The Swiss cities, however, did not sign these agreements.', ""The war in North America officially ended with the signing of the Treaty of Paris on 10 February 1763, and war in the European theatre of the Seven Years' War was settled by the Treaty of Hubertusburg on 15 February 1763. The British offered France the choice of surrendering either its continental North American possessions east of the Mississippi or the Caribbean islands of Guadeloupe and Martinique, which had been occupied by the British. France chose to cede the former, but was able to negotiate the retention of Saint Pierre and Miquelon, two small islands in the Gulf of St."", 'Nations, and also by the Cherokee – until differences sparked the Anglo-Cherokee War in 1758. In 1758 the Pennsylvania government successfully negotiated the Treaty of Easton, in which a number of tribes in the Ohio Country promised neutrality in exchange for land concessions and other considerations. Most of the other northern tribes sided with the French, their primary trading partner and supplier of arms. The Creek and Cherokee were subject to diplomatic efforts by both the French and British to gain either their support or neutrality in the conflict. It was not uncommon for small bands to participate on the ""other side"" of the conflict', ""The War of the Austrian Succession (whose North American theater is known as King George's War) formally ended in 1748 with the signing of the Treaty of Aix-la-Chapelle. The treaty was primarily focused on resolving issues in Europe. The issues of conflicting territorial claims between British and French colonies in North America were turned over to a commission to resolve, but it reached no decision. Frontiers from between Nova Scotia and Acadia in the north, to the Ohio Country in the south, were claimed by both sides. The disputes also extended into the Atlantic Ocean, where both powers""]",1604,1604,1.0,0.4638619736694863
Many construction companies are now placing more emphasis on what?,"['The modern trend in design is toward integration of previously separated specialties, especially among large firms. In the past, architects, interior designers, engineers, developers, construction managers, and general contractors were more likely to be entirely separate companies, even in the larger firms. Presently, a firm that is nominally an ""architecture"" or ""construction management"" firm may have experts from all related fields as employees, or to have an associated company that provides each necessary skill. Thus, each such firm may offer itself as ""one-stop shopping"" for a construction project, from beginning to end.', 'There is also a growing number of new forms of procurement that involve relationship contracting where the emphasis is on a co-operative relationship between the principal and contractor and other stakeholders within a construction project. New forms include partnering such as Public-Private Partnering (PPPs) aka private finance initiatives (PFIs) and alliances such as ""pure"" or ""project"" alliances and ""impure"" or ""strategic"" alliances. The focus on co-operation is to ameliorate the many problems that arise from the often highly competitive and adversarial practices within the construction industry.', 'In general, there are three sectors of construction: buildings, infrastructure and industrial. Building construction is usually further divided into residential and non-residential (commercial/institutional). Infrastructure is often called heavy/highway, heavy civil or heavy engineering. It includes large public works, dams, bridges, highways, water/wastewater and utility distribution. Industrial includes refineries, process chemical, power generation, mills and manufacturing plants. There are other ways to break the industry into sectors or markets.', 'The Standard Industrial Classification and the newer North American Industry Classification System have a classification system for companies that perform or otherwise engage in construction. To recognize the differences of companies in this sector, it is divided into three subsectors: building construction, heavy and civil engineering construction, and specialty trade contractors. There are also categories for construction service firms (e.g., engineering, architecture) and construction managers (firms engaged in managing construction projects without assuming direct financial responsibility for completion of the construction project).', 'Large-scale construction requires collaboration across multiple disciplines. An architect normally manages the job, and a construction manager, design engineer, construction engineer or project manager supervises it. For the successful execution of a project, effective planning is essential. Those involved with the design and execution of the infrastructure in question must consider zoning requirements, the environmental impact of the job, the successful scheduling, budgeting, construction-site safety, availability and transportation of building materials, logistics, inconvenience to the public caused by construction delays and bidding, etc. The largest construction projects are referred to as']",Co-operation and integration of previously separated specialties.,establishing relationships with other necessary participants through the design-build process,1.0,0.5221156445808859
When did the North American French and Indian War end?,"[""The war in North America officially ended with the signing of the Treaty of Paris on 10 February 1763, and war in the European theatre of the Seven Years' War was settled by the Treaty of Hubertusburg on 15 February 1763. The British offered France the choice of surrendering either its continental North American possessions east of the Mississippi or the Caribbean islands of Guadeloupe and Martinique, which had been occupied by the British. France chose to cede the former, but was able to negotiate the retention of Saint Pierre and Miquelon, two small islands in the Gulf of St."", ""The French and Indian War (1754–1763) was the North American theater of the worldwide Seven Years' War. The war was fought between the colonies of British America and New France, with both sides supported by military units from their parent countries of Great Britain and France, as well as Native American allies. At the start of the war, the French North American colonies had a population of roughly 60,000 European settlers, compared with 2 million in the British North American colonies. The outnumbered French particularly depended on the Indians. Long in conflict, the metropole nations declared war on each"", ""The War of the Austrian Succession (whose North American theater is known as King George's War) formally ended in 1748 with the signing of the Treaty of Aix-la-Chapelle. The treaty was primarily focused on resolving issues in Europe. The issues of conflicting territorial claims between British and French colonies in North America were turned over to a commission to resolve, but it reached no decision. Frontiers from between Nova Scotia and Acadia in the north, to the Ohio Country in the south, were claimed by both sides. The disputes also extended into the Atlantic Ocean, where both powers"", 'In Europe, the North American theater of the Seven Years\' War usually is not given a separate name. The entire international conflict is known as the Seven Years\' War. ""Seven Years"" refers to events in Europe, from the official declaration of war in 1756 to the signing of the peace treaty in 1763. These dates do not correspond with the fighting on mainland North America, where the fighting between the two colonial powers was largely concluded in six years, from the Battle of Jumonville Glen in 1754 to the capture of Montreal in 1760.', ""Years' War, a much larger conflict between France and Great Britain. American historians generally use the traditional name or sometimes the Seven Years' War. Other, less frequently used names for the war include the Fourth Intercolonial War and the Great War for the Empire.""]",The North American French and Indian War ended in 1763.,signing of the Treaty of Paris on 10 February 1763,1.0,0.9999999999998223
Who founded Telnet ,"[""Telenet was the first FCC-licensed public data network in the United States. It was founded by former ARPA IPTO director Larry Roberts as a means of making ARPANET technology public. He had tried to interest AT&T in buying the technology, but the monopoly's reaction was that this was incompatible with their future. Bolt, Beranack and Newman (BBN) provided the financing. It initially used ARPANET technology but changed the host interface to X.25 and the terminal interface to X.29. Telenet designed these protocols and helped"", 'The Computer Science Network (CSNET) was a computer network funded by the U.S. National Science Foundation (NSF) that began operation in 1981. Its purpose was to extend networking benefits, for computer science departments at academic and research institutions that could not be directly connected to ARPANET, due to funding or authorization limitations. It played a significant role in spreading awareness of, and access to, national networking and was a major milestone on the path to development of the global Internet.', ""Starting in 1965, Donald Davies at the National Physical Laboratory, UK, independently developed the same message routing methodology as developed by Baran. He called it packet switching, a more accessible name than Baran's, and proposed to build a nationwide network in the UK. He gave a talk on the proposal in 1966, after which a person from the Ministry of Defence (MoD) told him about Baran's work. A member of Davies' team (Roger Scantlebury) met Lawrence Roberts at the 1967 ACM Symposium on Operating System Principles and suggested it for use in the"", ""In 1965, at the instigation of Warner Sinback, a data network based on this voice-phone network was designed to connect GE's four computer sales and service centers (Schenectady, Phoenix, Chicago, and Phoenix) to facilitate a computer time-sharing service, apparently the world's first commercial online service. (In addition to selling GE computers, the centers were computer service bureaus, offering batch processing services. They lost money from the beginning, and Sinback, a high-level marketing manager, was given the job of turning the business"", 'standardize them in the CCITT. Telenet was incorporated in 1973 and started operations in 1975. It went public in 1979 and was then sold to GTE.']",Larry Roberts,Larry Roberts,0.0,0.39643808190085966
How many people were registered to receive the HD service prior to launch?,"['BSkyB launched its HDTV service, Sky+ HD, on 22 May 2006. Prior to its launch, BSkyB claimed that 40,000 people had registered to receive the HD service. In the week before the launch, rumours started to surface that BSkyB was having supply issues with its set top box (STB) from manufacturer Thomson. On Thursday 18 May 2006, and continuing through the weekend before launch, people were reporting that BSkyB had either cancelled or rescheduled its installation. Finally, the BBC reported that 17,000 customers had yet to receive', 'the service due to failed deliveries. On 31 March 2012, Sky announced the total number of homes with Sky+HD was 4,222,000.', ""BSkyB's direct-to-home satellite service became available in 10 million homes in 2010, Europe's first pay-TV platform in to achieve that milestone. Confirming it had reached its target, the broadcaster said its reach into 36% of households in the UK represented an audience of more than 25m people. The target was first announced in August 2004, since then an additional 2.4m customers had subscribed to BSkyB's direct-to-home service. Media commentators had debated whether the figure could be reached as the growth in subscriber"", 'On Demand service to carry a modest selection of HD content. Virgin Media has nevertheless made a number of statements over the years, suggesting that more linear HD channels are on the way.', 'to issue the Sky+HD Box as standard, thus giving all new subscribers the functions of Sky+. In February 2011 BSkyB discontinued the non-HD variant of its Multiroom box, offering a smaller version of the SkyHD box without Sky+ functionality. In September 2007, Sky launched a new TV advertising campaign targeting Sky+ at women. As of 31 March 2008, Sky had 3,393,000 Sky+ users.']","40,000 people","40,000",1.0,0.6632252899286897
Where did water on the eastern side of the amazon basin travel after the split?,"['During the mid-Eocene, it is believed that the drainage basin of the Amazon was split along the middle of the continent by the Purus Arch. Water on the eastern side flowed toward the Atlantic, while to the west water flowed toward the Pacific across the Amazonas Basin. As the Andes Mountains rose, however, a large basin was created that enclosed a lake; now known as the Solimões Basin. Within the last 5–10 million years, this accumulating water broke through the Purus Arch, joining the easterly flow toward the Atlantic.', ""The first European to travel the length of the Amazon River was Francisco de Orellana in 1542. The BBC's Unnatural Histories presents evidence that Orellana, rather than exaggerating his claims as previously thought, was correct in his observations that a complex civilization was flourishing along the Amazon in the 1540s. It is believed that the civilization was later devastated by the spread of diseases from Europe, such as smallpox. Since the 1970s, numerous geoglyphs have been discovered on deforested land dating between AD 0–1250, furthering claims about Pre-Columbian"", 'and grassland; other scientists argue that the rainforest remained largely intact but extended less far to the north, south, and east than is seen today. This debate has proved difficult to resolve because the practical limitations of working in the rainforest mean that data sampling is biased away from the center of the Amazon basin, and both explanations are reasonably well supported by the available data.', 'The Amazon rainforest (Portuguese: Floresta Amazônica or Amazônia; Spanish: Selva Amazónica, Amazonía or usually Amazonia; French: Forêt amazonienne; Dutch: Amazoneregenwoud), also known in English as Amazonia or the Amazon Jungle, is a moist broadleaf forest that covers most of the Amazon basin of South America. This basin encompasses 7,000,000 square kilometres (2,700,000 sq mi), of which 5,500,000 square kilometres (2,100,000 sq mi) are covered by the', ""the ice and a large lake developed, that overflowed through the English Channel. This caused the Rhine's course to be diverted through the English Channel. Since then, during glacial times, the river mouth was located offshore of Brest, France and rivers, like the Thames and the Seine, became tributaries to the Rhine. During interglacials, when sea level rose to approximately the present level, the Rhine built deltas, in what is now the Netherlands.""]",The Atlantic Ocean,the Atlantic,1.0,0.531404935109733
Who ordered the attack on the caravan of traders Genghis Khan send to Khwarezmia?,"['In the early 13th century, the Khwarazmian dynasty was governed by Shah Ala ad-Din Muhammad. Genghis Khan saw the potential advantage in Khwarezmia as a commercial trading partner using the Silk Road, and he initially sent a 500-man caravan to establish official trade ties with the empire. However, Inalchuq, the governor of the Khwarezmian city of Otrar, attacked the caravan that came from Mongolia, claiming that the caravan contained spies and therefore was a conspiracy against Khwarezmia. The situation became further complicated because', 'After the defeat of the Khwarezmian Empire in 1220, Genghis Khan gathered his forces in Persia and Armenia to return to the Mongolian steppes. Under the suggestion of Subutai, the Mongol army was split into two forces. Genghis Khan led the main army on a raid through Afghanistan and northern India towards Mongolia, while another 20,000 (two tumen) contingent marched through the Caucasus and into Russia under generals Jebe and Subutai. They pushed deep into Armenia and Azerbaijan. The Mongols destroyed the kingdom of Georgia, sacked the Genoese', ""The Mongols' conquest, even by their own standards, was brutal. After the capital Samarkand fell, the capital was moved to Bukhara by the remaining men, while Genghis Khan ordered two of his generals and their forces to completely destroy the remnants of the Khwarezmid Empire, including not only royal buildings, but entire towns, populations, and even vast swaths of farmland. According to legend, Genghis Khan even went so far as to divert a river through the Khwarezmid emperor's birthplace, erasing it from"", 'The Mongol army under Genghis Khan, generals and his sons crossed the Tien Shan mountains by entering the area controlled by the Khwarezmian Empire. After compiling intelligence from many sources Genghis Khan carefully prepared his army, which was divided into three groups. His son Jochi led the first division into the northeast of Khwarezmia. The second division under Jebe marched secretly to the southeast part of Khwarzemia to form, with the first division, a pincer attack on Samarkand. The third division under Genghis Khan and', ""The Shah's army was split by diverse internecine feuds and by the Shah's decision to divide his army into small groups concentrated in various cities. This fragmentation was decisive in Khwarezmia's defeats, as it allowed the Mongols, although exhausted from the long journey, to immediately set about defeating small fractions of the Khwarzemi forces instead of facing a unified defense. The Mongol army quickly seized the town of Otrar, relying on superior strategy and tactics. Genghis Khan ordered the wholesale massacre of many of the civilians, enslaved the rest""]","Inalchuq, the governor of the Khwarezmian city of Otrar.",Inalchuq,1.0,0.6698171868534079
How long would Tesla spend gambling sometimes?,"['During his second year of study at Graz, Tesla developed a passion for (and became very proficient at) billiards, chess and card-playing, sometimes spending more than 48 hours in a stretch at a gaming table.:43, 301 On one occasion at his laboratory, Tesla worked for a period of 84 hours without sleep or rest.:208 Kenneth Swezey, a journalist whom Tesla had befriended, confirmed that Tesla rarely slept. Swezey recalled one morning when Tesla called him at 3 a.m.: ""I was sleeping in my room like one dead', 'tuition money, later gambling back his initial losses and returning the balance to his family. Tesla said that he ""conquered [his] passion then and there,"" but later he was known to play billiards in the US. When exam time came, Tesla was unprepared and asked for an extension to study, but was denied. He never graduated from the university and did not receive grades for the last semester.', '[his] father made light of [those] hard won honors."" After his father\'s death in 1879, Tesla found a package of letters from his professors to his father, warning that unless he were removed from the school, Tesla would be killed through overwork. During his second year, Tesla came into conflict with Professor Poeschl over the Gramme dynamo, when Tesla suggested that commutators weren\'t necessary. At the end of his second year, Tesla lost his scholarship and became addicted to gambling. During his third year, Tesla gambled away his allowance and his', 'Tesla worked every day from 9:00 a.m. until 6:00 p.m. or later, with dinner from exactly 8:10 p.m., at Delmonico\'s restaurant and later the Waldorf-Astoria Hotel. Tesla would telephone his dinner order to the headwaiter, who also could be the only one to serve him. ""The meal was required to be ready at eight o\'clock ... He dined alone, except on the rare occasions when he would give a dinner to a group to meet his social obligations. Tesla would', 'Starting in 1934, the Westinghouse Electric & Manufacturing Company began paying Tesla $125 per month as well as paying his rent at the Hotel New Yorker, expenses the Company would pay for the rest of Tesla\'s life. Accounts on how this came about vary. Several sources say Westinghouse was worried about potential bad publicity surrounding the impoverished conditions their former star inventor was living under. It has been described as being couched in the form of a ""consulting fee"" to get around Tesla\'s aversion to accept charity, or by one biographer (Marc Seifer),']",More than 48 hours in a stretch.,more than 48 hours,0.0,0.4267144949090766
Which famous evolutionist was influenced by the book Principles of Geology?,"[""Sir Charles Lyell first published his famous book, Principles of Geology, in 1830. This book, which influenced the thought of Charles Darwin, successfully promoted the doctrine of uniformitarianism. This theory states that slow geological processes have occurred throughout the Earth's history and are still occurring today. In contrast, catastrophism is the theory that Earth's features formed in single, catastrophic events and remained unchanged thereafter. Though Hutton believed in uniformitarianism, the idea was not widely accepted at the time."", ""The principle of faunal succession is based on the appearance of fossils in sedimentary rocks. As organisms exist at the same time period throughout the world, their presence or (sometimes) absence may be used to provide a relative age of the formations in which they are found. Based on principles laid out by William Smith almost a hundred years before the publication of Charles Darwin's theory of evolution, the principles of succession were developed independently of evolutionary thought. The principle becomes quite complex, however, given the uncertainties of fossilization, the localization of fossil types due to lateral changes in habitat"", '(Avicenna, 981–1037) proposed detailed explanations for the formation of mountains, the origin of earthquakes, and other topics central to modern geology, which provided an essential foundation for the later development of the science. In China, the polymath Shen Kuo (1031–1095) formulated a hypothesis for the process of land formation: based on his observation of fossil animal shells in a geological stratum in a mountain hundreds of miles from the ocean, he inferred that the land was formed by erosion of the mountains and by deposition of', 'James Hutton is often viewed as the first modern geologist. In 1785 he presented a paper entitled Theory of the Earth to the Royal Society of Edinburgh. In his paper, he explained his theory that the Earth must be much older than had previously been supposed in order to allow enough time for mountains to be eroded and for sediments to form new rocks at the bottom of the sea, which in turn were raised up to become dry land. Hutton published a two-volume version of his ideas in 1795 (Vol. 1, Vol. 2).', 'Other prominent alumni include anthropologists David Graeber and Donald Johanson, who is best known for discovering the fossil of a female hominid australopithecine known as ""Lucy"" in the Afar Triangle region, psychologist John B. Watson, American psychologist who established the psychological school of behaviorism, communication theorist Harold Innis, chess grandmaster Samuel Reshevsky, and conservative international relations scholar and White House Coordinator of Security Planning for the National Security Council Samuel P. Huntington.']",Charles Darwin,Charles Darwin,1.0,0.6104168666836762
Residential construction can generate what is not carefully planned?,"['Building construction is the process of adding structure to real property or construction of buildings. The majority of building construction jobs are small renovations, such as addition of a room, or renovation of a bathroom. Often, the owner of the property acts as laborer, paymaster, and design team for the entire project. Although building construction projects typically include various common elements, such as design, financial, estimating and legal considerations, many projects of varying sizes reach undesirable end results, such as structural collapse, cost overruns, and/or litigation. For this reason, those with', 'Residential construction practices, technologies, and resources must conform to local building authority regulations and codes of practice. Materials readily available in the area generally dictate the construction materials used (e.g. brick versus stone, versus timber). Cost of construction on a per square meter (or per square foot) basis for houses can vary dramatically based on site conditions, local regulations, economies of scale (custom designed homes are often more expensive to build) and the availability of skilled tradespeople. As residential construction (as well as all other types of construction) can generate a lot of', 'Construction is the process of constructing a building or infrastructure. Construction differs from manufacturing in that manufacturing typically involves mass production of similar items without a designated purchaser, while construction typically takes place on location for a known client. Construction as an industry comprises six to nine percent of the gross domestic product of developed countries. Construction starts with planning,[citation needed] design, and financing and continues until the project is built and ready for use.', 'Before the foundation can be dug, contractors are typically required to verify and have existing utility lines marked, either by the utilities themselves or through a company specializing in such services. This lessens the likelihood of damage to the existing electrical, water, sewage, phone, and cable facilities, which could cause outages and potentially hazardous situations. During the construction of a building, the municipal building inspector inspects the building periodically to ensure that the construction adheres to the approved plans and the local building code. Once construction is complete and a final inspection has been passed, an occupancy permit', 'In the modern industrialized world, construction usually involves the translation of designs into reality. A formal design team may be assembled to plan the physical proceedings, and to integrate those proceedings with the other parts. The design usually consists of drawings and specifications, usually prepared by a design team including Architect, civil engineers, mechanical engineers, electrical engineers, structural engineers, fire protection engineers, planning consultants, architectural consultants, and archaeological consultants. The design team is most commonly employed by (i.e. in contract with) the property owner. Under this system, once the design is completed by the design']",Litigation,a lot of waste,1.0,0.497134534595983
The success of the Britain Can Make It exhibition led to the planning of what exhibition in 1951?,"['Before the return of the collections after the war, the Britain Can Make It exhibition was held between September and November 1946, attracting nearly a million and a half visitors. This was organised by the Council of Industrial Design established by the British government in 1944 ""to promote by all practicable means the improvement of design in the products of British industry"". The success of this exhibition led to the planning of the Festival of Britain (1951). By 1948 most of the collections had been returned to the museum.', 'The official opening by Queen Victoria was on 22 June 1857. In the following year, late night openings were introduced, made possible by the use of gas lighting. This was to enable in the words of Cole ""to ascertain practically what hours are most convenient to the working classes""—this was linked to the use of the collections of both applied art and science as educational resources to help boost productive industry. In these early years the practical use of the collection was very much emphasised as opposed to that of ""High Art"" at the National Gallery and scholarship at the British', ""The V&A has its origins in the Great Exhibition of 1851, with which Henry Cole, the museum's first director, was involved in planning; initially it was known as the Museum of Manufactures, first opening in May 1852 at Marlborough House, but by September had been transferred to Somerset House. At this stage the collections covered both applied art and science. Several of the exhibits from the Exhibition were purchased to form the nucleus of the collection. By February 1854 discussions were underway to transfer the museum to the current site and it was renamed South Kensington Museum. In 1855 the German architect"", 'a major redesign of all the galleries in the museum; this is known as ""FuturePlan"", and was created in consultation with the exhibition designers and masterplanners Metaphor. The plan is expected to take about ten years and was started in 2002. To date several galleries have been redesigned, notably, in 2002: the main Silver Gallery, Contemporary; in 2003: Photography, the main entrance, The Painting Galleries; in 2004: the tunnel to the subway leading to South Kensington tube station, New signage throughout the museum, architecture, V&A and RIBA reading rooms and', 'Museum. George Wallis (1811–1891), the first Keeper of Fine Art Collection, passionately promoted the idea of wide art education through the museum collections. This led to the transfer to the museum of the School of Design that had been founded in 1837 at Somerset House; after the transfer it was referred to as the Art School or Art Training School, later to become the Royal College of Art which finally achieved full independence in 1949. From the 1860s to the 1880s the scientific collections had been moved from the main museum site to various improvised galleries to the west of Exhibition Road. In']",The Festival of Britain,Festival of Britain,0.0,0.5494097420308824
When is the suspended team scheduled to return?,"['From 2005 to 2014, there were two Major League Soccer teams in Los Angeles — the LA Galaxy and Chivas USA — that both played at the StubHub Center and were local rivals. However, Chivas were suspended following the 2014 MLS season, with a second MLS team scheduled to return in 2018.', 'Kenya Football Federation, leading to a suspension by FIFA which was lifted in March 2007.', 'de-emphasized varsity athletics in 1939 and dropped football. (In 1969, Chicago reinstated football as a Division III team, resuming playing its home games at the new Stagg Field.)', 'beginning of an act or segment, before appearing throughout programs (except during commercial breaks) beginning in the 1995–96 season; the respective iterations of the translucent logo bug were also incorporated within program promotions until the 2011–12 season.', 'weeks after breaking his right arm in the NFC title game.']",2018,2018,1.0,0.5142501544622183
Which Count did the Prince strike an arrangement with?,"['Prince Louis de Condé, along with his sons Daniel and Osias,[citation needed] arranged with Count Ludwig von Nassau-Saarbrücken to establish a Huguenot community in present-day Saarland in 1604. The Count supported mercantilism and welcomed technically skilled immigrants into his lands, regardless of their religion. The Condés established a thriving glass-making works, which provided wealth to the principality for many years. Other founding families created enterprises based on textiles and such traditional Huguenot occupations in France. The community and its congregation remain active to this day,', 'assassinated in a coup involving five princes from a rival faction, perhaps steppe elite opposed to Confucian reforms. They placed Yesün Temür (or Taidingdi) on the throne, and, after an unsuccessful attempt to calm the princes, he also succumbed to regicide.', 'Various princes of the Holy Land arrived in Limassol at the same time, in particular Guy de Lusignan. All declared their support for Richard provided that he support Guy against his rival Conrad of Montferrat. The local barons abandoned Isaac, who considered making peace with Richard, joining him on the crusade, and offering his daughter in marriage to the person named by Richard. But Isaac changed his mind and tried to escape. Richard then proceeded to conquer the whole island, his troops being led by Guy de Lusignan. Isaac surrendered and was confined with silver chains, because Richard had', 'Stadtholder William III of Orange, who later became King of England, emerged as the strongest opponent of king Louis XIV after the French attacked the Dutch Republic in 1672. William formed the League of Augsburg as a coalition to oppose Louis and the French state. Consequently, many Huguenots considered the wealthy and Calvinist Dutch Republic, which led the opposition to Louis XIV, as the most attractive country for exile after the revocation of the Edict of Nantes. They also found many French-speaking Calvinist churches there.', ""The War of the Austrian Succession (whose North American theater is known as King George's War) formally ended in 1748 with the signing of the Treaty of Aix-la-Chapelle. The treaty was primarily focused on resolving issues in Europe. The issues of conflicting territorial claims between British and French colonies in North America were turned over to a commission to resolve, but it reached no decision. Frontiers from between Nova Scotia and Acadia in the north, to the Ohio Country in the south, were claimed by both sides. The disputes also extended into the Atlantic Ocean, where both powers""]",Count Ludwig von Nassau-Saarbrücken,Count Ludwig von Nassau-Saarbrücken,1.0,0.5797746927606148
Where did two of Triton's daughters set out on a journey through?,"[""The origin of the legendary figure is not fully known. The best-known legend, by Artur Oppman, is that long ago two of Triton's daughters set out on a journey through the depths of the oceans and seas. One of them decided to stay on the coast of Denmark and can be seen sitting at the entrance to the port of Copenhagen. The second mermaid reached the mouth of the Vistula River and plunged into its waters. She stopped to rest on a sandy beach by the village of Warszowa, where fishermen came to admire her beauty and listen to her"", ""Céloron's expedition force consisted of about 200 Troupes de la marine and 30 Indians. The expedition covered about 3,000 miles (4,800 km) between June and November 1749. It went up the St. Lawrence, continued along the northern shore of Lake Ontario, crossed the portage at Niagara, and followed the southern shore of Lake Erie. At the Chautauqua Portage (near present-day Barcelona, New York), the expedition moved inland to the Allegheny River, which it followed to the site of present-day Pittsburgh. There Céloron buried"", ""In April 1191 Richard the Lion-hearted left Messina with a large fleet in order to reach Acre. But a storm dispersed the fleet. After some searching, it was discovered that the boat carrying his sister and his fiancée Berengaria was anchored on the south coast of Cyprus, together with the wrecks of several other ships, including the treasure ship. Survivors of the wrecks had been taken prisoner by the island's despot Isaac Komnenos. On 1 May 1191, Richard's fleet arrived in the port of Limassol on Cyprus. He ordered Isaac"", 'Börte had three more sons, Chagatai (1187—1241), Ögedei (1189—1241), and Tolui (1190–1232). Genghis Khan also had many other children with his other wives, but they were excluded from the succession. While the names of sons were documented, daughters were not. The names of at least six daughters are known, and while they played significant roles behind the scenes during his lifetime, no documents have survived that definitively provide the number or names of daughters born to the consorts', 'When Céloron\'s expedition arrived at Logstown, the Native Americans in the area informed Céloron that they owned the Ohio Country and that they would trade with the British regardless of the French. Céloron continued south until his expedition reached the confluence of the Ohio and the Miami rivers, which lay just south of the village of Pickawillany, the home of the Miami chief known as ""Old Briton"". Céloron threatened ""Old Briton"" with severe consequences if he continued to trade with the British. ""Old Briton"" ignored the warning.']",The depths of the oceans and seas.,depths of the oceans and seas,1.0,0.0
Name a type of Toyota compact trucks?,"['Compact trucks were introduced, such as the Toyota Hilux and the Datsun Truck, followed by the Mazda Truck (sold as the Ford Courier), and the Isuzu-built Chevrolet LUV. Mitsubishi rebranded its Forte as the Dodge D-50 a few years after the oil crisis. Mazda, Mitsubishi and Isuzu had joint partnerships with Ford, Chrysler, and GM, respectively. Later the American makers introduced their domestic replacements (Ford Ranger, Dodge Dakota and the Chevrolet S10/GMC S-15), ending their captive import policy.', 'Some buyers lamented the small size of the first Japanese compacts, and both Toyota and Nissan (then known as Datsun) introduced larger cars such as the Toyota Corona Mark II, the Toyota Cressida, the Mazda 616 and Datsun 810, which added passenger space and amenities such as air conditioning, power steering, AM-FM radios, and even power windows and central locking without increasing the price of the vehicle. A decade after the 1973 oil crisis, Honda, Toyota and Nissan, affected by the 1981 voluntary export restraints, opened US assembly plants and established their', 'The crisis reduced the demand for large cars. Japanese imports, primarily the Toyota Corona, the Toyota Corolla, the Datsun B210, the Datsun 510, the Honda Civic, the Mitsubishi Galant (a captive import from Chrysler sold as the Dodge Colt), the Subaru DL, and later the Honda Accord all had four cylinder engines that were more fuel efficient than the typical American V8 and six cylinder engines. Japanese imports became mass-market leaders with unibody construction and front-wheel drive, which became de facto standards.', '(except for the M-body Dodge Diplomat/Plymouth Gran Fury and Chrysler New Yorker Fifth Avenue sedans).', 'Federal safety standards, such as NHTSA Federal Motor Vehicle Safety Standard 215 (pertaining to safety bumpers), and compacts like the 1974 Mustang I were a prelude to the DOT ""downsize"" revision of vehicle categories. By 1977, GM\'s full-sized cars reflected the crisis. By 1979, virtually all ""full-size"" American cars had shrunk, featuring smaller engines and smaller outside dimensions. Chrysler ended production of their full-sized luxury sedans at the end of the 1981 model year, moving instead to a full front-wheel drive lineup for 1982']",Toyota Hilux,Toyota Hilux,1.0,0.6974895713824578
In lands attributed to what tribe are found remains of large settlements?,"['Terra preta (black earth), which is distributed over large areas in the Amazon forest, is now widely accepted as a product of indigenous soil management. The development of this fertile soil allowed agriculture and silviculture in the previously hostile environment; meaning that large portions of the Amazon rainforest are probably the result of centuries of human management, rather than naturally occurring as has previously been supposed. In the region of the Xingu tribe, remains of some of these large settlements in the middle of the Amazon forest were found in 2003 by Michael Heckenberger and colleagues of the', 'Iroquoian-speaking Mingo. These tribes were formally under Iroquois rule, and were limited by them in authority to make agreements.', ""The African Great Lakes region, which Kenya is a part of, has been inhabited by humans since the Lower Paleolithic period. By the first millennium AD, the Bantu expansion had reached the area from West-Central Africa. The borders of the modern state consequently comprise the crossroads of the Niger-Congo, Nilo-Saharan and Afroasiatic areas of the continent, representing most major ethnolinguistic groups found in Africa. Bantu and Nilotic populations together constitute around 97% of the nation's residents. European and Arab presence in coastal Mombasa dates"", '""Half-King"" Tanacharison and an Iroquois representative, agreed to terms that included permission to build a ""strong house"" at the mouth of the Monongahela River (the site of present-day Pittsburgh, Pennsylvania). By the late 17th century, the Iroquois had pushed many tribes out of the Ohio Valley, and kept it as hunting ground by right of conquest.', 'The area of the modern city of Jacksonville has been inhabited for thousands of years. On Black Hammock Island in the national Timucuan Ecological and Historic Preserve, a University of North Florida team discovered some of the oldest remnants of pottery in the United States, dating to 2500 BC. In the 16th century, the beginning of the historical era, the region was inhabited by the Mocama, a coastal subgroup of the Timucua people. At the time of contact with Europeans, all Mocama villages in present-day Jacksonville were part of the powerful chiefdom known as the']",Xingu tribe,Xingu tribe,0.0,0.5918151345333944
Where did Luther spend his career?,"[""Martin Luther (/ˈluːθər/ or /ˈluːðər/; German: [ˈmaɐ̯tiːn ˈlʊtɐ] ( listen); 10 November 1483 – 18 February 1546) was a German professor of theology, composer, priest, former monk and a seminal figure in the Protestant Reformation. Luther came to reject several teachings and practices of the Late Medieval Catholic Church. He strongly disputed the claim that freedom from God's punishment for sin could be purchased with money. He proposed an academic discussion of the power and"", ""Martin Luther was born to Hans Luder (or Ludher, later Luther) and his wife Margarethe (née Lindemann) on 10 November 1483 in Eisleben, Saxony, then part of the Holy Roman Empire. He was baptized as a Catholic the next morning on the feast day of St. Martin of Tours. His family moved to Mansfeld in 1484, where his father was a leaseholder of copper mines and smelters and served as one of four citizen representatives on the local council. The religious scholar Martin Marty describes Luther's mother as"", ""Luther's writings circulated widely, reaching France, England, and Italy as early as 1519. Students thronged to Wittenberg to hear Luther speak. He published a short commentary on Galatians and his Work on the Psalms. This early part of Luther's career was one of his most creative and productive. Three of his best-known works were published in 1520: To the Christian Nobility of the German Nation, On the Babylonian Captivity of the Church, and On the Freedom of a Christian."", 'Luther dedicated himself to the Augustinian order, devoting himself to fasting, long hours in prayer, pilgrimage, and frequent confession. Luther described this period of his life as one of deep spiritual despair. He said, ""I lost touch with Christ the Savior and Comforter, and made of him the jailer and hangman of my poor soul."" Johann von Staupitz, his superior, pointed Luther\'s mind away from continual reflection upon his sins toward the merits of Christ. He taught that true repentance does not involve self-inflicted penances and', 'In 1521 Luther dealt largely with prophecy, in which he broadened the foundations of the Reformation placing them on prophetic faith. His main interest was centered on the prophecy of the Little Horn in Daniel 8:9–12, 23–25. The antichrist of 2 Thessalonians 2 was identified as the power of the Papacy. So too was the Little Horn of Daniel 7, coming up among the divisions of Rome, explicitly applied.']",Wittenberg,University of Wittenberg,0.0,0.6456682419134744
"According to Oxfam, the 85 richest people have wealth equal to how many average people?","[""to a Los Angeles Times analysis of the report, the wealthiest 1% owns 46% of the world's wealth; the 85 richest people, a small part of the wealthiest 1%, own about 0.7% of the human population's wealth, which is the same as the bottom half of the population. More recently, in January 2015, Oxfam reported that the wealthiest 1 percent will own more than half of the global wealth by 2016. An October 2014 study by Credit Suisse also claims that the top 1% now own nearly half of the world's wealth and"", 'A study by the World Institute for Development Economics Research at United Nations University reports that the richest 1% of adults alone owned 40% of global assets in the year 2000. The three richest people in the world possess more financial assets than the lowest 48 nations combined. The combined wealth of the ""10 million dollar millionaires"" grew to nearly $41 trillion in 2008. A January 2014 report by Oxfam claims that the 85 wealthiest individuals in the world have a combined wealth equal to that of the bottom 50% of the world\'s population, or about 3.5 billion people. According', ""that the accelerating disparity could trigger a recession. In October 2015, Credit Suisse published a study which shows global inequality continues to increase, and that half of the world's wealth is now in the hands of those in the top percentile, whose assets each exceed $759,900. A 2016 report by Oxfam claims that the 62 wealthiest individuals own as much wealth as the poorer half of the global population combined. Oxfam's claims have however been questioned on the basis of the methodology used: by using net wealth (adding up assets and subtracting"", 'debts), the Oxfam report, for instance, finds that there are more poor people in the United States and Western Europe than in China (due to a greater tendency to take on debts).[unreliable source?][unreliable source?] Anthony Shorrocks, the lead author of the Credit Suisse report which is one of the sources of Oxfam\'s data, considers the criticism about debt to be a ""silly argument"" and ""a non-issue . . . a diversion.""', 'According to PolitiFact the top 400 richest Americans ""have more wealth than half of all Americans combined."" According to the New York Times on July 22, 2014, the ""richest 1 percent in the United States now own more wealth than the bottom 90 percent"". Inherited wealth may help explain why many Americans who have become rich may have had a ""substantial head start"". In September 2012, according to the Institute for Policy Studies, ""over 60 percent"" of the Forbes richest 400 Americans ""grew up in substantial privilege"".']","According to Oxfam, the 85 richest people have wealth equal to that of the bottom 50% of the world's population, or about 3.5 billion people.",about 3.5 billion people,1.0,0.7698586641752684
"Besides the walk to the church, what else was left out of the day's celebration?","['Like other historic Christian churches, The United Methodist Church has official liturgies for services of Holy Communion, baptism, weddings, funerals, ordination, anointing of the sick and daily office prayer services. Some clergy offer healing services, while exorcism is an occasional practice by some clergy in The United Methodist Church in Africa. These services involve the laying on of hands and anointing with oil. Along with these, there are also special services for holy days such as All Saints Day, Ash Wednesday, Maundy Thursday, Good Friday, and Easter Vigil.', ""Mass vestments, altar, and candles were made optional, allowing freedom of ceremony. Some reformers, including followers of Huldrych Zwingli, considered Luther's service too papistic; and modern scholars note the conservatism of his alternative to the Catholic mass. Luther's service, however, included congregational singing of hymns and psalms in German, as well as of parts of the liturgy, including Luther's unison setting of the Creed. To reach the simple people and the young, Luther incorporated religious instruction into the weekday services in the form of the"", 'The United Methodist Church understands itself to be part of the holy catholic (or universal) church and it recognizes the historic ecumenical creeds, the Apostle\'s Creed and the Nicene Creed; which are used frequently in services of worship. The Book of Discipline also recognizes the importance of the Chalcedonian Creed of the Council of Chalcedon. It upholds the concept of the ""visible and invisible Church,"" meaning that all who are truly believers in every age belong to the holy Church invisible, while the United Methodist Church is a branch of the Church visible, to which all', ""These services are contained in The United Methodist Hymnal and The United Methodist Book of Worship (1992). Many of these liturgies are derived from the Anglican tradition's Book of Common Prayer. In most cases, congregations also use other elements of liturgical worship, such as candles, vestments, paraments, banners, and liturgical art."", 'Historically, the Methodist Church has supported the temperance movement. John Wesley warned against the dangers of drinking in his famous sermon, ""The Use of Money,"" and in his letter to an alcoholic. At one time, Methodist ministers had to take a pledge not to drink and encouraged their congregations to do the same. Today the United Methodist Church states that it ""affirms our long-standing support of abstinence from alcohol as a faithful witness to God\'s liberating and redeeming love for persons."" In fact, the United Methodist Church uses unfermented']","The context provided does not contain information about a walk to the church or what else was left out of the day's celebration. Therefore, I cannot provide an answer to the question based on the given context.",wedding banquet,0.0,0.0
What weapons were the Zulus using during the Anglo-Zulu War of 1879?,"['Along with advancements in communication, Europe also continued to advance in military technology. European chemists made deadly explosives that could be used in combat, and with innovations in machinery they were able to manufacture improved firearms. By the 1880s, the machine gun had become an effective battlefield weapon. This technology gave European armies an advantage over their opponents, as armies in less-developed countries were still fighting with arrows, swords, and leather shields (e.g. the Zulus in Southern Africa during the Anglo-Zulu War of 1879).', 'At the outbreak of World War I in August 1914, the governors of British East Africa (as the Protectorate was generally known) and German East Africa agreed a truce in an attempt to keep the young colonies out of direct hostilities. Lt Col Paul von Lettow-Vorbeck took command of the German military forces, determined to tie down as many British resources as possible. Completely cut off from Germany, von Lettow conducted an effective guerrilla warfare campaign, living off the land, capturing British supplies, and remaining undefeated. He eventually surrendered in Northern Rhodesia (today Zambia) fourteen days after the', 'Rifles. By the end of the emergency, the Home Guard had killed 4,686 Mau Mau, amounting to 42% of the total insurgents. The capture of Dedan Kimathi on 21 October 1956 in Nyeri signified the ultimate defeat of the Mau Mau and essentially ended the military offensive. During this period, substantial governmental changes to land tenure occurred. The most important of these was the Swynnerton Plan, which was used to both reward loyalists and punish Mau Mau.', 'Later in life, Tesla made claims concerning a ""teleforce"" weapon after studying the Van de Graaff generator. The press variably referred to it as a ""peace ray"" or death ray. Tesla described the weapon as capable of being used against ground-based infantry or for anti-aircraft purposes.', 'In 1854 at Ballarat there was an armed rebellion against the government of Victoria by miners protesting against mining taxes (the ""Eureka Stockade""). This was crushed by British troops, but the discontents prompted colonial authorities to reform the administration (particularly reducing the hated mining licence fees) and extend the franchise. Within a short time, the Imperial Parliament granted Victoria responsible government with the passage of the Colony of Victoria Act 1855. Some of the leaders of the Eureka rebellion went on to become members of the Victorian Parliament.']","Arrows, swords, and leather shields.","arrows, swords, and leather shields",1.0,0.6049943653280782
Why did the series end in 2011?,"[""The network's troubles with sustaining existing series and gaining new hits spilled over into its 2010–11 schedule: ABC's dramas during that season continued to fail, with the midseason forensic investigation drama Body of Proof being the only one that was renewed for a second season. The network also struggled to establish new comedies to support the previous year's debuts, with only late-season premiere Happy Endings earning a second season. Meanwhile, the new lows hit by Brothers & Sisters led to its cancellation, and the previous year's only drama renewal, V, also failed to"", 'show that replaced One Life to Live, The Revolution, failed to generate satisfactory ratings and was in turn canceled after only seven months. The 2011–12 season saw ABC drop to fourth place in the 18–49 demographic despite renewing a handful of new shows (including freshmen dramas Scandal, Revenge and Once Upon a Time) for second seasons.', ""On April 14, 2011, ABC canceled the long-running soap operas All My Children and One Life to Live after 41 and 43 years on the air, respectively (following backlash from fans, ABC sold the rights to both shows to Prospect Park, which eventually revived the soaps on Hulu for one additional season in 2013 and with both companies suing one another for allegations of interference with the process of reviving the shows, failure to pay licensing fees and issues over ABC's use of certain characters from One Live to Live on General Hospital during the transition). The talk/lifestyle"", 'Doctor Who finally returned with the episode ""Rose"" on BBC One on 26 March 2005. There have since been nine further series in 2006–2008 and 2010–2015, and Christmas Day specials every year since 2005. No full series was filmed in 2009, although four additional specials starring David Tennant were made. In 2010, Steven Moffat replaced Davies as head writer and executive producer. In January 2016, Moffat announced that he would step down after the 2017 finale, to be replaced by Chris Chibnall in 2018. In addition, Series 10 will debut in Spring 2017, with a Christmas', ""The BBC drama department's serials division produced the programme for 26 seasons, broadcast on BBC 1. Falling viewing numbers, a decline in the public perception of the show and a less-prominent transmission slot saw production suspended in 1989 by Jonathan Powell, controller of BBC 1. Although (as series co-star Sophie Aldred reported in the documentary Doctor Who: More Than 30 Years in the TARDIS) it was effectively, if not formally, cancelled with the decision not to commission a planned 27th series of the show for transmission in 1990, the BBC repeatedly affirmed that the series would""]","The series ended in 2011 because ABC canceled the long-running soap operas All My Children and One Life to Live after 41 and 43 years on the air, respectively.",due to the death of Elisabeth Sladen,0.5,0.9999999999997579
Which artist has a piece of his artwork located at the Fulton Mall?,"[""Fulton Street in Downtown Fresno was Fresno's main financial and commercial district before being converted into one of the nation's first pedestrian malls in 1964. Renamed the Fulton Mall, the area contains the densest collection of historic buildings in Fresno. While the Fulton Mall corridor has suffered a sharp decline from its heyday, the Mall includes some of the finest public art pieces in the country, including the only Pierre-Auguste Renoir piece in the world that one can walk up to and touch. Current plans call for the reopening of the Fulton Mall to automobile traffic. The public art"", ""(Perugia) and is amongst the painter's last works. One of the largest objects in the collection is the Spanish tempera on wood, 670 x 486 cm, retable of St George, c. 1400, consisting of numerous scenes and painted by Andrés Marzal De Sax in Valencia."", 'length, the balustrades and columns are Portland stone. It is now used to jointly house the prints and architectural drawings of the V&A (prints, drawings, paintings and photographs) and Royal Institute of British Architects (RIBA Drawings and Archives Collections); and the Sackler Centre for arts education, which opened in 2008.', ""With the opening of the Dorothy and Michael Hintze sculpture galleries in 2006 it was decided to extend the chronology of the works on display up to 1950; this has involved loans by other museums, including Tate Britain, so works by Henry Moore and Jacob Epstein along with other of their contemporaries are now on view. These galleries concentrate on works dated 1600 to 1950 by British sculptors, works by continental sculptors who worked in Britain, and works bought by British patrons from the continental sculptors, such as Canova's Theseus and the Minotaur. The galleries overlooking the garden are arranged by"", ""artist's works were donated by his daughter Isabel in 1888, including the large number of sketches in oil, the most significant being the 1821 full size oil sketch for The Hay Wain. Other artists with works in the collection include: Bernardino Fungai, Marcus Gheeraerts the Younger, Domenico di Pace Beccafumi, Fioravante Ferramola, Jan Brueghel the Elder, Anthony van Dyck, Ludovico Carracci, Antonio Verrio, Giovanni Battista Tiepolo, Domenico Tiepolo, Canaletto, Francis""]",Pierre-Auguste Renoir,Pierre-Auguste Renoir,0.0,0.4481482163357433
Semen contains what in order to kill pathogens?,"['Chemical barriers also protect against infection. The skin and respiratory tract secrete antimicrobial peptides such as the β-defensins. Enzymes such as lysozyme and phospholipase A2 in saliva, tears, and breast milk are also antibacterials. Vaginal secretions serve as a chemical barrier following menarche, when they become slightly acidic, while semen contains defensins and zinc to kill pathogens. In the stomach, gastric acid and proteases serve as powerful chemical defenses against ingested pathogens.', ""Phagocytosis is an important feature of cellular innate immunity performed by cells called 'phagocytes' that engulf, or eat, pathogens or particles. Phagocytes generally patrol the body searching for pathogens, but can be called to specific locations by cytokines. Once a pathogen has been engulfed by a phagocyte, it becomes trapped in an intracellular vesicle called a phagosome, which subsequently fuses with another vesicle called a lysosome to form a phagolysosome. The pathogen is killed by the activity"", 'The success of any pathogen depends on its ability to elude host immune responses. Therefore, pathogens evolved several methods that allow them to successfully infect a host, while evading detection or destruction by the immune system. Bacteria often overcome physical barriers by secreting enzymes that digest the barrier, for example, by using a type II secretion system. Alternatively, using a type III secretion system, they may insert a hollow tube into the host cell, providing a direct route for proteins to move from the pathogen to the host. These proteins are often used to shut down host defenses.', 'respiratory tract. The flushing action of tears and urine also mechanically expels pathogens, while mucus secreted by the respiratory and gastrointestinal tract serves to trap and entangle microorganisms.', 'An evasion strategy used by several pathogens to avoid the innate immune system is to hide within the cells of their host (also called intracellular pathogenesis). Here, a pathogen spends most of its life-cycle inside host cells, where it is shielded from direct contact with immune cells, antibodies and complement. Some examples of intracellular pathogens include viruses, the food poisoning bacterium Salmonella and the eukaryotic parasites that cause malaria (Plasmodium falciparum) and leishmaniasis (Leishmania spp.). Other bacteria, such']",Defensins and zinc,defensins and zinc,1.0,0.5563492720471345
When did the movement that would become The United Methodist Church begin?,"['The movement which would become The United Methodist Church began in the mid-18th century within the Church of England. A small group of students, including John Wesley, Charles Wesley and George Whitefield, met on the Oxford University campus. They focused on Bible study, methodical study of scripture and living a holy life. Other students mocked them, saying they were the ""Holy Club"" and ""the Methodists"", being methodical and exceptionally detailed in their Bible study, opinions and disciplined lifestyle. Eventually, the so-called Methodists started individual societies or classes for members of the Church', ""The United Methodist Church (UMC) is a mainline Protestant Methodist denomination. In the 19th century its main predecessor was a leader in Evangelicalism. Founded in 1968 by the union of the Methodist Church (USA) and the Evangelical United Brethren Church, the UMC traces its roots back to the revival movement of John and Charles Wesley in England as well as the Great Awakening in the United States. As such, the church's theological orientation is decidedly Wesleyan. It embraces both liturgical and evangelical elements."", 'On April 23, 1968, the United Methodist Church was created when the Evangelical United Brethren Church (represented by Bishop Reuben H. Mueller) and The Methodist Church (represented by Bishop Lloyd Christ Wicke) joined hands at the constituting General Conference in Dallas, Texas. With the words, ""Lord of the Church, we are united in Thee, in Thy Church and now in The United Methodist Church"" the new denomination was given birth by the two churches that had distinguished histories and influential ministries in various parts of the world.', 'The United Methodist Church is the largest denomination within the wider Methodist movement, which has approximately 80 million adherents across the world. In the United States, the UMC ranks as the largest mainline Protestant denomination, the largest Protestant church after the Southern Baptist Convention, and the third largest Christian denomination. As of 2014, worldwide membership was about 12 million: 7.2 million in the United States, and 4.4 million in Africa, Asia and Europe. It is a member of the World Council of Churches, the World Methodist Council, and other religious associations. In 2015, Pew Research estimated that', ""While many United Methodist congregations operate in the evangelical tradition, others reflect the mainline Protestant traditions. Although United Methodist practices and interpretation of beliefs have evolved over time, these practices and beliefs can be traced to the writings of the church's founders, especially John Wesley and Charles Wesley (Anglicans), but also Philip William Otterbein and Martin Boehm (United Brethren), and Jacob Albright (Evangelical Association). With the formation of The United Methodist Church in 1968, theologian Albert C. Outler led the team which systematized denominational doctrine. Outler's""]",The movement that would become The United Methodist Church began in the mid-18th century.,mid-18th century,1.0,0.9999999999997945
What helped support the Command Module with a propulsion engine and propellants?,"['The Command Module (CM) was the conical crew cabin, designed to carry three astronauts from launch to lunar orbit and back to an Earth ocean landing. It was the only component of the Apollo spacecraft to survive without major configuration changes as the program evolved from the early Apollo study designs. Its exterior was covered with an ablative heat shield, and had its own reaction control system (RCS) engines to control its attitude and steer its atmospheric entry path. Parachutes were carried to slow its descent to splashdown. The module was 11.42 feet (3.48 m) tall,', 'A cylindrical Service Module (SM) supported the Command Module, with a service propulsion engine and an RCS with propellants, and a fuel cell power generation system with liquid hydrogen and liquid oxygen reactants. A high-gain S-band antenna was used for long-distance communications on the lunar flights. On the extended lunar missions, an orbital scientific instrument package was carried. The Service Module was discarded just before re-entry. The module was 24.6 feet (7.5 m) long and 12.83 feet (3.91 m) in diameter. The initial', 'North American Aviation won the contract to build the CSM, and also the second stage of the Saturn V launch vehicle for NASA. Because the CSM design was started early before the selection of lunar orbit rendezvous, the service propulsion engine was sized to lift the CSM off of the Moon, and thus was oversized to about twice the thrust required for translunar flight. Also, there was no provision for docking with the Lunar Module. A 1964 program definition study concluded that the initial design should be continued as Block I which would be used for early testing, while Block II, the actual', '(AS-502) which carried a CSM and a LM Test Article as ballast. The intent of this mission was to achieve trans-lunar injection, followed closely by a simulated direct-return abort, using the Service Module engine to achieve another high-speed reentry. The Saturn V experienced pogo oscillation, a problem caused by non-steady engine combustion, which damaged fuel lines in the second and third stages. Two S-II engines shut down prematurely, but the remaining engines were able to compensate. The damage to the third stage engine was more', ""Maxime Faget's preliminary Apollo design employed a cone-shaped command module, supported by one of several service modules providing propulsion and electrical power, sized appropriately for the space station, cislunar, and lunar landing missions. Once Kennedy's Moon landing goal became official, detailed design began of a Command/Service Module (CSM) in which the crew would spend the entire direct-ascent mission and lift off from the lunar surface for the return trip, after being soft-landed by a larger landing propulsion module. The final choice of lunar orbit rendezvous changed the""]",The Service Module (SM) supported the Command Module with a service propulsion engine and propellants.,Service Module (SM),1.0,0.7156150442407111
How can you protest against the government in an individual way?,"['compel the obedience of individuals who disagree with what is being said. The majority may be powerful but it is not necessarily right. What, then, is the proper relationship between the individual and the government?', 'Some theories of civil disobedience hold that civil disobedience is only justified against governmental entities. Brownlee argues that disobedience in opposition to the decisions of non-governmental agencies such as trade unions, banks, and private universities can be justified if it reflects ""a larger challenge to the legal system that permits those decisions to be taken"". The same principle, she argues, applies to breaches of law in protest against international organizations and foreign governments.', 'agent of injustice, then Thoreau insisted on confronting him with the fact that he was making a choice. But if government is “the voice of the people,” as it is often called, shouldn’t that voice be heeded? Thoreau admits that government may express the will of the majority but it may also express nothing more than the will of elite politicians. Even a good form of government is “liable to be abused and perverted before the people can act through it.” Moreover, even if a government did express the voice of the people, this fact would not', 'Non-revolutionary civil disobedience is a simple disobedience of laws on the grounds that they are judged ""wrong"" by an individual conscience, or as part of an effort to render certain laws ineffective, to cause their repeal, or to exert pressure to get one\'s political wishes on some other issue. Revolutionary civil disobedience is more of an active attempt to overthrow a government (or to change cultural traditions, social customs, religious beliefs, etc...revolution doesn\'t have to be political, i.e. ""cultural revolution"",', 'Howard Zinn writes, ""There may be many times when protesters choose to go to jail, as a way of continuing their protest, as a way of reminding their countrymen of injustice. But that is different than the notion that they must go to jail as part of a rule connected with civil disobedience. The key point is that the spirit of protest should be maintained all the way, whether it is done by remaining in jail, or by evading it. To accept jail penitently as an accession to \'the rules\' is to switch suddenly to a spirit of']","You can protest against the government in an individual way by engaging in non-revolutionary civil disobedience, which involves simple disobedience of laws on the grounds that they are judged ""wrong"" by an individual conscience, or as part of an effort to render certain laws ineffective, to cause their repeal, or to exert pressure to get one's political wishes on some other issue. This form of protest does not necessarily involve going to jail or accepting jail as an accession to 'the rules,' but rather maintaining the spirit of protest in various ways, such as evading jail if it is imposed.",Threatening government officials,,0.87443382807544
What was the resolution of the cameras used in the EyeVision 360 system?,"['In the United States, the game was televised by CBS, as part of a cycle between the three main broadcast television partners of the NFL. The network\'s lead broadcast team of Jim Nantz and Phil Simms called the contest, with Tracy Wolfson and Evan Washburn on the sidelines. CBS introduced new features during the telecast, including pylon cameras and microphones along with EyeVision 360—an array of 36 cameras along the upper deck that can be used to provide a 360-degree view of plays and ""bullet time"" effects. (An earlier version of EyeVision', 'was last used in Super Bowl XXXV; for Super Bowl 50, the cameras were upgraded to 5K resolution.)', 'BSkyB utilises the VideoGuard pay-TV scrambling system owned by NDS, a Cisco Systems company. There are tight controls over use of VideoGuard decoders; they are not available as stand-alone DVB CAMs (conditional-access modules). BSkyB has design authority over all digital satellite receivers capable of receiving their service. The receivers, though designed and built by different manufacturers, must conform to the same user interface look-and-feel as all the others. This extends to the Personal video recorder (PVR) offering (branded', ""Worldvision sold portions of its catalog, including the Ruby-Spears and Hanna-Barbera libraries, to Turner Broadcasting System in 1990. With Disney's 1996 purchase of ABC, ABC Circle Films was absorbed into Touchstone Television, a Disney subsidiary which in turn was renamed ABC Studios in 2007."", 'Virgin Media (re-branded in 2007 from NTL:Telewest) started to offer a high-definition television (HDTV) capable set top box, although from 30 November 2006 until 30 July 2009 it only carried one linear HD channel, BBC HD, after the conclusion of the ITV HD trial. Virgin Media has claimed that other HD channels were ""locked up"" or otherwise withheld from their platform, although Virgin Media did in fact have an option to carry Channel 4 HD in the future. Nonetheless, the linear channels were not offered, Virgin Media instead concentrating on its Video']",The resolution of the cameras used in the EyeVision 360 system was 5K.,5K,1.0,0.9655385617401446
Where did Tesla work with Edison?,"[""In 1882, Tesla began working for the Continental Edison Company in France, designing and making improvements to electrical equipment. In June 1884, he relocated to New York City:57–60 where he was hired by Thomas Edison to work at his Edison Machine Works on Manhattan's lower east side. Tesla's work for Edison began with simple electrical engineering and quickly progressed to solving more difficult problems."", 'Tesla gained experience in telephony and electrical engineering before emigrating to the United States in 1884 to work for Thomas Edison in New York City. He soon struck out on his own with financial backers, setting up laboratories and companies to develop a range of electrical devices. His patented AC induction motor and transformer were licensed by George Westinghouse, who also hired Tesla for a short time as a consultant. His work in the formative years of electric power development was involved in a corporate alternating current/direct current ""War of Currents"" as well as various patent battles.', ""After leaving Edison's company Tesla partnered with two businessmen in 1886, Robert Lane and Benjamin Vail, who agreed to finance an electric lighting company in Tesla's name, Tesla Electric Light & Manufacturing. The company installed electrical arc light based illumination systems designed by Tesla and also had designs for dynamo electric machine commutators, the first patents issued to Tesla in the US."", 'In 1881, Tesla moved to Budapest to work under Ferenc Puskás at a telegraph company, the Budapest Telephone Exchange. Upon arrival, Tesla realized that the company, then under construction, was not functional, so he worked as a draftsman in the Central Telegraph Office instead. Within a few months, the Budapest Telephone Exchange became functional and Tesla was allocated the chief electrician position. During his employment, Tesla made many improvements to the Central Station equipment and claimed to have perfected a telephone repeater or amplifier, which was never patented nor publicly described.', 'On 17 May 1899, Tesla moved to Colorado Springs, where he would have room for his high-voltage, high-frequency experiments; his lab was located near Foote Ave. and Kiowa St. He chose this location because the polyphase alternating current power distribution system had been introduced there and he had associates who were willing to give him all the power he needed without charging for it. Upon his arrival, he told reporters that he was conducting wireless telegraphy experiments, transmitting signals from Pikes Peak to Paris.[citation needed] The 1978 book Colorado Springs Notes, 1899–1900']",New York City,New York City,1.0,0.49880168795610613
What type of soil is considered a product of soil management by indigenous peoples in the Amazon Forest?,"['Terra preta (black earth), which is distributed over large areas in the Amazon forest, is now widely accepted as a product of indigenous soil management. The development of this fertile soil allowed agriculture and silviculture in the previously hostile environment; meaning that large portions of the Amazon rainforest are probably the result of centuries of human management, rather than naturally occurring as has previously been supposed. In the region of the Xingu tribe, remains of some of these large settlements in the middle of the Amazon forest were found in 2003 by Michael Heckenberger and colleagues of the', ""Deforestation is the conversion of forested areas to non-forested areas. The main sources of deforestation in the Amazon are human settlement and development of the land. Prior to the early 1960s, access to the forest's interior was highly restricted, and the forest remained basically intact. Farms established during the 1960s were based on crop cultivation and the slash and burn method. However, the colonists were unable to manage their fields and the crops because of the loss of soil fertility and weed invasion. The soils in the Amazon are productive for just a short period of time, so farmers are constantly"", ""As indigenous territories continue to be destroyed by deforestation and ecocide, such as in the Peruvian Amazon indigenous peoples' rainforest communities continue to disappear, while others, like the Urarina continue to struggle to fight for their cultural survival and the fate of their forested territories. Meanwhile, the relationship between non-human primates in the subsistence and symbolism of indigenous lowland South American peoples has gained increased attention, as have ethno-biology and community-based conservation efforts."", 'The use of remote sensing for the conservation of the Amazon is also being used by the indigenous tribes of the basin to protect their tribal lands from commercial interests. Using handheld GPS devices and programs like Google Earth, members of the Trio Tribe, who live in the rainforests of southern Suriname, map out their ancestral lands to help strengthen their territorial claims. Currently, most tribes in the Amazon do not have clearly defined boundaries, making it easier for commercial ventures to target their territories.', 'logged in the Amazon, the less precipitation reaches the area and so the lower the yield per hectare becomes. So despite the popular perception, there has been no economical advantage for Brazil from logging rainforest zones and converting these to pastoral fields.']",Terra preta (black earth),Terra preta (black earth),1.0,0.5325196758335125
What book did Luther write in response to Agricola and the antinomians?,"[""Early in 1537, Johannes Agricola (1494–1566) – serving at the time as pastor in Luther's birthplace, Eisleben – preached a sermon in which he claimed that God's gospel, not God's moral law (the Ten Commandments), revealed God's wrath to Christians. Based on this sermon and others by Agricola, Luther suspected that Agricola was behind certain anonymous antinomian theses circulating in Wittenberg. These theses asserted that the law is no longer to be taught to Christians but belonged only"", 'to city hall. Luther responded to these theses with six series of theses against Agricola and the antinomians, four of which became the basis for disputations between 1538 and 1540. He also responded to these assertions in other writings, such as his 1539 open letter to C. Güttel Against the Antinomians, and his book On the Councils and the Church from the same year.', ""Agricola challenged this compromise, and Luther condemned him for teaching that faith is separate from works. The Instruction is a problematic document for those seeking a consistent evolution in Luther's thought and practice."", 'On 31 October 1517, Luther wrote to his bishop, Albert of Mainz, protesting the sale of indulgences. He enclosed in his letter a copy of his ""Disputation of Martin Luther on the Power and Efficacy of Indulgences"", which came to be known as The Ninety-Five Theses. Hans Hillerbrand writes that Luther had no intention of confronting the church, but saw his disputation as a scholarly objection to church practices, and the tone of the writing is accordingly ""searching, rather than doctrinaire."" Hillerbrand writes', ""Luther sympathised with some of the peasants' grievances, as he showed in his response to the Twelve Articles in May 1525, but he reminded the aggrieved to obey the temporal authorities. During a tour of Thuringia, he became enraged at the widespread burning of convents, monasteries, bishops' palaces, and libraries. In Against the Murderous, Thieving Hordes of Peasants, written on his return to Wittenberg, he gave his interpretation of the Gospel teaching on wealth, condemned the violence as the devil's work, and called for the""]",On the Councils and the Church,On the Councils and the Church,0.0,0.6563092153420594
How many launch pads were originally planned?,"['The LOC included Launch Complex 39, a Launch Control Center, and a 130 million cubic foot (3.7 million cubic meter) Vertical Assembly Building (VAB) in which the space vehicle (launch vehicle and spacecraft) would be assembled on a Mobile Launcher Platform and then moved by a transporter to one of several launch pads. Although at least three pads were planned, only two, designated A and B, were completed in October 1965. The LOC also included an Operations and Checkout Building (OCB) to which Gemini and Apollo spacecraft were initially received prior to being', 'It also became clear that Apollo would outgrow the Canaveral launch facilities in Florida. The two newest launch complexes were already being built for the Saturn I and IB rockets at the northernmost end: LC-34 and LC-37. But an even bigger facility would be needed for the mammoth rocket required for the manned lunar mission, so land acquisition was started in July 1961 for a Launch Operations Center (LOC) immediately north of Canaveral at Merritt Island. The design, development and construction of the center was conducted by Kurt H. Debus, a member of', 'Before the Apollo program began, Wernher von Braun and his team of rocket engineers had started work on plans for very large launch vehicles, the Saturn series, and the even larger Nova series. In the midst of these plans, von Braun was transferred from the Army to NASA, and made Director of the Marshall Space Flight Center. The initial direct ascent plan to send the three-man Apollo Command/Service Module directly to the lunar surface, on top of a large descent rocket stage, would require a Nova-class launcher, with a lunar payload capability of over 180,000 pounds', 'The contracted batch of 15 Saturn Vs were enough for lunar landing missions through Apollo 20. NASA publicized a preliminary list of eight more planned landing sites, with plans to increase the mass of the CSM and LM for the last five missions, along with the payload capacity of the Saturn V. These final missions would combine the I and J types in the 1967 list, allowing the CMP to operate a package of lunar orbital sensors and cameras while his companions were on the surface, and allowing them to stay on the Moon for over three days. These missions would also carry the Lunar Roving', ""About the time of the first landing in 1969, it was decided to use an existing Saturn V to launch the Skylab orbital laboratory pre-built on the ground, replacing the original plan to construct it in orbit from several Saturn IB launches; this eliminated Apollo 20. NASA's yearly budget also began to shrink in light of the successful landing, and NASA also had to make funds available for the development of the upcoming Space Shuttle. By 1971, the decision was made to also cancel missions 18 and 19. The two unused Saturn Vs became museum exhibits at the John F. Kennedy Space Center""]",Three,three,0.0,0.460309729797099
What was the goal of John Sheepshanks considerable bequest to the museum?,"[""In 1857 John Sheepshanks donated 233 paintings, mainly by contemporary British artists, and a similar number of drawings to the museum with the intention of forming a 'A National Gallery of British Art', a role since taken on by Tate Britain; artists represented are William Blake, James Barry, Henry Fuseli, Sir Edwin Henry Landseer, Sir David Wilkie, William Mulready, William Powell Frith, Millais and Hippolyte Delaroche. Although some of Constable's works came to the museum with the Sheepshanks bequest, the majority of the"", 'forms part of the museum was the Sheepshanks Gallery in 1857 on the eastern side of the garden. Its architect was civil engineer Captain Francis Fowke, Royal Engineers, who was appointed by Cole. The next major expansions were designed by the same architect, the Turner and Vernon galleries built 1858-9 to house the eponymous collections (later transferred to the Tate Gallery) and now used as the picture galleries and tapestry gallery respectively. The North and South Courts, were then built, both of which opened by June 1862. They now form the galleries for temporary exhibitions and are directly', 'behind the Sheepshanks Gallery. On the very northern edge of the site is situated the Secretariat Wing, also built in 1862 this houses the offices and board room etc. and is not open to the public.', '(painting); thus representing the range of the museums collections, Godfrey Sykes also designed the terracotta embellishments and the mosaic in the pediment of the North Façade commemorating the Great Exhibition the profits from which helped to fund the museum, this is flanked by terracotta statue groups by Percival Ball. This building replaced Brompton Park House, which could then be demolished to make way for the south range.', 'The Musical Instruments gallery closed 25 February 2010, a decision which was highly controversial. An online petition of over 5,100 names on the Parliamentary website led to Chris Smith asking Parliament about the future of the collection. The answer, from Bryan Davies was that the museum intended to preserve and care for the collection and keep it available to the public, with items being redistributed to the British Galleries, the Medieval & Renaissance Galleries, and the planned new galleries for Furniture and Europe 1600–1800, and that the Horniman Museum and other institutions were possible candidates for loans of material to']",The goal of John Sheepshanks' considerable bequest to the museum was to form a 'A National Gallery of British Art'.,forming a 'A National Gallery of British Art',1.0,0.9801372361829297
What book of the Bible discusses civil disobedience?,"[""One of the oldest depictions of civil disobedience is in Sophocles' play Antigone, in which Antigone, one of the daughters of former King of Thebes, Oedipus, defies Creon, the current King of Thebes, who is trying to stop her from giving her brother Polynices a proper burial. She gives a stirring speech in which she tells him that she must obey her conscience rather than human law. She is not at all afraid of the death he threatens her with (and eventually carries out), but she"", ""Civil disobedience is usually defined as pertaining to a citizen's relation to the state and its laws, as distinguished from a constitutional impasse in which two public agencies, especially two equally sovereign branches of government, conflict. For instance, if the head of government of a country were to refuse to enforce a decision of that country's highest court, it would not be civil disobedience, since the head of government would be acting in her or his capacity as public official rather than private citizen."", ""One of its earliest massive implementations was brought about by Egyptians against the British occupation in the 1919 Revolution. Civil disobedience is one of the many ways people have rebelled against what they deem to be unfair laws. It has been used in many nonviolent resistance movements in India (Gandhi's campaigns for independence from the British Empire), in Czechoslovakia's Velvet Revolution and in East Germany to oust their communist governments, In South Africa in the fight against apartheid, in the American Civil Rights Movement, in the Singing Revolution to bring independence to the Baltic countries from the Soviet"", 'is more effective than open disobedience. This assumes that common morality does not have a prohibition on deceit in such situations. The Fully Informed Jury Association\'s publication ""A Primer for Prospective Jurors"" notes, ""Think of the dilemma faced by German citizens when Hitler\'s secret police demanded to know if they were hiding a Jew in their house."" By this definition, civil disobedience could be traced back to the Book of Exodus, where Shiphrah and Puah refused a direct order of Pharaoh but misrepresented how they did', 'Non-revolutionary civil disobedience is a simple disobedience of laws on the grounds that they are judged ""wrong"" by an individual conscience, or as part of an effort to render certain laws ineffective, to cause their repeal, or to exert pressure to get one\'s political wishes on some other issue. Revolutionary civil disobedience is more of an active attempt to overthrow a government (or to change cultural traditions, social customs, religious beliefs, etc...revolution doesn\'t have to be political, i.e. ""cultural revolution"",']",The Book of Exodus,Book of Exodus,1.0,0.6212939198118855
What type of support does co-teaching provide?,"['Co-teaching has also become a new trend amongst educational institutions. Co-teaching is defined as two or more teachers working harmoniously to fulfill the needs of every student in the classroom. Co-teaching focuses the student on learning by providing a social networking support that allows them to reach their full cognitive potential. Co-teachers work in sync with one another to create a climate of learning.', 'In education, teachers facilitate student learning, often in a school or academy or perhaps in another environment such as outdoors. A teacher who teaches on an individual basis may be described as a tutor.', 'Students are likely to build stronger relations with teachers who are friendly and supportive and will show more interest in courses taught by these teachers. Teachers that spend more time interacting and working directly with students are perceived as supportive and effective teachers. Effective teachers have been shown to invite student participation and decision making, allow humor into their classroom, and demonstrate a willingness to play.', 'Perhaps the most significant difference between primary school and secondary school teaching is the relationship between teachers and children. In primary schools each class has a teacher who stays with them for most of the week and will teach them the whole curriculum. In secondary schools they will be taught by different subject specialists each session during the week and may have ten or more different teachers. The relationship between children and their teachers tends to be closer in the primary school where they act as form tutor, specialist teacher and surrogate parent during the course of the day.', 'This is true throughout most of the United States as well. However, alternative approaches for primary education do exist. One of these, sometimes referred to as a ""platoon"" system, involves placing a group of students together in one class that moves from one specialist to another for every subject. The advantage here is that students learn from teachers who specialize in one subject and who tend to be more knowledgeable in that one area than a teacher who teaches many subjects. Students still derive a strong sense of security by staying with the same group of peers for all classes.']",Co-teaching provides social networking support that allows students to reach their full cognitive potential.,social networking support,1.0,0.8267699409091356
Where did the pharmacist stand in relation to the Emperor's personal physicians?,"['the pharmacists—and even pharmacist assistants—were assigned status superior to all others in health-related fields such as physicians and acupuncturists. In the Imperial household, the pharmacist was even ranked above the two personal physicians of the Emperor.', 'In Japan, at the end of the Asuka period (538–710) and the early Nara period (710–794), the men who fulfilled roles similar to those of modern pharmacists were highly respected. The place of pharmacists in society was expressly defined in the Taihō Code (701) and re-stated in the Yōrō Code (718). Ranked positions in the pre-Heian Imperial court were established; and this organizational structure remained largely intact until the Meiji Restoration (1868). In this highly stable hierarchy,', ""and the functions and duties of the pharmacist. Avicenna, too, described no less than 700 preparations, their properties, modes of action, and their indications. He devoted in fact a whole volume to simple drugs in The Canon of Medicine. Of great impact were also the works by al-Maridini of Baghdad and Cairo, and Ibn al-Wafid (1008–1074), both of which were printed in Latin more than fifty times, appearing as De Medicinis universalibus et particularibus by 'Mesue' the younger,"", 'Pharmacists are healthcare professionals with specialised education and training who perform various roles to ensure optimal health outcomes for their patients through the quality use of medicines. Pharmacists may also be small-business proprietors, owning the pharmacy in which they practice. Since pharmacists know about the mode of action of a particular drug, and its metabolism and physiological effects on the human body in great detail, they play an important role in optimisation of a drug treatment for an individual.', 'Western medicine was also practiced in China by the Nestorian Christians of the Yuan court, where it was sometimes labeled as huihui or Muslim medicine. The Nestorian physician Jesus the Interpreter founded the Office of Western Medicine in 1263 during the reign of Kublai. Huihui doctors staffed at two imperial hospitals were responsible for treating the imperial family and members of the court. Chinese physicians opposed Western medicine because its humoral system contradicted the yin-yang and wuxing philosophy underlying traditional Chinese medicine. No Chinese translation of Western medical works is known, but it is possible that the Chinese']",The pharmacist was ranked above the two personal physicians of the Emperor.,ranked above,1.0,0.9104577758129663
Innate cells can act as mediators in the activation of what branch of the immune system?,"['Leukocytes (white blood cells) act like independent, single-celled organisms and are the second arm of the innate immune system. The innate leukocytes include the phagocytes (macrophages, neutrophils, and dendritic cells), mast cells, eosinophils, basophils, and natural killer cells. These cells identify and eliminate pathogens, either by attacking larger pathogens through contact or by engulfing and then killing microorganisms. Innate cells are also important mediators in the activation of the adaptive', 'Microorganisms or toxins that successfully enter an organism encounter the cells and mechanisms of the innate immune system. The innate response is usually triggered when microbes are identified by pattern recognition receptors, which recognize components that are conserved among broad groups of microorganisms, or when damaged, injured or stressed cells send out alarm signals, many of which (but not all) are recognized by the same receptors as those that recognize pathogens. Innate immune defenses are non-specific, meaning these systems respond to pathogens in a generic way. This system does not confer long-lasting', 'Natural killer cells, or NK cells, are a component of the innate immune system which does not directly attack invading microbes. Rather, NK cells destroy compromised host cells, such as tumor cells or virus-infected cells, recognizing such cells by a condition known as ""missing self."" This term describes cells with low levels of a cell-surface marker called MHC I (major histocompatibility complex) – a situation that can arise in viral infections of host cells. They were named ""natural killer"" because of the initial notion that they do not require activation in order to', ""Both innate and adaptive immunity depend on the ability of the immune system to distinguish between self and non-self molecules. In immunology, self molecules are those components of an organism's body that can be distinguished from foreign substances by the immune system. Conversely, non-self molecules are those recognized as foreign molecules. One class of non-self molecules are called antigens (short for antibody generators) and are defined as substances that bind to specific immune receptors and elicit an immune response."", ""The immune system is a system of many biological structures and processes within an organism that protects against disease. To function properly, an immune system must detect a wide variety of agents, known as pathogens, from viruses to parasitic worms, and distinguish them from the organism's own healthy tissue. In many species, the immune system can be classified into subsystems, such as the innate immune system versus the adaptive immune system, or humoral immunity versus cell-mediated immunity. In humans, the blood–brain barrier, blood–cerebrospinal fluid barrier, and similar""]",adaptive,adaptive immune system,1.0,0.0
How many lines run out of Downtown Los Angeles?,"['Six of the seven lines of the commuter rail system, Metrolink, run out of Downtown Los Angeles, connecting Los Angeles, Ventura, San Bernardino, Riverside, Orange, and San Diego counties with the other line connecting San Bernardino, Riverside, and Orange counties directly.', 'Within the Los Angeles Area are the major business districts of Downtown Burbank, Downtown Santa Monica, Downtown Glendale and Downtown Long Beach. Los Angeles itself has many business districts including the Downtown Los Angeles central business district as well as those lining the Wilshire Boulevard Miracle Mile including Century City, Westwood and Warner Center in the San Fernando Valley.', ""Los Angeles (at 3.7 million people) and San Diego (at 1.3 million people), both in southern California, are the two largest cities in all of California (and two of the eight largest cities in the United States). In southern California there are also twelve cities with more than 200,000 residents and 34 cities over 100,000 in population. Many of southern California's most developed cities lie along or in close proximity to the coast, with the exception of San Bernardino and Riverside."", 'Downtown San Diego is the central business district of San Diego, though the city is filled with business districts. These include Carmel Valley, Del Mar Heights, Mission Valley, Rancho Bernardo, Sorrento Mesa, and University City. Most of these districts are located in Northern San Diego and some within North County regions.', ""Within southern California are two major cities, Los Angeles and San Diego, as well as three of the country's largest metropolitan areas. With a population of 3,792,621, Los Angeles is the most populous city in California and the second most populous in the United States. To the south and with a population of 1,307,402 is San Diego, the second most populous city in the state and the eighth most populous in the nation.""]",Six,Six,1.0,0.456878444112145
What does less education lead to when working?,"[""An important factor in the creation of inequality is variation in individuals' access to education. Education, especially in an area where there is a high demand for workers, creates high wages for those with this education, however, increases in education first increase and then decrease growth as well as income inequality. As a result, those who are unable to afford an education, or choose not to pursue optional education, generally receive much lower wages. The justification for this is that a lack of education leads directly to lower incomes, and thus lower aggregate savings and investment. Conversely, education raises incomes and promotes growth"", 'When a person’s capabilities are lowered, they are in some way deprived of earning as much income as they would otherwise. An old, ill man cannot earn as much as a healthy young man; gender roles and customs may prevent a woman from receiving an education or working outside the home. There may be an epidemic that causes widespread panic, or there could be rampant violence in the area that prevents people from going to work for fear of their lives. As a result, income and economic inequality increases, and it becomes more difficult to reduce the gap without additional aid. To prevent such', 'inequality in gender also influence towards the economy. Lagerlof and Galor stated that gender inequality in education can result to low economic growth, and continued gender inequality in education, thus creating a poverty trap. It is suggested that a large gap in male and female education may indicate backwardness and so may be associated with lower economic growth, which can explain why there is economic inequality between countries.', 'During the mass high school education movement from 1910–1940, there was an increase in skilled workers, which led to a decrease in the price of skilled labor. High school education during the period was designed to equip students with necessary skill sets to be able to perform at work. In fact, it differs from the present high school education, which is regarded as a stepping-stone to acquire college and advanced degrees. This decrease in wages caused a period of compression and decreased inequality between skilled and unskilled workers. Education is very important for the growth of the economy, however educational', 'In some countries, formal education can take place through home schooling. Informal learning may be assisted by a teacher occupying a transient or ongoing role, such as a family member, or by anyone with knowledge or skills in the wider community setting.']",Less education leads to lower incomes when working.,lower wages,1.0,0.8957621684270016
What is more fundamental than force in quanton field theory?,"['In modern particle physics, forces and the acceleration of particles are explained as a mathematical by-product of exchange of momentum-carrying gauge bosons. With the development of quantum field theory and general relativity, it was realized that force is a redundant concept arising from conservation of momentum (4-momentum in relativity and momentum of virtual particles in quantum electrodynamics). The conservation of momentum can be directly derived from the homogeneity or symmetry of space and so is usually considered more fundamental than the concept of a force. Thus the currently known fundamental forces are considered more accurately to be', 'With modern insights into quantum mechanics and technology that can accelerate particles close to the speed of light, particle physics has devised a Standard Model to describe forces between particles smaller than atoms. The Standard Model predicts that exchanged particles called gauge bosons are the fundamental means by which forces are emitted and absorbed. Only four main interactions are known: in order of decreasing strength, they are: strong, electromagnetic, weak, and gravitational.:2–10:79 High-energy particle physics observations made during the 1970s and 1980s confirmed that the weak and electromagnetic forces are expressions of a more fundamental', 'The notion ""force"" keeps its meaning in quantum mechanics, though one is now dealing with operators instead of classical variables and though the physics is now described by the Schrödinger equation instead of Newtonian equations. This has the consequence that the results of a measurement are now sometimes ""quantized"", i.e. they appear in discrete portions. This is, of course, difficult to imagine in the context of ""forces"". However, the potentials V(x,y,z) or fields, from which the forces generally can be derived, are treated similar to', 'All of the forces in the universe are based on four fundamental interactions. The strong and weak forces are nuclear forces that act only at very short distances, and are responsible for the interactions between subatomic particles, including nucleons and compound nuclei. The electromagnetic force acts between electric charges, and the gravitational force acts between masses. All other forces in nature derive from these four fundamental interactions. For example, friction is a manifestation of the electromagnetic force acting between the atoms of two surfaces, and the Pauli exclusion principle, which does not permit atoms to pass through each other. Similarly,', 'The development of fundamental theories for forces proceeded along the lines of unification of disparate ideas. For example, Isaac Newton unified the force responsible for objects falling at the surface of the Earth with the force responsible for the orbits of celestial mechanics in his universal theory of gravitation. Michael Faraday and James Clerk Maxwell demonstrated that electric and magnetic forces were unified through one consistent theory of electromagnetism. In the 20th century, the development of quantum mechanics led to a modern understanding that the first three fundamental forces (all except gravity) are manifestations of matter (fermions)']",Conservation of momentum,conservation of momentum,1.0,0.5687972183182781
Which country in 1985 signed a treaty to give it special status?,"['in 2013. Greenland signed a Treaty in 1985 giving it a special status.', 'in the Treaty of Nice 2001 and the Treaty of Lisbon 2007. Since its establishment, more member states have joined through a series of accession treaties, from the UK, Ireland, Denmark and Norway in 1972 (though Norway did not end up joining), Greece in 1979, Spain and Portugal 1985, Austria, Finland, Norway and Sweden in 1994 (though again Norway failed to join, because of lack of support in the referendum), the Czech Republic, Cyprus, Estonia, Hungary, Latvia, Lithuania, Malta, Poland, Slovakia and Slovenia in 2004, Romania and Bulgaria in 2007 and Croatia', 'The principal Treaties that form the European Union began with common rules for coal and steel, and then atomic energy, but more complete and formal institutions were established through the Treaty of Rome 1957 and the Maastricht Treaty 1992 (now: TFEU). Minor amendments were made during the 1960s and 1970s. Major amending treaties were signed to complete the development of a single, internal market in the Single European Act 1986, to further the development of a more social Europe in the Treaty of Amsterdam 1997, and to make minor amendments to the relative power of member states in the EU institutions', 'plurilateral regional agreement and established the trans-European model of competition law. In 1957 competition rules were included in the Treaty of Rome, also known as the EC Treaty, which established the European Economic Community (EEC). The Treaty of Rome established the enactment of competition law as one of the main aims of the EEC through the ""institution of a system ensuring that competition in the common market is not distorted"". The two central provisions on EU competition law on companies were established in article 85, which prohibited anti-competitive agreements, subject to some exemptions, and article', 'The Social Charter was subsequently adopted in 1989 by 11 of the then 12 member states. The UK refused to sign the Social Charter and was exempt from the legislation covering Social Charter issues unless it agreed to be bound by the legislation. The UK subsequently was the only member state to veto the Social Charter being included as the ""Social Chapter"" of the 1992 Maastricht Treaty - instead, an Agreement on Social Policy was added as a protocol. Again, the UK was exempt from legislation arising from the protocol, unless it agreed to be bound by it. The protocol was to become known as']",Denmark,Greenland,0.0,0.46013448993385747
Which river joins the Rhine in Duisburg?,"['The Lower Rhine flows through North Rhine-Westphalia. Its banks are usually heavily populated and industrialized, in particular the agglomerations Cologne, Düsseldorf and Ruhr area. Here the Rhine flows through the largest conurbation in Germany, the Rhine-Ruhr region. One of the most important cities in this region is Duisburg with the largest river port in Europe (Duisport). The region downstream of Duisburg is more agricultural. In Wesel, 30 km downstream of Duisburg, is located the western end of the second east-west shipping', ""Until the early 1980s, industry was a major source of water pollution. Although many plants and factories can be found along the Rhine up into Switzerland, it is along the Lower Rhine that the bulk of them are concentrated, as the river passes the major cities of Cologne, Düsseldorf and Duisburg. Duisburg is the home of Europe's largest inland port and functions as a hub to the sea ports of Rotterdam, Antwerp and Amsterdam. The Ruhr, which joins the Rhine in Duisburg, is nowadays a clean river, thanks to a combination of stricter environmental"", 'The Rhine is the longest river in Germany. It is here that the Rhine encounters some more of its main tributaries, such as the Neckar, the Main and, later, the Moselle, which contributes an average discharge of more than 300 m3/s (11,000 cu ft/s). Northeastern France drains to the Rhine via the Moselle; smaller rivers drain the Vosges and Jura Mountains uplands. Most of Luxembourg and a very small part of Belgium also drain to the Rhine via the Moselle. As it approaches the Dutch border, the Rhine has an', 'The Rhine (Romansh: Rein, German: Rhein, French: le Rhin, Dutch: Rijn) is a European river that begins in the Swiss canton of Graubünden in the southeastern Swiss Alps, forms part of the Swiss-Austrian, Swiss-Liechtenstein border, Swiss-German and then the Franco-German border, then flows through the Rhineland and eventually empties into the North Sea in the Netherlands. The biggest city on the river Rhine is Cologne, Germany with a population of more than 1,050,000 people. It is the second-longest', ""The Rhine emerges from Lake Constance, flows generally westward, as the Hochrhein, passes the Rhine Falls, and is joined by its major tributary, the river Aare. The Aare more than doubles the Rhine's water discharge, to an average of nearly 1,000 m3/s (35,000 cu ft/s), and provides more than a fifth of the discharge at the Dutch border. The Aare also contains the waters from the 4,274 m (14,022 ft) summit of Finsteraarhorn, the highest point of the Rhine""]",The Ruhr joins the Rhine in Duisburg.,Ruhr,1.0,0.7504536605964663
What Universal trailer debuted during the Super Bowl?,"['20th Century Fox, Lionsgate, Paramount Pictures, Universal Studios and Walt Disney Studios paid for movie trailers to be aired during the Super Bowl. Fox paid for Deadpool, X-Men: Apocalypse, Independence Day: Resurgence and Eddie the Eagle, Lionsgate paid for Gods of Egypt, Paramount paid for Teenage Mutant Ninja Turtles: Out of the Shadows and 10 Cloverfield Lane, Universal paid for The Secret Life of Pets and the debut trailer for Jason Bourne and Disney paid for Captain America: Civil War, The Jungle Book and Alice Through the Looking Glass.[citation needed]', 'CBS broadcast Super Bowl 50 in the U.S., and charged an average of $5 million for a 30-second commercial during the game. The Super Bowl 50 halftime show was headlined by the British rock group Coldplay with special guest performers Beyoncé and Bruno Mars, who headlined the Super Bowl XLVII and Super Bowl XLVIII halftime shows, respectively. It was the third-most watched U.S. broadcast ever.', 'Super Bowl 50 was an American football game to determine the champion of the National Football League (NFL) for the 2015 season. The American Football Conference (AFC) champion Denver Broncos defeated the National Football Conference (NFC) champion Carolina Panthers 24–10 to earn their third Super Bowl title. The game was played on February 7, 2016, at Levi\'s Stadium in the San Francisco Bay Area at Santa Clara, California. As this was the 50th Super Bowl, the league emphasized the ""golden anniversary"" with various gold-themed initiatives, as well as temporarily suspending the tradition of naming each', 'In late November 2015, reports surfaced stating that ""multiple acts"" would perform during the halftime show. On December 3, the league confirmed that the show would be headlined by the British rock group Coldplay. On January 7, 2016, Pepsi confirmed to the Associated Press that Beyoncé, who headlined the Super Bowl XLVII halftime show and collaborated with Coldplay on the single ""Hymn for the Weekend"", would be making an appearance. Bruno Mars, who headlined the Super Bowl XLVIII halftime show, and Mark Ronson also performed.', ""The game's media day, which was typically held on the Tuesday afternoon prior to the game, was moved to the Monday evening and re-branded as Super Bowl Opening Night. The event was held on February 1, 2016 at SAP Center in San Jose. Alongside the traditional media availabilities, the event featured an opening ceremony with player introductions on a replica of the Golden Gate Bridge.""]",The Secret Life of Pets,Jason Bourne,0.0,0.4146654883507202
What is Prevenient grace?,"['Prevenient grace, or the grace that ""goes before"" us, is given to all people. It is that power which enables us to love and motivates us to seek a relationship with God through Jesus Christ. This grace is the present work of God to turn us from our sin-corrupted human will to the loving will of the Father. In this work, God desires that we might sense both our sinfulness before God and God\'s offer of salvation. Prevenient grace allows those tainted by sin to nevertheless make a truly free choice to accept or reject', 'Sanctifying Grace is that grace of God which sustains the believers in the journey toward Christian Perfection: a genuine love of God with heart, soul, mind, and strength, and a genuine love of our neighbors as ourselves. Sanctifying grace enables us to respond to God by leading a Spirit-filled and Christ-like life aimed toward love. Wesley never claimed this state of perfection for himself but instead insisted the attainment of perfection was possible for all Christians. Here the English Reformer parted company with both Luther and Calvin, who denied that a man would ever reach a state in', 'Justifying Grace or Accepting Grace is that grace, offered by God to all people, that we receive by faith and trust in Christ, through which God pardons the believer of sin. It is in justifying grace we are received by God, in spite of our sin. In this reception, we are forgiven through the atoning work of Jesus Christ on the cross. The justifying grace cancels our guilt and empowers us to resist the power of sin and to fully love God and neighbor. Today, justifying grace is also known as conversion, ""accepting Jesus as your', 'considered to be graced by God with certain gifts for the guidance of souls and the detection and correction of prelest (spiritual pride or deception) - who acts as a spiritual guide or father in the Orthodox Catholic tradition, especially Russian Orthodoxy (see Optina Monastery, which had a long line of said starets); the Priest or Confessor in Roman Catholicism, who is often a man in Holy Orders but may be a monastic or other person respected for his spiritual accomplishments or acumen (even the Pope of Rome has a Confessor, who is not always a bishop,', 'worded so that it is clearly understandable by those who are subject to the law. In European Union law the general principle of legal certainty prohibits Ex post facto laws, i.e. laws should not take effect before they are published. The doctrine of legitimate expectation, which has its roots in the principles of legal certainty and good faith, is also a central element of the general principle of legal certainty in European Union law. The legitimate expectation doctrine holds that and that ""those who act in good faith on the basis of law as it is or seems to be should not be frustrated in']","Prevenient grace is the grace that ""goes before"" us, given to all people, enabling us to love and seek a relationship with God through Jesus Christ. It is the present work of God to turn us from our sin-corrupted human will to the loving will of the Father, allowing us to sense our sinfulness and God's offer of salvation, and enabling us to make a truly free choice to accept or reject salvation.","the grace that ""goes before"" us",,0.8782403385901748
Who did the U.S. collaborate with on an Earth orbit mission in 1975?,"['The Apollo program, also known as Project Apollo, was the third United States human spaceflight program carried out by the National Aeronautics and Space Administration (NASA), which accomplished landing the first humans on the Moon from 1969 to 1972. First conceived during Dwight D. Eisenhower\'s administration as a three-man spacecraft to follow the one-man Project Mercury which put the first Americans in space, Apollo was later dedicated to President John F. Kennedy\'s national goal of ""landing a man on the Moon and returning him safely to the Earth"" by the end of the 1960s, which', ""track. The Soviet Union had sent animals around the Moon on September 15, 1968, aboard Zond 5, and it was believed they might soon repeat the feat with human cosmonauts. The decision was not announced publicly until successful completion of Apollo 7. Gemini veterans Frank Borman and James Lovell, and rookie William Anders captured the world's attention by making 10 lunar orbits in 20 hours, transmitting television pictures of the lunar surface on Christmas Eve, and returning safely to Earth."", 'The G mission was achieved on Apollo 11 in July 1969 by an all-Gemini veteran crew consisting of Neil Armstrong, Michael Collins and Buzz Aldrin. Armstrong and Aldrin performed the first landing at the Sea of Tranquility at 20:17:40 UTC on July 20, 1969. They spent a total of 21 hours, 36 minutes on the surface, and spent 2 hours, 31 minutes outside the spacecraft, walking on the surface, taking photographs, collecting material samples, and deploying automated scientific instruments, while continuously sending black-and-white television back to Earth.', 'and early 1962, members of the Manned Spacecraft Center began to come around to support LOR, including the newly hired deputy director of the Office of Manned Space Flight, Joseph Shea, who became a champion of LOR. The engineers at Marshall Space Flight Center (MSFC) took longer to become convinced of its merits, but their conversion was announced by Wernher von Braun at a briefing in June 1962.', 'The problems with North American were severe enough in late 1965 to cause Manned Space Flight Administrator George Mueller to appoint program director Samuel Phillips to head a ""tiger team"" to investigate North American\'s problems and identify corrections. Phillips documented his findings in a December 19 letter to NAA president Lee Atwood, with a strongly worded letter by Mueller, and also gave a presentation of the results to Mueller and Deputy Administrator Robert Seamans. Meanwhile, Grumman was also encountering problems with the Lunar Module, eliminating hopes it would be ready for manned flight in 1967, not long after the']","The context provided does not contain information about a U.S. collaboration on an Earth orbit mission in 1975. Therefore, I don't know.",Soviet Union,0.0,0.0
What type of launch was happening during the Apollo 1 incident?,"['Apollo 5 (AS-204) was the first unmanned test flight of LM in Earth orbit, launched from pad 37 on January 22, 1968, by the Saturn IB that would have been used for Apollo 1. The LM engines were successfully test-fired and restarted, despite a computer programming error which cut short the first descent stage firing. The ascent engine was fired in abort mode, known as a ""fire-in-the-hole"" test, where it was lit simultaneously with jettison of the descent stage. Although Grumman wanted a second unmanned test, George', 'Grissom, White, and Chaffee decided to name their flight Apollo 1 as a motivational focus on the first manned flight. They trained and conducted tests of their spacecraft at North American, and in the altitude chamber at the Kennedy Space Center. A ""plugs-out"" test was planned for January, which would simulate a launch countdown on LC-34 with the spacecraft transferring from pad-supplied to internal power. If successful, this would be followed by a more rigorous countdown simulation test closer to the February 21 launch, with both spacecraft and launch vehicle fueled.', 'The Apollo program, also known as Project Apollo, was the third United States human spaceflight program carried out by the National Aeronautics and Space Administration (NASA), which accomplished landing the first humans on the Moon from 1969 to 1972. First conceived during Dwight D. Eisenhower\'s administration as a three-man spacecraft to follow the one-man Project Mercury which put the first Americans in space, Apollo was later dedicated to President John F. Kennedy\'s national goal of ""landing a man on the Moon and returning him safely to the Earth"" by the end of the 1960s, which', 'The success of the first two landings allowed the remaining missions to be crewed with a single veteran as Commander, with two rookies. Apollo 13 launched Lovell, Jack Swigert, and Fred Haise in April 1970, headed for the Fra Mauro formation. But two days out, a liquid oxygen tank exploded, disabling the Service Module and forcing the crew to use the LM as a ""life boat"" to return to Earth. Another NASA review board was convened to determine the cause, which turned out to be a combination of damage of the tank in the', 'The first four Saturn I test flights were launched from LC-34, with only live first stages, carrying dummy upper stages filled with water. The first flight with a live S-IV was launched from LC-37. This was followed by five launches of boilerplate CSMs (designated AS-101 through AS-105) into orbit in 1964 and 1965. The last three of these further supported the Apollo program by also carrying Pegasus satellites, which verified the safety of the translunar environment by measuring the frequency and severity of micrometeorite impacts.']","The Apollo 1 incident involved a ""plugs-out"" test, which was a simulated launch countdown on LC-34 with the spacecraft transferring from pad-supplied to internal power. This test was part of the preparations for the actual launch.",prelaunch test,,0.778219278656021
What did Warsz own?,"['Warsaw\'s name in the Polish language is Warszawa, approximately /vɑːrˈʃɑːvə/ (also formerly spelled Warszewa and Warszowa), meaning ""belonging to Warsz"", Warsz being a shortened form of the masculine name of Slavic origin Warcisław; see also etymology of Wrocław. Folk etymology attributes the city name to a fisherman, Wars, and his wife, Sawa. According to legend, Sawa was a mermaid living in the Vistula River with whom Wars fell in love. In actuality, Warsz was a', '12th/13th-century nobleman who owned a village located at the modern-day site of Mariensztat neighbourhood. See also the Vršovci family which had escaped to Poland. The official city name in full is miasto stołeczne Warszawa (English: ""The Capital City of Warsaw""). A native or resident of Warsaw is known as a Varsovian – in Polish warszawiak (male), warszawianka (female), warszawiacy (plural).', ""In 1983, ABC sold KXYZ to the Infinity Broadcasting Corporation. On January 4, 1984, The New York Times reported that ABC, through its subsidiary ABC Video Enterprises, had exercised its option to purchase up to 15% (or between $25 million and $30 million) of Getty Oil's shares in ESPN, which would allow it to expand its shares at a later date. In June 1984, ABC's executive committee approved the company's interest acquisition in ESPN, and ABC arranged with Getty Oil to obtain an 80% stake in the channel, while selling"", 'and Matiz there for the European market. In 2005 the factory was sold to AvtoZAZ, a Ukrainian car manufacturer which assembled there the Chevrolet Aveo. The license for the production of the Aveo expired in February 2011 and has since not been renewed. Currently the company is defunct.', 'complied with new ownership rules implemented by the FCC in January 1985, that allowed broadcasters to own a maximum of 12 television stations), ABC and Capital Cities respectively decided to sell WXYZ-TV and Tampa independent station WFTS-TV to the E. W. Scripps Company (although Capital Cities/ABC originally intended to seek a cross-ownership waiver to retain WXYZ and Capital Cities-owned radio stations WJR and WHYT).']",Warsz owned a village located at the modern-day site of Mariensztat neighbourhood.,a village,1.0,0.7324204326417151
How do you pronounce Fresno?,"[""Fresno (/ˈfrɛznoʊ/ FREZ-noh), the county seat of Fresno County, is a city in the U.S. state of California. As of 2015, the city's population was 520,159, making it the fifth-largest city in California, the largest inland city in California and the 34th-largest in the nation. Fresno is in the center of the San Joaquin Valley and is the largest city in the Central Valley, which contains the San Joaquin Valley. It is approximately 220 miles (350 km) northwest of Los Angeles,"", '170 miles (270 km) south of the state capital, Sacramento, or 185 miles (300 km) south of San Francisco. The name Fresno means ""ash tree"" in Spanish, and an ash leaf is featured on the city\'s flag.', 'The ""West Side"" of Fresno, also often called ""Southwest Fresno"", is one of the oldest neighborhoods in the city. The neighborhood lies southwest of the 99 freeway (which divides it from Downtown Fresno), west of the 41 freeway and south of Nielsen Ave (or the newly constructed 180 Freeway), and extends to the city limits to the west and south. The neighborhood is traditionally considered to be the center of Fresno\'s African-American community. It is culturally diverse and also includes significant Mexican-American and Asian-American (principally Hmong or Laotian) populations.', 'Fresno is served by State Route 99, the main north/south freeway that connects the major population centers of the California Central Valley. State Route 168, the Sierra Freeway, heads east to the city of Clovis and Huntington Lake. State Route 41 (Yosemite Freeway/Eisenhower Freeway) comes into Fresno from Atascadero in the south, and then heads north to Yosemite. State Route 180 (Kings Canyon Freeway) comes from the west via Mendota, and from the east in Kings Canyon National Park going towards the city of Reedley.', 'Fresno is marked by a semi-arid climate (Köppen BSh), with mild, moist winters and hot and dry summers, thus displaying Mediterranean characteristics. December and January are the coldest months, and average around 46.5 °F (8.1 °C), and there are 14 nights with freezing lows annually, with the coldest night of the year typically bottoming out below 30 °F (−1.1 °C). July is the warmest month, averaging 83.0 °F (28.3 °C); normally, there are 32 days of 100 °F']",FRES-noh,(/ˈfrɛznoʊ/ FREZ-noh),0.0,0.6440331368397736
What members typically open debates?,"['The Presiding Officer (or Deputy Presiding Officer) decides who speaks in chamber debates and the amount of time for which they are allowed to speak. Normally, the Presiding Officer tries to achieve a balance between different viewpoints and political parties when selecting members to speak. Typically, ministers or party leaders open debates, with opening speakers given between 5 and 20 minutes, and succeeding speakers allocated less time. The Presiding Officer can reduce speaking time if a large number of members wish to participate in the debate. Debate is more informal than in some parliamentary systems. Members may call each other directly by name, rather', 'Immediately after Decision Time a ""Members Debate"" is held, which lasts for 45 minutes. Members Business is a debate on a motion proposed by an MSP who is not a Scottish minister. Such motions are on issues which may be of interest to a particular area such as a member\'s own constituency, an upcoming or past event or any other item which would otherwise not be accorded official parliamentary time. As well as the proposer, other members normally contribute to the debate. The relevant minister, whose department the debate and motion relate to ""winds up"" the debate by speaking after', 'and his/her deputies must be politically impartial. During debates, the Presiding Officer (or the deputy) is assisted by the parliamentary clerks, who give advice on how to interpret the standing orders that govern the proceedings of meetings. A vote clerk sits in front of the Presiding Officer and operates the electronic voting equipment and chamber clocks.', 'cannot vote. Members are able to sit anywhere in the debating chamber, but typically sit in their party groupings. The First Minister, Scottish cabinet ministers and Law officers sit in the front row, in the middle section of the chamber. The largest party in the Parliament sits in the middle of the semicircle, with opposing parties on either side. The Presiding Officer, parliamentary clerks and officials sit opposite members at the front of the debating chamber.', 'for a full debate in the chamber on the general principles of the bill. If the whole Parliament agrees in a vote to the general principles of the bill, it then proceeds to Stage 2.']",Ministers or party leaders,ministers or party leaders,0.5,0.0
What two radio stations in Denver carried Super Bowl 50?,"['Super Bowl 50 was an American football game to determine the champion of the National Football League (NFL) for the 2015 season. The American Football Conference (AFC) champion Denver Broncos defeated the National Football Conference (NFC) champion Carolina Panthers 24–10 to earn their third Super Bowl title. The game was played on February 7, 2016, at Levi\'s Stadium in the San Francisco Bay Area at Santa Clara, California. As this was the 50th Super Bowl, the league emphasized the ""golden anniversary"" with various gold-themed initiatives, as well as temporarily suspending the tradition of naming each', 'CBS broadcast Super Bowl 50 in the U.S., and charged an average of $5 million for a 30-second commercial during the game. The Super Bowl 50 halftime show was headlined by the British rock group Coldplay with special guest performers Beyoncé and Bruno Mars, who headlined the Super Bowl XLVII and Super Bowl XLVIII halftime shows, respectively. It was the third-most watched U.S. broadcast ever.', '(99.3 FM), which is based in Chester, South Carolina. As KOA and WBT are both clear-channel stations, the local broadcasts will be audible over much of the western United States after sunset (for Denver) and the eastern United States throughout the game (for Carolina). In accordance with contractual rules, the rest of the stations in the Broncos and Panthers radio networks will either carry the Westwood One feed or not carry the game at all.', 'The flagship stations of each station in the markets of each team will carry their local play-by-play calls. In Denver, KOA (850 AM) and KRFX (103.5 FM) will carry the game, with Dave Logan on play-by-play and Ed McCaffrey on color commentary. In North Carolina, WBT (1110 AM) will carry the game, with Mick Mixon on play-by-play and Eugene Robinson and Jim Szoke on color commentary. WBT will also simulcast the game on its sister station WBT-FM', ""The Broncos took an early lead in Super Bowl 50 and never trailed. Newton was limited by Denver's defense, which sacked him seven times and forced him into three turnovers, including a fumble which they recovered for a touchdown. Denver linebacker Von Miller was named Super Bowl MVP, recording five solo tackles, 2½ sacks, and two forced fumbles.""]",KOA (850 AM) and KRFX (103.5 FM),KOA (850 AM) and KRFX (103.5 FM),0.5,0.5627537981674128
Of what group in the periodic table is oxygen a member?,"['Oxygen is a chemical element with symbol O and atomic number 8. It is a member of the chalcogen group on the periodic table and is a highly reactive nonmetal and oxidizing agent that readily forms compounds (notably oxides) with most elements. By mass, oxygen is the third-most abundant element in the universe, after hydrogen and helium. At standard temperature and pressure, two atoms of the element bind to form dioxygen, a colorless and odorless diatomic gas with the formula O\n2. Diatomic oxygen gas constitutes', ""The common allotrope of elemental oxygen on Earth is called dioxygen, O\n2. It is the form that is a major part of the Earth's atmosphere (see Occurrence). O2 has a bond length of 121 pm and a bond energy of 498 kJ·mol−1, which is smaller than the energy of other double bonds or pairs of single bonds in the biosphere and responsible for the exothermic reaction of O2 with any organic molecule. Due to its energy content, O2 is used by complex forms of life, such"", ""Oxygen is the most abundant chemical element by mass in the Earth's biosphere, air, sea and land. Oxygen is the third most abundant chemical element in the universe, after hydrogen and helium. About 0.9% of the Sun's mass is oxygen. Oxygen constitutes 49.2% of the Earth's crust by mass and is the major component of the world's oceans (88.8% by mass). Oxygen gas is the second most common component of the Earth's atmosphere, taking up 20.8% of its volume and 23.1%"", 'Among the most important classes of organic compounds that contain oxygen are (where ""R"" is an organic group): alcohols (R-OH); ethers (R-O-R); ketones (R-CO-R); aldehydes (R-CO-H); carboxylic acids (R-COOH); esters (R-COO-R); acid anhydrides (R-CO-O-CO-R); and amides', 'The element is found in almost all biomolecules that are important to (or generated by) life. Only a few common complex biomolecules, such as squalene and the carotenes, contain no oxygen. Of the organic compounds with biological relevance, carbohydrates contain the largest proportion by mass of oxygen. All fats, fatty acids, amino acids, and proteins contain oxygen (due to the presence of carbonyl groups in these acids and their ester residues). Oxygen also occurs in phosphate (PO3−\n4) groups in']",Chalcogen group,chalcogen,1.0,0.566064768390386
What was the name of the Norman castle?,"['Norman architecture typically stands out as a new stage in the architectural history of the regions they subdued. They spread a unique Romanesque idiom to England and Italy, and the encastellation of these regions with keeps in their north French style fundamentally altered the military landscape. Their style was characterised by rounded arches, particularly over windows and doorways, and massive proportions.', 'into a cohesive and formidable principality in feudal tenure. The Normans are noted both for their culture, such as their unique Romanesque architecture and musical traditions, and for their significant military accomplishments and innovations. Norman adventurers founded the Kingdom of Sicily under Roger II after conquering southern Italy on the Saracens and Byzantines, and an expedition on behalf of their duke, William the Conqueror, led to the Norman conquest of England at the Battle of Hastings in 1066. Norman cultural and military influence spread from these new European centres to the Crusader states of the Near East, where their prince', 'The Normans (Norman: Nourmands; French: Normands; Latin: Normanni) were the people who in the 10th and 11th centuries gave their name to Normandy, a region in France. They were descended from Norse (""Norman"" comes from ""Norseman"") raiders and pirates from Denmark, Iceland and Norway who, under their leader Rollo, agreed to swear fealty to King Charles III of West Francia. Through generations of assimilation and mixing with the native Frankish and Roman-Gaulish populations, their descendants would gradually merge with the', 'In England, the period of Norman architecture immediately succeeds that of the Anglo-Saxon and precedes the Early Gothic. In southern Italy, the Normans incorporated elements of Islamic, Lombard, and Byzantine building techniques into their own, initiating a unique style known as Norman-Arab architecture within the Kingdom of Sicily.', 'The Norman dynasty had a major political, cultural and military impact on medieval Europe and even the Near East. The Normans were famed for their martial spirit and eventually for their Christian piety, becoming exponents of the Catholic orthodoxy into which they assimilated. They adopted the Gallo-Romance language of the Frankish land they settled, their dialect becoming known as Norman, Normaund or Norman French, an important literary language. The Duchy of Normandy, which they formed by treaty with the French crown, was a great fief of medieval France, and under Richard I of Normandy was forged']",The context provided does not contain the name of a specific Norman castle.,Afranji,0.0,0.8456013958854021
What kind of cell did cynaobacteria enter long ago?,"[""Somewhere around a billion years ago, a free-living cyanobacterium entered an early eukaryotic cell, either as food or as an internal parasite, but managed to escape the phagocytic vacuole it was contained in. The two innermost lipid-bilayer membranes that surround all chloroplasts correspond to the outer and inner membranes of the ancestral cyanobacterium's gram negative cell wall, and not the phagosomal membrane from the host, which was probably lost. The new cellular resident quickly became an"", 'advantage, providing food for the eukaryotic host, which allowed it to live within it. Over time, the cyanobacterium was assimilated, and many of its genes were lost or transferred to the nucleus of the host. Some of its proteins were then synthesized in the cytoplasm of the host cell, and imported back into the chloroplast (formerly the cyanobacterium).', '2.5 billion years ago during the Great Oxygenation Event, about a billion years after the first appearance of these organisms.', 'Cyanobacteria are considered the ancestors of chloroplasts. They are sometimes called blue-green algae even though they are prokaryotes. They are a diverse phylum of bacteria capable of carrying out photosynthesis, and are gram-negative, meaning that they have two cell membranes. Cyanobacteria also contain a peptidoglycan cell wall, which is thicker than in other gram-negative bacteria, and which is located between their two cell membranes. Like chloroplasts, they have thylakoids within. On', 'While most chloroplasts originate from that first set of endosymbiotic events, Paulinella chromatophora is an exception that acquired a photosynthetic cyanobacterial endosymbiont more recently. It is not clear whether that symbiont is closely related to the ancestral chloroplast of other eukaryotes. Being in the early stages of endosymbiosis, Paulinella chromatophora can offer some insights into how chloroplasts evolved. Paulinella cells contain one or two']",A eukaryotic cell.,eukaryotic,0.0,0.6210701509561649
What occurs when traveling across a surface at a constant velocity with regard to friction?,"['A simple case of dynamic equilibrium occurs in constant velocity motion across a surface with kinetic friction. In such a situation, a force is applied in the direction of motion while the kinetic friction force exactly opposes the applied force. This results in zero net force, but since the object started with a non-zero velocity, it continues to move with a non-zero velocity. Aristotle misinterpreted this motion as being caused by the applied force. However, when kinetic friction is taken into consideration it is clear that there is no net force causing constant velocity motion.', 'Pushing against an object on a frictional surface can result in a situation where the object does not move because the applied force is opposed by static friction, generated between the object and the table surface. For a situation with no movement, the static friction force exactly balances the applied force resulting in no acceleration. The static friction increases or decreases in response to the applied force up to an upper limit determined by the characteristics of the contact between the surface and the object.', ""For instance, while traveling in a moving vehicle at a constant velocity, the laws of physics do not change from being at rest. A person can throw a ball straight up in the air and catch it as it falls down without worrying about applying a force in the direction the vehicle is moving. This is true even though another person who is observing the moving vehicle pass by also observes the ball follow a curving parabolic path in the same direction as the motion of the vehicle. It is the inertia of the ball associated with its constant velocity in the direction of the vehicle's motion"", 'that ensures the ball continues to move forward even as it is thrown up and falls back down. From the perspective of the person in the car, the vehicle and everything inside of it is at rest: It is the outside world that is moving with a constant speed in the opposite direction. Since there is no experiment that can distinguish whether it is the vehicle that is at rest or the outside world that is at rest, the two situations are considered to be physically indistinguishable. Inertia therefore applies equally well to constant velocity motion as it does to rest.', 'Newton\'s First Law of Motion states that objects continue to move in a state of constant velocity unless acted upon by an external net force or resultant force. This law is an extension of Galileo\'s insight that constant velocity was associated with a lack of net force (see a more detailed description of this below). Newton proposed that every object with mass has an innate inertia that functions as the fundamental equilibrium ""natural state"" in place of the Aristotelian idea of the ""natural state of rest"". That is, the first law contradicts the intuitive']","When traveling across a surface at a constant velocity, the kinetic friction force exactly opposes the applied force, resulting in zero net force, but the object continues to move with a non-zero velocity.",dynamic equilibrium,1.0,0.9302286404676158
When was a study published confirming the 2001 IPCC projections?,"[""On 1 February 2007, the eve of the publication of IPCC's major report on climate, a study was published suggesting that temperatures and sea levels have been rising at or above the maximum rates proposed during the last IPCC report in 2001. The study compared IPCC 2001 projections on temperature and sea level change with observations. Over the six years studied, the actual temperature rise was near the top end of the range given by IPCC's 2001 projection, and the actual sea level rise was above the top of the range of the IPCC projection."", 'This projection was not included in the final summary for policymakers. The IPCC has since acknowledged that the date is incorrect, while reaffirming that the conclusion in the final summary was robust. They expressed regret for ""the poor application of well-established IPCC procedures in this instance"". The date of 2035 has been correctly quoted by the IPCC from the WWF report, which has misquoted its own source, an ICSI report ""Variations of Snow and Ice in the past and at present on a Global and Regional Scale"".', 'Another example of scientific research which suggests that previous estimates by the IPCC, far from overstating dangers and risks, have actually understated them is a study on projected rises in sea levels. When the researchers\' analysis was ""applied to the possible scenarios outlined by the Intergovernmental Panel on Climate Change (IPCC), the researchers found that in 2100 sea levels would be 0.5–1.4 m [50–140 cm] above 1990 levels. These values are much greater than the 9–88 cm as projected by the IPCC itself in its', 'Third Assessment Report, published in 2001"". This may have been due, in part, to the expanding human understanding of climate.', ""Since the IPCC does not carry out its own research, it operates on the basis of scientific papers and independently documented results from other scientific bodies, and its schedule for producing reports requires a deadline for submissions prior to the report's final release. In principle, this means that any significant new evidence or events that change our understanding of climate science between this deadline and publication of an IPCC report cannot be included. In an area of science where our scientific understanding is rapidly changing, this has been raised as a serious shortcoming in a body which is widely regarded as the ultimate authority on the""]",The context does not provide a specific date for when a study was published confirming the 2001 IPCC projections.,1 February 2007,1.0,0.0
Of what was the Diet of Worms an assembly? ,"['The enforcement of the ban on the 95 Theses fell to the secular authorities. On 18 April 1521, Luther appeared as ordered before the Diet of Worms. This was a general assembly of the estates of the Holy Roman Empire that took place in Worms, a town on the Rhine. It was conducted from 28 January to 25 May 1521, with Emperor Charles V presiding. Prince Frederick III, Elector of Saxony, obtained a safe conduct for Luther to and from the meeting.', ""In October 1529, Philip I, Landgrave of Hesse, convoked an assembly of German and Swiss theologians at the Marburg Colloquy, to establish doctrinal unity in the emerging Protestant states. Agreement was achieved on fourteen points out of fifteen, the exception being the nature of the Eucharist – the sacrament of the Lord's Supper—an issue crucial to Luther."", 'Over the next five days, private conferences were held to determine Luther\'s fate. The Emperor presented the final draft of the Edict of Worms on 25 May 1521, declaring Luther an outlaw, banning his literature, and requiring his arrest: ""We want him to be apprehended and punished as a notorious heretic."" It also made it a crime for anyone in Germany to give Luther food or shelter. It permitted anyone to kill Luther without legal consequence.', ""Following the Peterloo massacre of 1819, poet Percy Shelley wrote the political poem The Mask of Anarchy later that year, that begins with the images of what he thought to be the unjust forms of authority of his time—and then imagines the stirrings of a new form of social action. It is perhaps the first modern[vague] statement of the principle of nonviolent protest. A version was taken up by the author Henry David Thoreau in his essay Civil Disobedience, and later by Gandhi in his doctrine of Satyagraha. Gandhi's"", 'usefulness of indulgences in his Ninety-Five Theses of 1517. His refusal to retract all of his writings at the demand of Pope Leo X in 1520 and the Holy Roman Emperor Charles V at the Diet of Worms in 1521 resulted in his excommunication by the Pope and condemnation as an outlaw by the Emperor.']",The Diet of Worms was an assembly of the estates of the Holy Roman Empire.,estates of the Holy Roman Empire,1.0,0.8630474241001144
What is the church's theological orientation?,"['Discipline, United Methodist theology is at once ""catholic, evangelical, and reformed."" Today, the UMC is generally considered one of the more moderate and tolerant denominations with respect to race, gender, and ideology, though the denomination itself actually includes a very wide spectrum of attitudes. Comparatively, the UMC stands to the right of liberal and progressive Protestant groups such as the United Church of Christ and the Episcopal Church on certain issues (especially regarding sexuality), but to the left of historically conservative evangelical traditions such as the Southern Baptists and Pentecostalism, in regard to theological matters', 'Wesleyan theology stands at a unique cross-roads between evangelical and sacramental, between liturgical and charismatic, and between Anglo-Catholic and Reformed theology and practice. It has been characterized as Arminian theology with an emphasis on the work of the Holy Spirit to bring holiness into the life of the participating believer. The United Methodist Church believes in prima scriptura, seeing the Holy Bible as the primary authority in the Church and using sacred tradition, reason, and experience to interpret it, with the aid of the Holy Spirit (see Wesleyan Quadrilateral). Therefore, according to The Book of', 'The United Methodist Church understands itself to be part of the holy catholic (or universal) church and it recognizes the historic ecumenical creeds, the Apostle\'s Creed and the Nicene Creed; which are used frequently in services of worship. The Book of Discipline also recognizes the importance of the Chalcedonian Creed of the Council of Chalcedon. It upholds the concept of the ""visible and invisible Church,"" meaning that all who are truly believers in every age belong to the holy Church invisible, while the United Methodist Church is a branch of the Church visible, to which all', 'of the more historic and conservative Reformation Churches, such as some of the Lutheran and Anglican. In keeping with the individualistic nature of most Protestant denominations, the emphasis on being guided in spiritual development is small, with a heavy emphasis placed on heavy reading and personal, Spirit-enlightened interpretation of the Holy Bible.', 'such as social justice and Biblical interpretation. However, it should be noted that the UMC is made up of a broad diversity of thought, and so there are many clergy and laity within the UMC that hold differing viewpoints on such theological matters.']","The United Methodist Church's theological orientation is a unique blend of evangelical and sacramental, liturgical and charismatic, Anglo-Catholic and Reformed theology and practice. It is characterized as Arminian theology with an emphasis on the work of the Holy Spirit to bring holiness into the life of the participating believer. The church believes in prima scriptura, seeing the Holy Bible as the primary authority in the Church and using sacred tradition, reason, and experience to interpret it, with the aid of the Holy Spirit. The church also recognizes the historic ecumenical creeds, the Apostle's Creed and the Nicene Creed, and upholds the concept of the ""visible and invisible Church."" The UMC is generally considered one of the more moderate and tolerant denominations with respect to race, gender, and ideology, though it includes a wide spectrum of attitudes.",Wesleyan,,0.7884364058538912
What is an example of a steam-powered automobile?,"['Steam engines can be said to have been the moving force behind the Industrial Revolution and saw widespread commercial use driving machinery in factories, mills and mines; powering pumping stations; and propelling transport appliances such as railway locomotives, ships, steamboats and road vehicles. Their use in agriculture led to an increase in the land available for cultivation. There have at one time or another been steam-powered farm tractors, motorcycles (without much success) and even automobiles as the Stanley Steamer.', 'Steam engines are external combustion engines, where the working fluid is separate from the combustion products. Non-combustion heat sources such as solar power, nuclear power or geothermal energy may be used. The ideal thermodynamic cycle used to analyze this process is called the Rankine cycle. In the cycle, water is heated and transforms into steam within a boiler operating at a high pressure. When expanded through pistons or turbines, mechanical work is done. The reduced-pressure steam is then condensed and pumped back into the boiler.', 'The first commercial steam-powered device was a water pump, developed in 1698 by Thomas Savery. It used condensing steam to create a vacuum which was used to raise water from below, then it used steam pressure to raise it higher. Small engines were effective though larger models were problematic. They proved only to have a limited lift height and were prone to boiler explosions. It received some use in mines, pumping stations and for supplying water wheels used to power textile machinery. An attractive feature of the Savery engine was its low cost. Bento de Moura Portugal introduced an', 'Reciprocating piston type steam engines remained the dominant source of power until the early 20th century, when advances in the design of electric motors and internal combustion engines gradually resulted in the replacement of reciprocating (piston) steam engines in commercial usage, and the ascendancy of steam turbines in power generation. Considering that the great majority of worldwide electric generation is produced by turbine type steam engines, the ""steam age"" is continuing with energy levels far beyond those of the turn of the 19th century.', ""Although the reciprocating steam engine is no longer in widespread commercial use, various companies are exploring or exploiting the potential of the engine as an alternative to internal combustion engines. The company Energiprojekt AB in Sweden has made progress in using modern materials for harnessing the power of steam. The efficiency of Energiprojekt's steam engine reaches some 27-30% on high-pressure engines. It is a single-step, 5-cylinder engine (no compound) with superheated steam and consumes approx. 4 kg""]",Stanley Steamer,Stanley Steamer,1.0,0.5827549502823102
"How much does a Probationer earn, initially?","['For the salary year beginning April 2008, unpromoted teachers in Scotland earned from £20,427 for a Probationer, up to £32,583 after 6 years teaching, but could then go on to earn up to £39,942 as they complete the modules to earn Chartered Teacher Status (requiring at least 6 years at up to two modules per year.) Promotion to Principal Teacher positions attracts a salary of between £34,566 and £44,616; Deputy Head, and Head teachers earn from £40,290 to', 'available, however, as architects with 14 or more years experience working in the Middle East earn on average £43,389 per annum, compared to £40,000 in the UK. Some construction workers in the US/Canada have made more than $100,000 annually, depending on their trade.', 'etc.) could earn over €90,000.', 'wages to workers.', 'In 2010 a salary survey revealed the differences in remuneration between different roles, sectors and locations in the construction and built environment industry. The results showed that areas of particularly strong growth in the construction industry, such as the Middle East, yield higher average salaries than in the UK for example. The average earning for a professional in the construction industry in the Middle East, across all sectors, job types and levels of experience, is £42,090, compared to £26,719 in the UK. This trend is not necessarily due to the fact that more affluent roles are']","£20,427","20,427",1.0,0.5936608983425041
What position does Brandon Marshall currently play? ,"[""The Broncos' defense ranked first in the NFL yards allowed (4,530) for the first time in franchise history, and fourth in points allowed (296). Defensive ends Derek Wolfe and Malik Jackson each had 5½ sacks. Pro Bowl linebacker Von Miller led the team with 11 sacks, forced four fumbles, and recovered three. Linebacker DeMarcus Ware was selected to play in the Pro Bowl for the ninth time in his career, ranking second on the team with 7½ sacks. Linebacker Brandon Marshall led the team in total tackles with 109, while Danny Trevathan ranked second with"", 'weeks after breaking his right arm in the NFC title game.', ""backup quarterback Brock Osweiler, who took over as the starter for most of the remainder of the regular season. Osweiler was injured, however, leading to Manning's return during the Week 17 regular season finale, where the Broncos were losing 13–7 against the 4–11 San Diego Chargers, resulting in Manning re-claiming the starting quarterback position for the playoffs by leading the team to a key 27–20 win that enabled the team to clinch the number one overall AFC seed. Under defensive coordinator Wade Phillips, the Broncos' defense ranked number one in total yards allowed, passing yards allowed"", ""in 13 games, along with Pro Bowl fullback Mike Tolbert, who rushed for 256 yards and caught 18 passes for another 154 yards. Carolina's offensive line also featured two Pro Bowl selections: center Ryan Kalil and guard Trai Turner."", 'Westwood One will carry the game throughout North America, with Kevin Harlan as play-by-play announcer, Boomer Esiason and Dan Fouts as color analysts, and James Lofton and Mark Malone as sideline reporters. Jim Gray will anchor the pre-game and halftime coverage.']",Linebacker,Linebacker,0.0,0.6717317366527019
How many members are on the Warsaw City Counil?,"['Legislative power in Warsaw is vested in a unicameral Warsaw City Council (Rada Miasta), which comprises 60 members. Council members are elected directly every four years. Like most legislative bodies, the City Council divides itself into committees which have the oversight of various functions of the city government. Bills passed by a simple majority are sent to the mayor (the President of Warsaw), who may sign them into law. If the mayor vetoes a bill, the Council has 30 days to override the veto by a two-thirds majority vote.', 'Warsaw (Polish: Warszawa [varˈʂava] ( listen); see also other names) is the capital and largest city of Poland. It stands on the Vistula River in east-central Poland, roughly 260 kilometres (160 mi) from the Baltic Sea and 300 kilometres (190 mi) from the Carpathian Mountains. Its population is estimated at 1.740 million residents within a greater metropolitan area of 2.666 million residents, which makes Warsaw the 9th most-populous capital city in the European Union. The city limits cover 516.9 square kilometres', ""Demographically, it was the most diverse city in Poland, with significant numbers of foreign-born inhabitants. In addition to the Polish majority, there was a significant Jewish minority in Warsaw. According to Russian census of 1897, out of the total population of 638,000, Jews constituted 219,000 (around 34% percent). Warsaw's prewar Jewish population of more than 350,000 constituted about 30 percent of the city's total population. In 1933, out of 1,178,914 inhabitants 833,500 were of Polish mother tongue. World War II changed"", ""The city is the seat of a Roman Catholic archdiocese (left bank of the Vistula) and diocese (right bank), and possesses various universities, most notably the Polish Academy of Sciences and the University of Warsaw, two opera houses, theatres, museums, libraries and monuments. The historic city-centre of Warsaw with its picturesque Old Town in 1980 was listed as a UNESCO World Heritage Site. Other main architectural attractions include the Castle Square with the Royal Castle and the iconic King Sigismund's Column, St. John's Cathedral, Market Square, palaces, churches and mansions all displaying a"", 'industry. The Warsaw Stock Exchange is one of the largest and most important in Central and Eastern Europe. Frontex, the European Union agency for external border security, has its headquarters in Warsaw. It has been said that Warsaw, together with Frankfurt, London, Paris and Barcelona is one of the cities with the highest number of skyscrapers in the European Union. Warsaw has also been called ""Eastern Europe’s chic cultural capital with thriving art and club scenes and serious restaurants"".']",60,60,1.0,0.3852603886199944
What is the term for the lack of obsevable free quarks?,"['With modern insights into quantum mechanics and technology that can accelerate particles close to the speed of light, particle physics has devised a Standard Model to describe forces between particles smaller than atoms. The Standard Model predicts that exchanged particles called gauge bosons are the fundamental means by which forces are emitted and absorbed. Only four main interactions are known: in order of decreasing strength, they are: strong, electromagnetic, weak, and gravitational.:2–10:79 High-energy particle physics observations made during the 1970s and 1980s confirmed that the weak and electromagnetic forces are expressions of a more fundamental', 'interacting by exchanging virtual particles called gauge bosons. This standard model of particle physics posits a similarity between the forces and led scientists to predict the unification of the weak and electromagnetic forces in electroweak theory subsequently confirmed by observation. The complete formulation of the standard model predicts an as yet unobserved Higgs mechanism, but observations such as neutrino oscillations indicate that the standard model is incomplete. A Grand Unified Theory allowing for the combination of the electroweak interaction with the strong force is held out as a possibility with candidate theories such as', 'The weak force is due to the exchange of the heavy W and Z bosons. Its most familiar effect is beta decay (of neutrons in atomic nuclei) and the associated radioactivity. The word ""weak"" derives from the fact that the field strength is some 1013 times less than that of the strong force. Still, it is stronger than gravity over short distances. A consistent electroweak theory has also been developed, which shows that electromagnetic forces and the weak force are indistinguishable at a temperatures in excess of approximately 1015 kelvins. Such temperatures', 'The strong force only acts directly upon elementary particles. However, a residual of the force is observed between hadrons (the best known example being the force that acts between nucleons in atomic nuclei) as the nuclear force. Here the strong force acts indirectly, transmitted as gluons, which form part of the virtual pi and rho mesons, which classically transmit the nuclear force (see this topic for more). The failure of many searches for free quarks has shown that the elementary particles affected are not directly observable. This phenomenon is called color confinement.', 'supersymmetry proposed to accommodate some of the outstanding unsolved problems in physics. Physicists are still attempting to develop self-consistent unification models that would combine all four fundamental interactions into a theory of everything. Einstein tried and failed at this endeavor, but currently the most popular approach to answering this question is string theory.:212–219']",Color confinement,color confinement,1.0,0.5716227744142296
The Church supports those persons who conscientiously oppose what?,"['The United Methodist Church opposes conscription as incompatible with the teaching of Scripture. Therefore, the Church supports and extends its ministry to those persons who conscientiously oppose all war, or any particular war, and who therefore refuse to serve in the armed forces or to cooperate with systems of military conscription. However, the United Methodist Church also supports and extends its ministry to those persons who conscientiously choose to serve in the armed forces or to accept alternative service. The church also states that ""as Christians they are aware that neither the way of military action, nor the way of inaction', ""The United Methodist Church maintains that war is incompatible with Christ's message and teachings. Therefore, the Church rejects war as an instrument of national foreign policy, to be employed only as a last resort in the prevention of such evils as genocide, brutal suppression of human rights, and unprovoked international aggression. It insists that the first moral duty of all nations is to resolve by peaceful means every dispute that arises between or among them; that human values must outweigh military claims as governments determine their priorities; that the militarization of society must be challenged and stopped; that"", 'Historically, the Methodist Church has supported the temperance movement. John Wesley warned against the dangers of drinking in his famous sermon, ""The Use of Money,"" and in his letter to an alcoholic. At one time, Methodist ministers had to take a pledge not to drink and encouraged their congregations to do the same. Today the United Methodist Church states that it ""affirms our long-standing support of abstinence from alcohol as a faithful witness to God\'s liberating and redeeming love for persons."" In fact, the United Methodist Church uses unfermented', 'The United Methodist Church upholds the sanctity of human life both of the child and the mother. As a result, the church is ""reluctant to affirm abortion as an acceptable practice,"" and condemns the use of late-term or partial birth abortion except as a medical necessity. The denomination as a whole is committed to ""assist[ing] the ministry of crisis pregnancy centers and pregnancy resource centers that compassionately help women find feasible alternatives to abortion."" Still, the denomination is pro-choice and also ""was a founding member of the Religious Coalition for Reproductive', 'Members of the United Methodist Church who identify with the pro-life position have organized into the Taskforce of United Methodists on Abortion and Sexuality (TUMAS) to further their position within the denomination. There was an attempt to withdraw the United Methodist Church membership in the Religious Coalition for Reproductive Choice at their General Conference, held in May 2012, with a petition that passed through the legislative subcommittee and committee votes, but was not given a floor vote. Rev. Paul T. Stallsworth, president of the Taskforce of United Methodists on Abortion and Sexuality said he ""had every reason to']","All war, or any particular war.",all war,0.0,0.0
What does UMC stand for?,"[""The United Methodist Church (UMC) is a mainline Protestant Methodist denomination. In the 19th century its main predecessor was a leader in Evangelicalism. Founded in 1968 by the union of the Methodist Church (USA) and the Evangelical United Brethren Church, the UMC traces its roots back to the revival movement of John and Charles Wesley in England as well as the Great Awakening in the United States. As such, the church's theological orientation is decidedly Wesleyan. It embraces both liturgical and evangelical elements."", 'The United Methodist Church is the largest denomination within the wider Methodist movement, which has approximately 80 million adherents across the world. In the United States, the UMC ranks as the largest mainline Protestant denomination, the largest Protestant church after the Southern Baptist Convention, and the third largest Christian denomination. As of 2014, worldwide membership was about 12 million: 7.2 million in the United States, and 4.4 million in Africa, Asia and Europe. It is a member of the World Council of Churches, the World Methodist Council, and other religious associations. In 2015, Pew Research estimated that', 'The UMC is also a member of the Wesleyan Holiness Consortium, which seeks to reconceive and promote Biblical holiness in today\'s Church. It is also active in the World Methodist Council, an interdenominational group composed of various churches in the tradition of John Wesley to promote the Gospel throughout the world. On July 18, 2006, delegates to the World Methodist Council voted unanimously to adopt the ""Joint Declaration on the Doctrine of Justification"", which was approved in 1999 by the Vatican and the Lutheran World Federation.', 'Discipline, United Methodist theology is at once ""catholic, evangelical, and reformed."" Today, the UMC is generally considered one of the more moderate and tolerant denominations with respect to race, gender, and ideology, though the denomination itself actually includes a very wide spectrum of attitudes. Comparatively, the UMC stands to the right of liberal and progressive Protestant groups such as the United Church of Christ and the Episcopal Church on certain issues (especially regarding sexuality), but to the left of historically conservative evangelical traditions such as the Southern Baptists and Pentecostalism, in regard to theological matters', 'Like many other mainline Protestant denominations in the United States, the United Methodist Church has experienced significant membership losses in recent decades. At the time of its formation, the UMC had about 11 million members in nearly 42,000 congregations. In 1975, membership dropped below 10 million for the first time. In 2005, there were about 8 million members in over 34,000 congregations. Membership is concentrated primarily in the Midwest and in the South. Texas has the largest number of members, with about 1 million. The states with the highest membership rates are Oklahoma, Iowa, Mississippi, West']",United Methodist Church,United Methodist Church,1.0,0.6137797834074404
Which team had the best regular season in their history?,"['Despite waiving longtime running back DeAngelo Williams and losing top wide receiver Kelvin Benjamin to a torn ACL in the preseason, the Carolina Panthers had their best regular season in franchise history, becoming the seventh team to win at least 15 regular season games since the league expanded to a 16-game schedule in 1978. Carolina started the season 14–0, not only setting franchise records for the best start and the longest single-season winning streak, but also posting the best start to a season by an NFC team in NFL history, breaking the 13–0 record previously shared with the 2009', 'New Orleans Saints and the 2011 Green Bay Packers. With their NFC-best 15–1 regular season record, the Panthers clinched home-field advantage throughout the NFC playoffs for the first time in franchise history. Ten players were selected to the Pro Bowl (the most in franchise history) along with eight All-Pro selections.', 'and sacks, and like the previous three seasons, the team has continued to set numerous individual, league and franchise records. With the defense carrying the team despite the issues with the offense, the Broncos finished the regular season with a 12–4 record and earned home-field advantage throughout the AFC playoffs.', 'The Panthers finished the regular season with a 15–1 record, and quarterback Cam Newton was named the NFL Most Valuable Player (MVP). They defeated the Arizona Cardinals 49–15 in the NFC Championship Game and advanced to their second Super Bowl appearance since the franchise was founded in 1995. The Broncos finished the regular season with a 12–4 record, and denied the New England Patriots a chance to defend their title from Super Bowl XLIX by defeating them 20–18 in the AFC Championship Game. They joined the Patriots, Dallas Cowboys, and Pittsburgh Steelers as one of four teams that have made', 'Super Bowl 50 was an American football game to determine the champion of the National Football League (NFL) for the 2015 season. The American Football Conference (AFC) champion Denver Broncos defeated the National Football Conference (NFC) champion Carolina Panthers 24–10 to earn their third Super Bowl title. The game was played on February 7, 2016, at Levi\'s Stadium in the San Francisco Bay Area at Santa Clara, California. As this was the 50th Super Bowl, the league emphasized the ""golden anniversary"" with various gold-themed initiatives, as well as temporarily suspending the tradition of naming each']",The Carolina Panthers had the best regular season in their history.,Carolina Panthers,1.0,0.9999999999997476
"Besides the arguments with Rome and his own fellow reformers, what scandal  contributed to Luther's failing health?","[""Luther had been suffering from ill health for years, including Ménière's disease, vertigo, fainting, tinnitus, and a cataract in one eye. From 1531 to 1546, his health deteriorated further. The years of struggle with Rome, the antagonisms with and among his fellow reformers, and the scandal which ensued from the bigamy of the Philip of Hesse incident, in which Luther had played a leading role, all may have contributed. In 1536, he began to suffer from kidney and bladder stones, and arthritis, and an ear"", 'Some scholars, such as Mark U. Edwards in his book Luther\'s Last Battles: Politics and Polemics 1531–46 (1983), suggest that since Luther\'s increasingly antisemitic views developed during the years his health deteriorated, it is possible they were at least partly the product of a declining state of mind. Edwards also comments that Luther often deliberately used ""vulgarity and violence"" for effect, both in his writings condemning the Jews and in diatribes against ""Turks"" (Muslims) and Catholics.', 'history chiefly holds Luther accountable"". Brecht argues that Luther\'s mistake was not that he gave private pastoral advice, but that he miscalculated the political implications. The affair caused lasting damage to Luther\'s reputation.', ""Martin Luther (/ˈluːθər/ or /ˈluːðər/; German: [ˈmaɐ̯tiːn ˈlʊtɐ] ( listen); 10 November 1483 – 18 February 1546) was a German professor of theology, composer, priest, former monk and a seminal figure in the Protestant Reformation. Luther came to reject several teachings and practices of the Late Medieval Catholic Church. He strongly disputed the claim that freedom from God's punishment for sin could be purchased with money. He proposed an academic discussion of the power and"", 'On 31 October 1517, Luther wrote to his bishop, Albert of Mainz, protesting the sale of indulgences. He enclosed in his letter a copy of his ""Disputation of Martin Luther on the Power and Efficacy of Indulgences"", which came to be known as The Ninety-Five Theses. Hans Hillerbrand writes that Luther had no intention of confronting the church, but saw his disputation as a scholarly objection to church practices, and the tone of the writing is accordingly ""searching, rather than doctrinaire."" Hillerbrand writes']","The scandal that contributed to Luther's failing health was the bigamy of Philip of Hesse incident, in which Luther had played a leading role.",bigamy of the Philip of Hesse,1.0,0.8861353855525532
When was the French colony in modern day Brazil founded?,"['The first Huguenots to leave France sought freedom from persecution in Switzerland and the Netherlands.[citation needed] A group of Huguenots was part of the French colonisers who arrived in Brazil in 1555 to found France Antarctique. A couple of ships with around 500 people arrived at the Guanabara Bay, present-day Rio de Janeiro, and settled in a small island. A fort, named Fort Coligny, was built to protect them from attack from the Portuguese troops and Brazilian Native Americans. It was an attempt to establish a French colony in South', ""French Huguenots made two attempts to establish a haven in North America. In 1562, naval officer Jean Ribault led an expedition that explored Florida and the present-day Southeastern U.S., and founded the outpost of Charlesfort on Parris Island, South Carolina. The Wars of Religion precluded a return voyage, and the outpost was abandoned. In 1564, Ribault's former lieutenant René Goulaine de Laudonnière launched a second voyage to build a colony; he established Fort Caroline in what is now Jacksonville, Florida. War at home again"", 'In 1564 a group of Norman Huguenots under the leadership of Jean Ribault established the small colony of Fort Caroline on the banks of the St. Johns River in what is today Jacksonville, Florida. The effort was the first at any permanent European settlement in the present-day continental United States, but survived only a short time. A September 1565 French naval attack against the new Spanish colony at St. Augustine failed when its ships were hit by a hurricane on their way to the Spanish encampment at Fort Matanzas. Hundreds of French soldiers were stranded and surrendered to the', 'Britain gained control of French Canada and Acadia, colonies containing approximately 80,000 primarily French-speaking Roman Catholic residents. The deportation of Acadians beginning in 1755 resulted in land made available to migrants from Europe and the colonies further south. The British resettled many Acadians throughout its North American provinces, but many went to France, and some went to New Orleans, which they had expected to remain French. Some were sent to colonize places as diverse as French Guiana and the Falkland Islands; these latter efforts were unsuccessful. Others migrated to places like Saint-Domingue,', 'Prince Louis de Condé, along with his sons Daniel and Osias,[citation needed] arranged with Count Ludwig von Nassau-Saarbrücken to establish a Huguenot community in present-day Saarland in 1604. The Count supported mercantilism and welcomed technically skilled immigrants into his lands, regardless of their religion. The Condés established a thriving glass-making works, which provided wealth to the principality for many years. Other founding families created enterprises based on textiles and such traditional Huguenot occupations in France. The community and its congregation remain active to this day,']",1555,1555,1.0,0.4339110435876344
The merger between ITT and ABC was suspended after a complaint was filed by whom in July 1967?,"[""retain autonomy in the publishing business. The merger was suspended, and a complaint was filed by the Department of Justice in July 1967, with ITT going to trial in October 1967; the merger was officially canceled after the trial's conclusion on January 1, 1968."", 'On December 7, 1965, Goldenson announced a merger proposal with ITT to ABC management; the two companies agreed to the deal on April 27, 1966. The FCC approved the merger on December 21, 1966; however, the previous day (December 20), Donald F. Turner, head antitrust regulator for the United States Department of Justice, expressed doubts related to such issues as the emerging cable television market, and concerns over the journalistic integrity of ABC and how it could be influenced by the overseas ownership of ITT. ITT management promised that the company would allow ABC to', ""On April 30, 2000, as a result of a carriage dispute with ABC, Time Warner Cable removed ABC owned-and-operated stations from the cable provider's systems in four markets (WABC-TV in New York City, KABC-TV in Los Angeles, KTRK in Houston and WTVD in Raleigh-Durham). The network had earlier reached an eleventh-hour deal to renew its carriage agreement with the provider on December 31, 1999. ABC filed an emergency petition to the Federal Communications Commission on May 1 to force TWC to restore the affected"", ""In 1952, when the release of the FCC's Sixth Report and Order announced the end of its freeze on new station license applications, among the issues the Commission was slated to address was whether to approve the UPT-ABC merger. One FCC Commissioner saw the possibility of ABC, funded by UPT, becoming a viable and competitive third television network. On February 9, 1953, the FCC approved UPT's purchase of ABC in exchange for $25 million in shares. The merged company, renamed American Broadcasting-Paramount Theatres, Inc. and headquartered in the Paramount Building at"", ""On July 31, 1995, The Walt Disney Company announced an agreement to merge with Capital Cities/ABC for $19 billion. Disney shareholders approved the merger at a special conference in New York City on January 4, 1996, with the acquisition of Capital Cities/ABC being completed on February 9; following the sale, Disney renamed its new subsidiary ABC Inc. In addition to the ABC network, the Disney acquisition integrated ABC's ten owned-and-operated television and 21 radio stations; its 80% interest in ESPN, ownership interests in The History Channel, A&E Television Networks,""]",The Department of Justice,Department of Justice,1.0,0.4171321565895725
What sections of Church dogma did Luther come to view in another way?,"[""From 1510 to 1520, Luther lectured on the Psalms, the books of Hebrews, Romans, and Galatians. As he studied these portions of the Bible, he came to view the use of terms such as penance and righteousness by the Catholic Church in new ways. He became convinced that the church was corrupt in its ways and had lost sight of what he saw as several of the central truths of Christianity. The most important for Luther was the doctrine of justification – God's act of declaring a sinner righteous – by faith alone through God's grace."", 'in the latter work that human reason ""strives not against faith, when enlightened, but rather furthers and advances it"", bringing claims he was a fideist into dispute. Contemporary Lutheran scholarship, however, has found a different reality in Luther. Luther rather seeks to separate faith and reason in order to honor the separate spheres of knowledge that each applies to. Bernhard Lohse, for example, has demonstrated in his classic work ""Fides und Ratio"" that Luther ultimately sought to put the two together. More recently, Hans-Peter Grosshans has demonstrated that', ""and wrote a clear summary of the new faith in the form of two catechisms. Luther's thought is revolutionary to the extent that it is a theology of the cross, the negation of every affirmation: as long as the cross is at the center, the system building tendency of reason is held in check, and system building does not degenerate into System."", 'provided material for the modern hatred of the Jews, cloaking it with the authority of the Reformer."" Johannes Wallmann argues that Luther\'s writings against the Jews were largely ignored in the 18th and 19th centuries, and that there was no continuity between Luther\'s thought and Nazi ideology. Uwe Siemon-Netto agreed, arguing that it was because the Nazis were already anti-Semites that they revived Luther\'s work. Hans J. Hillerbrand agreed that to focus on Luther was to adopt an essentially ahistorical perspective of Nazi antisemitism that', 'Other scholars argue that, even if his views were merely anti-Judaic—that is, opposed to Judaism and its adherence rather than the Jews as an ethnic group—their violence lent a new element to the standard Christian suspicion of Judaism. Ronald Berger writes that Luther is credited with ""Germanizing the Christian critique of Judaism and establishing anti-Semitism as a key element of German culture and national identity."" Paul Rose argues that he caused a ""hysterical and demonizing mentality"" about Jews to enter German thought and discourse, a mentality that might otherwise have been absent.']",Luther came to view the use of terms such as penance and righteousness by the Catholic Church in new ways.,penance and righteousness,1.0,0.7094142867265782
What are incompetent government's commitment to social justice limited to?,"['Some forms of civil disobedience, such as illegal boycotts, refusals to pay taxes, draft dodging, distributed denial-of-service attacks, and sit-ins, make it more difficult for a system to function. In this way, they might be considered coercive. Brownlee notes that ""although civil disobedients are constrained in their use of coercion by their conscientious aim to engage in moral dialogue, nevertheless they may find it necessary to employ limited coercion in order to get their issue onto the table.""', 'Islamist movements such as the Muslim Brotherhood, ""are well known for providing shelters, educational assistance, free or low cost medical clinics, housing assistance to students from out of town, student advisory groups, facilitation of inexpensive mass marriage ceremonies to avoid prohibitively costly dowry demands, legal assistance, sports facilities, and women\'s groups."" All this compares very favourably against incompetent, inefficient, or neglectful governments whose commitment to social justice is limited to rhetoric.', 'Some theories of civil disobedience hold that civil disobedience is only justified against governmental entities. Brownlee argues that disobedience in opposition to the decisions of non-governmental agencies such as trade unions, banks, and private universities can be justified if it reflects ""a larger challenge to the legal system that permits those decisions to be taken"". The same principle, she argues, applies to breaches of law in protest against international organizations and foreign governments.', 'agent of injustice, then Thoreau insisted on confronting him with the fact that he was making a choice. But if government is “the voice of the people,” as it is often called, shouldn’t that voice be heeded? Thoreau admits that government may express the will of the majority but it may also express nothing more than the will of elite politicians. Even a good form of government is “liable to be abused and perverted before the people can act through it.” Moreover, even if a government did express the voice of the people, this fact would not', ""Some civil disobedients feel it is incumbent upon them to accept punishment because of their belief in the validity of the social contract, which is held to bind all to obey the laws that a government meeting certain standards of legitimacy has established, or else suffer the penalties set out in the law. Other civil disobedients who favor the existence of government still don't believe in the legitimacy of their particular government, or don't believe in the legitimacy of a particular law it has enacted. And still other civil disobedients, being anarchists,""]",Rhetoric.,rhetoric,0.25,0.0
What was Luther involved in dealing with the minds in Mansfeld?,"[""Luther's final journey, to Mansfeld, was taken because of his concern for his siblings' families continuing in their father Hans Luther's copper mining trade. Their livelihood was threatened by Count Albrecht of Mansfeld bringing the industry under his own control. The controversy that ensued involved all four Mansfeld counts: Albrecht, Philip, John George, and Gerhard. Luther journeyed to Mansfeld twice in late 1545 to participate in the negotiations for a settlement, and a third visit was needed in early 1546 for their completion."", 'Some scholars, such as Mark U. Edwards in his book Luther\'s Last Battles: Politics and Polemics 1531–46 (1983), suggest that since Luther\'s increasingly antisemitic views developed during the years his health deteriorated, it is possible they were at least partly the product of a declining state of mind. Edwards also comments that Luther often deliberately used ""vulgarity and violence"" for effect, both in his writings condemning the Jews and in diatribes against ""Turks"" (Muslims) and Catholics.', 'Luther wrote about the Jews throughout his career, though only a few of his works dealt with them directly. Luther rarely encountered Jews during his life, but his attitudes reflected a theological and cultural tradition which saw Jews as a rejected people guilty of the murder of Christ, and he lived within a local community that had expelled Jews some ninety years earlier. He considered the Jews blasphemers and liars because they rejected the divinity of Jesus, whereas Christians believed Jesus was the Messiah. But Luther believed that all human beings who set themselves against God were equally guilty. As early as', ""unsatisfying, offering assurance about the use of reason but none about loving God, which to Luther was more important. Reason could not lead men to God, he felt, and he thereafter developed a love-hate relationship with Aristotle over the latter's emphasis on reason. For Luther, reason could be used to question men and institutions, but not God. Human beings could learn about God only through divine revelation, he believed, and Scripture therefore became increasingly important to him."", 'a hard-working woman of ""trading-class stock and middling means"" and notes that Luther\'s enemies later wrongly described her as a whore and bath attendant. He had several brothers and sisters, and is known to have been close to one of them, Jacob. Hans Luther was ambitious for himself and his family, and he was determined to see Martin, his eldest son, become a lawyer. He sent Martin to Latin schools in Mansfeld, then Magdeburg in 1497, where he attended a school operated by a lay group called the Brethren of the Common Life,']",Luther was involved in negotiations for a settlement concerning the livelihoods of his siblings' families in the copper mining trade in Mansfeld.,negotiations,1.0,0.7245406291193558
The UMC was a founding member of what coalition?,"[""The United Methodist Church (UMC) is a mainline Protestant Methodist denomination. In the 19th century its main predecessor was a leader in Evangelicalism. Founded in 1968 by the union of the Methodist Church (USA) and the Evangelical United Brethren Church, the UMC traces its roots back to the revival movement of John and Charles Wesley in England as well as the Great Awakening in the United States. As such, the church's theological orientation is decidedly Wesleyan. It embraces both liturgical and evangelical elements."", 'The UMC is also a member of the Wesleyan Holiness Consortium, which seeks to reconceive and promote Biblical holiness in today\'s Church. It is also active in the World Methodist Council, an interdenominational group composed of various churches in the tradition of John Wesley to promote the Gospel throughout the world. On July 18, 2006, delegates to the World Methodist Council voted unanimously to adopt the ""Joint Declaration on the Doctrine of Justification"", which was approved in 1999 by the Vatican and the Lutheran World Federation.', 'On April 23, 1968, the United Methodist Church was created when the Evangelical United Brethren Church (represented by Bishop Reuben H. Mueller) and The Methodist Church (represented by Bishop Lloyd Christ Wicke) joined hands at the constituting General Conference in Dallas, Texas. With the words, ""Lord of the Church, we are united in Thee, in Thy Church and now in The United Methodist Church"" the new denomination was given birth by the two churches that had distinguished histories and influential ministries in various parts of the world.', 'The United Methodist Church is the largest denomination within the wider Methodist movement, which has approximately 80 million adherents across the world. In the United States, the UMC ranks as the largest mainline Protestant denomination, the largest Protestant church after the Southern Baptist Convention, and the third largest Christian denomination. As of 2014, worldwide membership was about 12 million: 7.2 million in the United States, and 4.4 million in Africa, Asia and Europe. It is a member of the World Council of Churches, the World Methodist Council, and other religious associations. In 2015, Pew Research estimated that', 'The movement which would become The United Methodist Church began in the mid-18th century within the Church of England. A small group of students, including John Wesley, Charles Wesley and George Whitefield, met on the Oxford University campus. They focused on Bible study, methodical study of scripture and living a holy life. Other students mocked them, saying they were the ""Holy Club"" and ""the Methodists"", being methodical and exceptionally detailed in their Bible study, opinions and disciplined lifestyle. Eventually, the so-called Methodists started individual societies or classes for members of the Church']",The United Methodist Church (UMC) was a founding member of the World Methodist Council.,Religious Coalition for Reproductive Choice,0.0,0.8409716557832093
What strategy did Jebe's army use against Kuchlug and his supporters?,"['Therefore, Genghis sent only two tumen (20,000 soldiers) against Kuchlug, under his younger general, Jebe, known as ""The Arrow"".', ""With such a small force, the invading Mongols were forced to change strategies and resort to inciting internal revolt among Kuchlug's supporters, leaving the Qara Khitai more vulnerable to Mongol conquest. As a result, Kuchlug's army was defeated west of Kashgar. Kuchlug fled again, but was soon hunted down by Jebe's army and executed. By 1218, as a result of defeat of Qara Khitai, the Mongol Empire and its control extended as far west as Lake Balkhash, which bordered"", 'Kuchlug, the deposed Khan of the Naiman confederation that Temüjin defeated and folded into his Mongol Empire, fled west and usurped the khanate of Qara Khitai (also known as the Western Liao, as it was originally established as remnants of the Liao dynasty). Genghis Khan decided to conquer the Qara Khitai and defeat Kuchlug, possibly to take him out of power. By this time the Mongol army was exhausted from ten years of continuous campaigning in China against the Western Xia and Jin dynasty.', 'The Mongols learned from captives of the abundant green pastures beyond the Bulgar territory, allowing for the planning for conquest of Hungary and Europe. Genghis Khan recalled Subutai back to Mongolia soon afterwards, and Jebe died on the road back to Samarkand. The famous cavalry expedition led by Subutai and Jebe, in which they encircled the entire Caspian Sea defeating all armies in their path, remains unparalleled to this day, and word of the Mongol triumphs began to trickle to other nations, particularly Europe. These two campaigns are generally regarded as reconnaissance', ""However, Jamukha, threatened by Temüjin's rapid ascent, quickly moved to stop Temüjin's ambitions. In 1187, he launched an attack against his former friend with an army of thirty thousand troops. Temüjin hastily gathered together his followers to defend against the attack, but he was decisively beaten in the Battle of Dalan Balzhut. Jamukha horrified people greatly and harmed his image by boiling seventy young male captives alive in cauldrons, alienating many of his potential followers and eliciting sympathy for Temüjin.""]","Jebe's army resorted to inciting internal revolt among Kuchlug's supporters, leaving the Qara Khitai more vulnerable to Mongol conquest.",inciting internal revolt,1.0,0.8623541316179756
What diagrams are used to simplify particle interactions on a fundamental level?,"['""fundamental interactions"".:199–128 When particle A emits (creates) or absorbs (annihilates) virtual particle B, a momentum conservation results in recoil of particle A making impression of repulsion or attraction between particles A A\' exchanging by B. This description applies to all forces arising from fundamental interactions. While sophisticated mathematical descriptions are needed to predict, in full detail, the accurate result of such interactions, there is a conceptually simple way to describe such interactions through the use of Feynman diagrams. In a Feynman diagram, each matter particle is', 'represented as a straight line (see world line) traveling through time, which normally increases up or to the right in the diagram. Matter and anti-matter particles are identical except for their direction of propagation through the Feynman diagram. World lines of particles intersect at interaction vertices, and the Feynman diagram represents any force arising from an interaction as occurring at the vertex with an associated instantaneous change in the direction of the particle world lines. Gauge bosons are emitted away from the vertex as wavy lines and, in the case of virtual particle exchange, are absorbed at an adjacent', 'With modern insights into quantum mechanics and technology that can accelerate particles close to the speed of light, particle physics has devised a Standard Model to describe forces between particles smaller than atoms. The Standard Model predicts that exchanged particles called gauge bosons are the fundamental means by which forces are emitted and absorbed. Only four main interactions are known: in order of decreasing strength, they are: strong, electromagnetic, weak, and gravitational.:2–10:79 High-energy particle physics observations made during the 1970s and 1980s confirmed that the weak and electromagnetic forces are expressions of a more fundamental', 'All of the forces in the universe are based on four fundamental interactions. The strong and weak forces are nuclear forces that act only at very short distances, and are responsible for the interactions between subatomic particles, including nucleons and compound nuclei. The electromagnetic force acts between electric charges, and the gravitational force acts between masses. All other forces in nature derive from these four fundamental interactions. For example, friction is a manifestation of the electromagnetic force acting between the atoms of two surfaces, and the Pauli exclusion principle, which does not permit atoms to pass through each other. Similarly,', 'In modern particle physics, forces and the acceleration of particles are explained as a mathematical by-product of exchange of momentum-carrying gauge bosons. With the development of quantum field theory and general relativity, it was realized that force is a redundant concept arising from conservation of momentum (4-momentum in relativity and momentum of virtual particles in quantum electrodynamics). The conservation of momentum can be directly derived from the homogeneity or symmetry of space and so is usually considered more fundamental than the concept of a force. Thus the currently known fundamental forces are considered more accurately to be']",Feynman diagrams,Feynman,1.0,0.7474819770013462
When was this edict declared?,"['Following the treaty, King George III issued the Royal Proclamation of 1763 on October 7, 1763, which outlined the division and administration of the newly conquered territory, and to some extent continues to govern relations between the government of modern Canada and the First Nations. Included in its provisions was the reservation of lands west of the Appalachian Mountains to its Indian population, a demarcation that was at best a temporary impediment to a rising tide of westward-bound settlers. The proclamation also contained provisions that prevented civic participation by the Roman Catholic Canadians. When accommodations were made in the Quebec Act in', 'The pattern of warfare, followed by brief periods of peace, continued for nearly another quarter-century. The warfare was definitively quelled in 1598, when Henry of Navarre, having succeeded to the French throne as Henry IV, and having recanted Protestantism in favour of Roman Catholicism, issued the Edict of Nantes. The Edict reaffirmed Catholicism as the state religion of France, but granted the Protestants equality with Catholics under the throne and a degree of religious and political freedom within their domains. The Edict simultaneously protected Catholic interests by discouraging the founding of new Protestant churches in', '1774 to address this and other issues, religious concerns were raised in the largely Protestant Thirteen Colonies over the advance of ""popery""; the Act maintained French Civil law, including the seigneurial system, a medieval code soon to be removed from France within a generation by the French Revolution.', 'Over the next five days, private conferences were held to determine Luther\'s fate. The Emperor presented the final draft of the Edict of Worms on 25 May 1521, declaring Luther an outlaw, banning his literature, and requiring his arrest: ""We want him to be apprehended and punished as a notorious heretic."" It also made it a crime for anyone in Germany to give Luther food or shelter. It permitted anyone to kill Luther without legal consequence.', 'Louis XIV gained the throne in 1643 and acted increasingly aggressively to force the Huguenots to convert. At first he sent missionaries, backed by a fund to financially reward converts to Catholicism. Then he imposed penalties, closed Huguenot schools and excluded them from favored professions. Escalating, he instituted dragonnades, which included the occupation and looting of Huguenot homes by military troops, in an effort to forcibly convert them. In 1685, he issued the Edict of Fontainebleau, revoking the Edict of Nantes and declaring Protestantism illegal.[citation needed]']",1685,1685,1.0,0.5187265604579576
What did the new mass allow as regards ceremony?,"[""Mass vestments, altar, and candles were made optional, allowing freedom of ceremony. Some reformers, including followers of Huldrych Zwingli, considered Luther's service too papistic; and modern scholars note the conservatism of his alternative to the Catholic mass. Luther's service, however, included congregational singing of hymns and psalms in German, as well as of parts of the liturgy, including Luther's unison setting of the Creed. To reach the simple people and the young, Luther incorporated religious instruction into the weekday services in the form of the"", 'In response to demands for a German liturgy, Luther wrote a German Mass, which he published in early 1526. He did not intend it as a replacement for his 1523 adaptation of the Latin Mass but as an alternative for the ""simple people"", a ""public stimulation for people to believe and become Christians."" Luther based his order on the Catholic service but omitted ""everything that smacks of sacrifice""; and the Mass became a celebration where everyone received the wine as well as the bread. He retained the elevation of the host and chalice, while trappings such as the', 'John Paul II\'s visits to his native country in 1979 and 1983 brought support to the budding solidarity movement and encouraged the growing anti-communist fervor there. In 1979, less than a year after becoming pope, John Paul celebrated Mass in Victory Square in Warsaw and ended his sermon with a call to ""renew the face"" of Poland: Let Thy Spirit descend! Let Thy Spirit descend and renew the face of the land! This land! These words were very meaningful for the Polish citizens who understood them as the incentive for the democratic changes.', 'weddings, and it would allow conferences to ordain gay clergy. Moreover, many conferences have taken a position by voting in favor of same-gender marriages with resolutions.', 'In the summer of 1521, Luther widened his target from individual pieties like indulgences and pilgrimages to doctrines at the heart of Church practices. In On the Abrogation of the Private Mass, he condemned as idolatry the idea that the mass is a sacrifice, asserting instead that it is a gift, to be received with thanksgiving by the whole congregation. His essay On Confession, Whether the Pope has the Power to Require It rejected compulsory confession and encouraged private confession and absolution, since ""every Christian is a confessor."" In November, Luther wrote']","Mass vestments, altar, and candles were made optional, allowing freedom of ceremony.",freedom of ceremony,1.0,0.7202881286534956
How long does it take for new areas to have significant oil production?,"[""Kenya has proven deposits of oil in Turkana and the commercial viability was just discovered. Tullow Oil estimates Kenya's oil reserves to be around 10 billion barrels. Exploration is still continuing to determine if there are more reserves. Kenya currently imports all crude petroleum requirements. Kenya, east Africa's largest economy, has no strategic reserves and relies solely on oil marketers' 21-day oil reserves required under industry regulations. Petroleum accounts for 20% to 25% of the national import bill."", 'New techniques of building construction are being researched, made possible by advances in 3D printing technology. In a form of additive building construction, similar to the additive manufacturing techniques for manufactured parts, building printing is making it possible to flexibly construct small commercial buildings and private habitations in around 20 hours, with built-in plumbing and electrical facilities, in one continuous build, using large 3D printers. Working versions of 3D-printing building technology are already printing 2 metres (6 ft 7 in) of building material per hour as of January 2013[update], with the next-generation printers capable of', 'In the United States, scholars argue that there already existed a negotiated settlement based on equality between both parties prior to 1973. The possibility that the Middle East could become another superpower confrontation with the USSR was of more concern to the US than oil. Further, interest groups and government agencies more worried about energy were no match for Kissinger\'s dominance. In the US production, distribution and price disruptions ""have been held responsible for recessions, periods of excessive inflation, reduced productivity, and lower economic growth.""', 'Price controls exacerbated the crisis in the US. The system limited the price of ""old oil"" (that which had already been discovered) while allowing newly discovered oil to be sold at a higher price to encourage investment. Predictably, old oil was withdrawn from the market, creating greater scarcity. The rule also discouraged development of alternative energies. The rule had been intended to promote oil exploration. Scarcity was addressed by rationing (as in many countries). Motorists faced long lines at gas stations beginning in summer 1972 and increasing by summer 1973.', ""Since the IPCC does not carry out its own research, it operates on the basis of scientific papers and independently documented results from other scientific bodies, and its schedule for producing reports requires a deadline for submissions prior to the report's final release. In principle, this means that any significant new evidence or events that change our understanding of climate science between this deadline and publication of an IPCC report cannot be included. In an area of science where our scientific understanding is rapidly changing, this has been raised as a serious shortcoming in a body which is widely regarded as the ultimate authority on the""]","The context provided does not contain specific information on how long it takes for new areas to have significant oil production. Therefore, I cannot provide an answer based on the given context.",five to ten years,0.0,0.0
