user_input,retrieved_contexts,response,reference,faithfulness,answer_relevancy
How does the secondary theory say most cpDNA is structured?,"['One of competing model for cpDNA replication asserts that most cpDNA is linear and participates in homologous recombination and replication structures similar to bacteriophage T4. It has been established that some plants have linear cpDNA, such as maize, and that more species still contain complex structures that scientists do not yet understand. ', 'When the original experiments on cpDNA were performed, scientists did notice linear structures; however, they attributed these linear forms to broken circles. If the branched and complex structures seen in cpDNA experiments are real and not artifacts of concatenated circular DNA or broken circles, then a D-loop mechanism of replication is insufficient to explain how those structures would replicate. At the same time, homologous recombination does not expand the multiple A --> G gradients seen in plastomes. Because of the failure to explain the deamination gradient as well as the numerous plant species that have been shown to have circular cpDNA, the predominant theory continues to hold that most cpDNA is circular and most likely replicates via a D loop mechanism.', 'The mechanism for chloroplast DNA (cpDNA) replication has not been conclusively determined, but two main models have been proposed. Scientists have attempted to observe chloroplast replication via electron microscopy since the 1970s. The results of the microscopy experiments led to the idea that chloroplast DNA replicates using a double displacement loop (D-loop). As the D-loop moves through the circular DNA, it adopts a theta intermediary form, also known as a Cairns replication intermediate, and completes replication with a rolling circle mechanism. Transcription starts at specific points of origin. ', 'Chloroplasts have their own DNA, often abbreviated as ctDNA, or cpDNA. It is also known as the plastome. ', 'It further contends that only a minority of the genetic material is kept in circular chromosomes while the rest is in branched, linear, or other complex structures.']",The secondary theory suggests that most cpDNA is circular and likely replicates via a D loop mechanism.,linear,0.0,0.8779664684435172
What is the name of the two-tentacled cydippid that feedsentirely on salps called?,"['The two-tentacled ""cydippid"" Lampea feeds exclusively on salps, close relatives of sea-squirts that form large chain-like floating colonies, and juveniles of Lampea attach themselves like parasites to salps that are too large for them to swallow. Members of the cydippid genus Pleurobrachia and the lobate Bolinopsis often reach high population densities at the same place and time because they specialize in different types of prey: Pleurobrachia\'s long tentacles mainly capture relatively strong swimmers such as adult copepods, while Bolinopsis generally feeds on smaller, weaker swimmers such as rotifers and mollusc and crustacean larvae.', 'The textbook examples are cydippids with egg-shaped bodies and a pair of retractable tentacles fringed with tentilla (""little tentacles"") that are covered with colloblasts, sticky cells that capture prey. The phylum has a wide range of body forms, including the flattened, deep-sea platyctenids, in which the adults of most species lack combs, and the coastal beroids, which lack tentacles and prey on other ctenophores by using huge mouths armed with groups of large, stiffened cilia that act as teeth. These variations enable different species to build huge populations in the same area, because they specialize in different types of prey, which they capture by as wide a range of methods as spiders use.', 'Cydippid ctenophores have bodies that are more or less rounded, sometimes nearly spherical and other times more cylindrical or egg-shaped; the common coastal ""sea gooseberry,"" Pleurobrachia, sometimes has an egg-shaped body with the mouth at the narrow end, although some individuals are more uniformly round. From opposite sides of the body extends a pair of long, slender tentacles, each housed in a sheath into which it can be withdrawn. ', 'The tentacles of cydippid ctenophores are typically fringed with tentilla (""little tentacles""), although a few genera have simple tentacles without these sidebranches. The tentacles and tentilla are densely covered with microscopic colloblasts that capture prey by sticking to it. Colloblasts are specialized mushroom-shaped cells in the outer layer of the epidermis, and have three main components: a domed head with vesicles (chambers) that contain adhesive; a stalk that anchors the cell in the lower layer of the epidermis or in the mesoglea; and a spiral thread that coils round the stalk and is attached to the head and to the root of the stalk. The function of the spiral thread is uncertain, but it may absorb stress when prey tries to escape, and thus prevent the collobast from being torn apart. ', 'Some species of cydippids have bodies that are flattened to various extents, so that they are wider in the plane of the tentacles.']",Lampea,Lampea,1.0,0.0
What drove increased rental prices in East New York?,"['Through gentrification of older neighbourhoods, for example, in East New York, rental prices increased rapidly as landlords found new residents willing to pay higher market rate for housing and left lower income families without rental units. The ad valorem property tax policy combined with rising prices made it difficult or impossible for low income residents to keep pace.', 'A number of researchers (David Rodda, Jacob Vigdor, and Janna Matlack), argue that a shortage of affordable housing – at least in the US – is caused in part by income inequality. David Rodda noted that from 1984 and 1991, the number of quality rental units decreased as the demand for higher quality housing increased (Rhoda 1994:148). ', 'On the other hand, higher economic inequality tends to increase entrepreneurship rates at the individual level (self-employment). ', 'Price controls exacerbated the crisis in the US. The system limited the price of ""old oil"" (that which had already been discovered) while allowing newly discovered oil to be sold at a higher price to encourage investment. Predictably, old oil was withdrawn from the market, creating greater scarcity. The rule also discouraged development of alternative energies. The rule had been intended to promote oil exploration. ', 'In terms of housing stock, the authority is one of few authorities to see the proportion of detached homes rise in the 2010 Census (to 7.8%), in this instance this was coupled with a similar rise in flats and waterside apartments to 25.6%, and the proportion of converted or shared houses in 2011 renders this dwelling type within the highest of the five colour-coded brackets at 5.9%, and on a par with Oxford and Reading, greater than Manchester and Liverpool and below a handful of historic densely occupied, arguably overinflated markets in the local authorities: Harrogate, Cheltenham, Bath, inner London, Hastings, Brighton and Tunbridge Wells.']","Gentrification of older neighborhoods, where landlords found new residents willing to pay higher market rates for housing, leaving lower income families without rental units.",residents willing to pay higher market rate for housing,1.0,0.5683116896788621
In what city's Marriott did the Panthers stay?,"['The Panthers used the San Jose State practice facility and stayed at the San Jose Marriott. The Broncos practiced at Stanford University and stayed at the Santa Clara Marriott.', 'The Panthers finished the regular season with a 15–1 record, and quarterback Cam Newton was named the NFL Most Valuable Player (MVP). They defeated the Arizona Cardinals 49–15 in the NFC Championship Game and advanced to their second Super Bowl appearance since the franchise was founded in 1995. ', 'The Panthers beat the Seattle Seahawks in the divisional round, running up a 31–0 halftime lead and then holding off a furious second half comeback attempt to win 31–24, avenging their elimination from a year earlier. The Panthers then blew out the Arizona Cardinals in the NFC Championship Game, 49–15, racking up 487 yards and forcing seven turnovers.', ""The league announced on October 16, 2012, that the two finalists were Sun Life Stadium and Levi's Stadium. The South Florida/Miami area has previously hosted the event 10 times (tied for most with New Orleans), with the most recent one being Super Bowl XLIV in 2010. The San Francisco Bay Area last hosted in 1985 (Super Bowl XIX), held at Stanford Stadium in Stanford, California, won by the home team 49ers. The Miami bid depended on whether the stadium underwent renovations. "", ""Super Bowl 50 was an American football game to determine the champion of the National Football League (NFL) for the 2015 season. The American Football Conference (AFC) champion Denver Broncos defeated the National Football Conference (NFC) champion Carolina Panthers 24–10 to earn their third Super Bowl title. The game was played on February 7, 2016, at Levi's Stadium in the San Francisco Bay Area at Santa Clara, California. ""]",San Jose,San Jose,1.0,0.45562684919638125
What is usual form of oxygen bound compounds?,"['Among the most important classes of organic compounds that contain oxygen are (where ""R"" is an organic group): alcohols (R-OH); ethers (R-O-R); ketones (R-CO-R); aldehydes (R-CO-H); carboxylic acids (R-COOH); esters (R-COO-R); acid anhydrides (R-CO-O-CO-R); and amides (R-C(O)-NR\n2). There are many important organic solvents that contain oxygen, including: acetone, methanol, ethanol, isopropanol, furan, THF, diethyl ether, dioxane, ethyl acetate, DMF, DMSO, acetic acid, and formic acid. Acetone ((CH\n3)\n2CO) and phenol (C\n6H\n5OH) are used as feeder materials in the synthesis of many different substances. ', ""The common allotrope of elemental oxygen on Earth is called dioxygen, O\n2. It is the form that is a major part of the Earth's atmosphere (see Occurrence). O2 has a bond length of 121 pm and a bond energy of 498 kJ·mol−1, which is smaller than the energy of other double bonds or pairs of single bonds in the biosphere and responsible for the exothermic reaction of O2 with any organic molecule. Due to its energy content, O2 is used by complex forms of life, such as animals, in cellular respiration (see Biological role). "", 'In this dioxygen, the two oxygen atoms are chemically bonded to each other. The bond can be variously described based on level of theory, but is reasonably and simply described as a covalent double bond that results from the filling of molecular orbitals formed from the atomic orbitals of the individual oxygen atoms, the filling of which results in a bond order of two. ', ""Oxygen is a chemical element with symbol O and atomic number 8. It is a member of the chalcogen group on the periodic table and is a highly reactive nonmetal and oxidizing agent that readily forms compounds (notably oxides) with most elements. By mass, oxygen is the third-most abundant element in the universe, after hydrogen and helium. At standard temperature and pressure, two atoms of the element bind to form dioxygen, a colorless and odorless diatomic gas with the formula O\n2. Diatomic oxygen gas constitutes 20.8% of the Earth's atmosphere. "", 'Other important organic compounds that contain oxygen are: glycerol, formaldehyde, glutaraldehyde, citric acid, acetic anhydride, and acetamide. Epoxides are ethers in which the oxygen atom is part of a ring of three atoms.']","Dioxygen, O2",oxides,1.0,0.7381419385326075
What previous work did Lavoisier experiments discredit?,"['In one experiment, Lavoisier observed that there was no overall increase in weight when tin and air were heated in a closed container. He noted that air rushed in when he opened the container, which indicated that part of the trapped air had been consumed. He also noted that the tin had increased in weight and that increase was the same as the weight of the air that rushed back in. This and other experiments on combustion were documented in his book Sur la combustion en général, which was published in 1777. In that work, he proved that air is a mixture of two gases; \'vital air\', which is essential to combustion and respiration, and azote (Gk. ἄζωτον ""lifeless""), which did not support either. ', 'Just two days later, French physicist Louis Paul Cailletet announced his own method of liquefying molecular oxygen. Only a few drops of the liquid were produced in either case so no meaningful analysis could be conducted. Oxygen was liquified in stable state for the first time on March 29, 1883 by Polish scientists from Jagiellonian University, Zygmunt Wróblewski and Karol Olszewski.', 'In the meantime, on August 1, 1774, an experiment conducted by the British clergyman Joseph Priestley focused sunlight on mercuric oxide (HgO) inside a glass tube, which liberated a gas he named ""dephlogisticated air"". He noted that candles burned brighter in the gas and that a mouse was more active and lived longer while breathing it. ', 'By the late 19th century scientists realized that air could be liquefied, and its components isolated, by compressing and cooling it. Using a cascade method, Swiss chemist and physicist Raoul Pierre Pictet evaporated liquid sulfur dioxide in order to liquefy carbon dioxide, which in turn was evaporated to cool oxygen gas enough to liquefy it. He sent a telegram on December 22, 1877 to the French Academy of Sciences in Paris announcing his discovery of liquid oxygen. ', 'Starting in 1894, Tesla began investigating what he referred to as radiant energy of ""invisible"" kinds after he had noticed damaged film in his laboratory in previous experiments (later identified as ""Roentgen rays"" or ""X-Rays""). His early experiments were with Crookes tubes, a cold cathode electrical discharge tube. Soon after, much of Tesla\'s early research—hundreds of invention models, plans, notes, laboratory data, tools, photographs, valued at $50,000—was lost in the 5th Avenue laboratory fire of March 1895. Tesla is quoted by The New York Times as saying, ""I am in too much grief to talk. What can I say?"" Tesla may have inadvertently captured an X-ray image—predating, by a few weeks, Wilhelm Röntgen\'s December 1895 announcement of the discovery of x-rays—when he tried to photograph Mark Twain illuminated by a Geissler tube, an earlier type of gas discharge tube. The only thing captured in the image was the metal locking screw on the camera lens.']",Lavoisier's experiments discredited the phlogiston theory of combustion.,phlogiston theory,0.0,0.8200740908825678
Where did the residents of Antioch flee to?,"['After this, Huguenots (with estimates ranging from 200,000 to 1,000,000) fled to surrounding Protestant countries: England, the Netherlands, Switzerland, Norway, Denmark, and Prussia — whose Calvinist Great Elector Frederick William welcomed them to help rebuild his war-ravaged and underpopulated country. Following this exodus, Huguenots remained in large numbers in only one region of France: the rugged Cévennes region in the south. ', 'The bulk of Huguenot émigrés relocated to Protestant European nations such as England, Wales, Scotland, Denmark, Sweden, Switzerland, the Dutch Republic, the Electorate of Brandenburg and Electorate of the Palatinate in the Holy Roman Empire, the Duchy of Prussia, the Channel Islands, and Ireland. They also spread beyond Europe to the Dutch Cape Colony in South Africa, the Dutch East Indies, the Caribbean, and several of the English colonies of North America, and Quebec, where they were accepted and allowed to worship freely.', 'After the revocation of the Edict of Nantes, the Dutch Republic received the largest group of Huguenot refugees, an estimated total of 75,000 to 100,000 people. Amongst them were 200 clergy. Many came from the region of the Cévennes, for instance, the village of Fraissinet-de-Lozère. This was a huge influx as the entire population of the Dutch Republic amounted to ca. ', 'The exodus of Huguenots from France created a brain drain, as many Huguenots had occupied important places in society. The kingdom did not fully recover for years. ', ""Such economic separation was the condition of the refugees' initial acceptance in the City. They also settled elsewhere in Kent, particularly Sandwich, Faversham and Maidstone—towns in which there used to be refugee churches.""]","The provided context does not contain any information about the residents of Antioch fleeing to another location. Therefore, I don't know.",The city's residents fled to the north,0.0,0.0
When was 7 Lincoln Square completed?,"['Meanwhile, ABC News, which formed as a newly separate division, sought to become a global leader in television news. In 1977, Roone Arledge was named president of the new ABC News in addition to being president of ABC Sports. That same year, ABC launched a major expansion of its office facilities in New York City. The company first constructed a new 10-story building on land previously occupied by an abandoned warehouse on the corner of Columbus Avenue and West 66th Street; the facility that was built in its place is nicknamed ""7 Lincoln Square"" (although it is actually located at 149 Columbus Avenue). Meanwhile, a former parking lot, located at 30 West 67th Street, was transformed into an impressive 15-story building. ', 'Both buildings were completed in June 1979. WABC-TV moved its operations from offices at 77 West 66th Street to 149 Columbus Avenue, freeing up space for the ABC network to house some of its operations.', ""Construction began in November 1962. Upon Kennedy's death, President Johnson issued an executive order on November 29, 1963, to rename the LOC and Cape Canaveral in honor of Kennedy."", ""After the 1940s, the Gothic style on campus began to give way to modern styles. In 1955, Eero Saarinen was contracted to develop a second master plan, which led to the construction of buildings both north and south of the Midway, including the Laird Bell Law Quadrangle (a complex designed by Saarinen); a series of arts buildings; a building designed by Ludwig Mies van der Rohe for the university's School of Social Service Administration;, a building which is to become the home of the Harris School of Public Policy Studies by Edward Durrell Stone, and the Regenstein Library, the largest building on campus, a brutalist structure designed by Walter Netsch of the Chicago firm Skidmore, Owings & Merrill. Another master plan, designed in 1999 and updated in 2004, produced the Gerald Ratner Athletics Center (2003), the Max Palevsky Residential Commons (2001), South Campus Residence Hall and dining commons (2009), a new children's hospital, and other construction, expansions, and restorations. "", 'ABC also owns the Times Square Studios at 1500 Broadway on land in Times Square owned by a development fund for the 42nd Street Project; opened in 1999, Good Morning America and Nightline are broadcast from this particular facility. ABC News has premises a little further on West 66th Street, in a six-story building occupying a 196 feet (60 m) × 379 feet (116 m) plot at 121–135 West End Avenue. ']",June 1979,June 1979,1.0,0.5485953017577501
Which Doctor Who show was the largest simulcast of a TV drama?,"['In 2013, the Peabody Awards honoured Doctor Who with an Institutional Peabody ""for evolving with technology and the times like nothing else in the known television universe."" The programme is listed in Guinness World Records as the longest-running science fiction television show in the world, the ""most successful"" science fiction series of all time—based on its over-all broadcast ratings, DVD and book sales, and iTunes traffic— and for the largest ever simulcast of a TV drama with its 50th anniversary special. ', ""826 Doctor Who instalments have been televised since 1963, ranging between 25-minute episodes (the most common format), 45-minute episodes (for Resurrection of the Daleks in the 1984 series, a single season in 1985, and the revival), two feature-length productions (1983's The Five Doctors and the 1996 television film), eight Christmas specials (most of 60 minutes' duration, one of 72 minutes), and four additional specials ranging from 60 to 75 minutes in 2009, 2010 and 2013. Four mini-episodes, running about eight minutes each, were also produced for the 1993, 2005 and 2007 Children in Need charity appeals, while another mini-episode was produced in 2008 for a Doctor Who-themed edition of The Proms. The 1993 2-part story, entitled Dimensions in Time, was made in collaboration with the cast of the BBC soap-opera EastEnders and was filmed partly on the EastEnders set. A two-part mini-episode was also produced for the 2011 edition of Comic Relief. "", 'In 2009, Doctor Who was voted the 3rd greatest show of the 2000s by Channel 4, behind Top Gear and The Apprentice. The episode ""Vincent and the Doctor"" was shortlisted for a Mind Award at the 2010 Mind Mental Health Media Awards for its ""touching"" portrayal of Vincent van Gogh.', 'Doctor Who is a British science-fiction television programme produced by the BBC since 1963. The programme depicts the adventures of the Doctor, a Time Lord—a space and time-travelling humanoid alien. ', 'It has won the Short Form of the Hugo Award for Best Dramatic Presentation, the oldest science fiction/fantasy award for films and series, six times (every year since 2006, except for 2009, 2013 and 2014). The winning episodes were ""The Empty Child""/""The Doctor Dances"" (2006), ""The Girl in the Fireplace"" (2007), ""Blink"" (2008), ""The Waters of Mars"" (2010), ""The Pandorica Opens""/""The Big Bang"" (2011), and ""The Doctor\'s Wife"" (2012). Doctor Who star Matt Smith won Best Actor in the 2012 National Television awards alongside Karen Gillan who won Best Actress. ']",The 50th anniversary special.,50th anniversary special,0.0,0.49986342188192273
What is the estimated cost of the V&A branded gallery?,"[""The V&A is in discussion with the University of Dundee, University of Abertay, Dundee City Council and the Scottish Government with a view to opening a new £43 million gallery in Dundee that would use the V&A brand although it would be funded through and operated independently. As of 2015, with costs estimated at £76 million, it is the most expensive gallery project ever undertaken in Scotland. The V&A Dundee will be on the city's waterfront and is intended to focus on fashion, architecture, product design, graphic arts and photography. It is planned that it could open within five years. Dundee City Council is expected to pay a major part of the running costs. "", 'The V&A Theatre & Performance galleries, formerly the Theatre Museum, opened in March 2009. The collections are stored by the V&A, and are available for research, exhibitions and other shows. ', 'The Victoria and Albert Museum (often abbreviated as the V&A), London, is the world\'s largest museum of decorative arts and design, housing a permanent collection of over 4.5 million objects. It was founded in 1852 and named after Queen Victoria and Prince Albert. The V&A is located in the Brompton district of the Royal Borough of Kensington and Chelsea, in an area that has become known as ""Albertopolis"" because of its association with Prince Albert, the Albert Memorial and the major cultural institutions with which he was associated. These include the Natural History Museum, the Science Museum and the Royal Albert Hall. ', 'In 2004, the V&A alongside Royal Institute of British Architects opened the first permanent gallery in the UK covering the history of architecture with displays using models, photographs, elements from buildings and original drawings. With the opening of the new gallery, the RIBA Drawings and Archives Collection has been transferred to the museum, joining the already extensive collection held by the V&A. ', ""The V&A has its origins in the Great Exhibition of 1851, with which Henry Cole, the museum's first director, was involved in planning; initially it was known as the Museum of Manufactures, first opening in May 1852 at Marlborough House, but by September had been transferred to Somerset House. At this stage the collections covered both applied art and science. ""]",£76 million,£76 million,0.0,0.5979038748632016
In what year was the Victoria and Albert Museum founded?,"['The Victoria and Albert Museum (often abbreviated as the V&A), London, is the world\'s largest museum of decorative arts and design, housing a permanent collection of over 4.5 million objects. It was founded in 1852 and named after Queen Victoria and Prince Albert. The V&A is located in the Brompton district of the Royal Borough of Kensington and Chelsea, in an area that has become known as ""Albertopolis"" because of its association with Prince Albert, the Albert Memorial and the major cultural institutions with which he was associated. These include the Natural History Museum, the Science Museum and the Royal Albert Hall. ', ""The V&A has its origins in the Great Exhibition of 1851, with which Henry Cole, the museum's first director, was involved in planning; initially it was known as the Museum of Manufactures, first opening in May 1852 at Marlborough House, but by September had been transferred to Somerset House. At this stage the collections covered both applied art and science. "", 'The Victoria and Albert Museum’s Word and Image Department was under the same pressure being felt in archives around the world, to digitize their collection. A large scale digitization project began in 2007 in that department. That project was entitled the Factory Project to reference Andy Warhol and to create a factory to completely digitize the collection. The first step of the Factory Project was to take photographs utilizing digital cameras. ', 'The Victorian parts of the building have a complex history, with piecemeal additions by different architects. Founded in May 1852, it was not until 1857 that the museum moved to the present site. This area of London was known as Brompton but had been renamed South Kensington. The land was occupied by Brompton Park House, which was extended, most notably by the ""Brompton Boilers"", which were starkly utilitarian iron galleries with a temporary look and were later dismantled and used to build the V&A Museum of Childhood. The first building to be erected that still forms part of the museum was the Sheepshanks Gallery in 1857 on the eastern side of the garden. Its architect was civil engineer Captain Francis Fowke, Royal Engineers, who was appointed by Cole. The next major expansions were designed by the same architect, the Turner and Vernon galleries built 1858-9 to house the eponymous collections (later transferred to the Tate Gallery) and now used as the picture galleries and tapestry gallery respectively. The North and South Courts, were then built, both of which opened by June 1862. ', 'The official opening by Queen Victoria was on 22 June 1857. In the following year, late night openings were introduced, made possible by the use of gas lighting. This was to enable in the words of Cole ""to ascertain practically what hours are most convenient to the working classes""—this was linked to the use of the collections of both applied art and science as educational resources to help boost productive industry. In these early years the practical use of the collection was very much emphasised as opposed to that of ""High Art"" at the National Gallery and scholarship at the British Museum. George Wallis (1811–1891), the first Keeper of Fine Art Collection, passionately promoted the idea of wide art education through the museum collections. This led to the transfer to the museum of the School of Design that had been founded in 1837 at Somerset House; after the transfer it was referred to as the Art School or Art Training School, later to become the Royal College of Art which finally achieved full independence in 1949. From the 1860s to the 1880s the scientific collections had been moved from the main museum site to various improvised galleries to the west of Exhibition Road. ']",1852,1852,1.0,0.4324945390216117
How many receptions did Cotchery  get for the 2015 season?,"[""Other key receivers included veteran Jerricho Cotchery (39 receptions for 485 yards), rookie Devin Funchess (31 receptions for 473 yards and five touchdowns), and second-year receiver Corey Brown (31 receptions for 447 yards). The Panthers backfield featured Pro Bowl running back Jonathan Stewart, who led the team with 989 rushing yards and six touchdowns in 13 games, along with Pro Bowl fullback Mike Tolbert, who rushed for 256 yards and caught 18 passes for another 154 yards. Carolina's offensive line also featured two Pro Bowl selections: center Ryan Kalil and guard Trai Turner."", 'After each team punted, Panthers quarterback Cam Newton appeared to complete a 24-yard pass Jerricho Cotchery, but the call was ruled an incompletion and upheld after a replay challenge. CBS analyst and retired referee Mike Carey stated he disagreed with the call and felt the review clearly showed the pass was complete. ', ""The Panthers offense, which led the NFL in scoring (500 points), was loaded with talent, boasting six Pro Bowl selections. Pro Bowl quarterback Cam Newton had one of his best seasons, throwing for 3,837 yards and rushing for 636, while recording a career-high and league-leading 45 total touchdowns (35 passing, 10 rushing), a career-low 10 interceptions, and a career-best quarterback rating of 99.4. Newton's leading receivers were tight end Greg Olsen, who caught a career-high 77 passes for 1,104 yards and seven touchdowns, and wide receiver Ted Ginn, Jr., who caught 44 passes for 739 yards and 10 touchdowns; Ginn also rushed for 60 yards and returned 27 punts for 277 yards. "", 'Manning finished the year with a career-low 67.9 passer rating, throwing for 2,249 yards and nine touchdowns, with 17 interceptions. In contrast, Osweiler threw for 1,967 yards, 10 touchdowns and six interceptions for a rating of 86.4. Veteran receiver Demaryius Thomas led the team with 105 receptions for 1,304 yards and six touchdowns, while Emmanuel Sanders caught 76 passes for 1,135 yards and six scores, while adding another 106 yards returning punts. Tight end Owen Daniels was also a big element of the passing game with 46 receptions for 517 yards. ', 'Brown caught four passes for 80 yards, while Ginn had four receptions for 74. Ealy was the top defensive performer for Carolina with four total tackles, three sacks, a forced fumble, a fumble recovery, and an interception. Defensive End Charles Johnson had four total tackles, a sack, and a forced fumble. Linebacker Luke Kuechly had 11 total tackles, while Thomas Davis had seven, despite playing just two weeks after breaking his right arm in the NFC title game.']",39 receptions,39,0.0,0.7460046795929524
How large are the outer PD ring's filaments?,"[""Next, the two plastid-dividing rings, or PD rings form. The inner plastid-dividing ring is located in the inner side of the chloroplast's inner membrane, and is formed first. The outer plastid-dividing ring is found wrapped around the outer chloroplast membrane. It consists of filaments about 5 nanometers across, arranged in rows 6.4 nanometers apart, and shrinks to squeeze the chloroplast. "", ""This is when chloroplast constriction begins.\nIn a few species like Cyanidioschyzon merolæ, chloroplasts have a third plastid-dividing ring located in the chloroplast's intermembrane space."", 'Another protein ARC3 may also be involved, but it is not very well understood. These proteins are active at the poles of the chloroplast, preventing Z-ring formation there, but near the center of the chloroplast, MinE inhibits them, allowing the Z-ring to form.', 'The helicoids may extend as large sheets that link multiple grana, or narrow to tube-like bridges between grana. While different parts of the thylakoid system contain different membrane proteins, the thylakoid membranes are continuous and the thylakoid space they enclose form a single continuous labyrinth.', 'Plastoglobuli (singular plastoglobulus, sometimes spelled plastoglobule(s)), are spherical bubbles of lipids and proteins about 45–60 nanometers across. They are surrounded by a lipid monolayer. Plastoglobuli are found in all chloroplasts, but become more common when the chloroplast is under oxidative stress, or when it ages and transitions into a gerontoplast. Plastoglobuli also exhibit a greater size variation under these conditions. ']",5 nanometers across,about 5 nanometers across,0.0,0.6521427121805
The Roots miniseries was based on a novel by what author?,"[""For its part, the television network produced a few new hits during 1977: January saw the premiere of Roots, a miniseries based on an Alex Haley novel that was published the previous year; in September, The Love Boat, a comedy-drama anthology series produced by Aaron Spelling which was based around the crew of a cruise ship and featured three stories centered partly on the ship's various passengers; although critically lambasted, the series turned out to be a ratings success and lasted nine seasons. Roots went on to become one of the highest-rated programs in American television history, with unprecedented ratings for its finale. "", 'In literature, author of the New York Times bestseller Before I Fall Lauren Oliver, Pulitzer Prize winning novelist Philip Roth, Canadian-born Pulitzer Prize and Nobel Prize for Literature winning writer Saul Bellow, political philosopher, literary critic and author of the New York Times bestseller ""The Closing of the American Mind"" Allan Bloom, \'\'The Good War"" author Studs Terkel, American writer, essayist, filmmaker, teacher, and political activist Susan Sontag, analytic philosopher and Stanford University Professor of Comparative Literature Richard Rorty, and American writer and satirist Kurt Vonnegut are notable alumni.', ""Other: Civil rights leader W. E. B. Du Bois; philosopher Henry David Thoreau; authors Ralph Waldo Emerson and William S. Burroughs; educators Werner Baer, Harlan Hanson; poets Wallace Stevens, T. S. Eliot and E. E. Cummings; conductor Leonard Bernstein; cellist Yo Yo Ma; pianist and composer Charlie Albright; composer John Alden Carpenter; comedian, television show host and writer Conan O'Brien; actors Tatyana Ali, Nestor Carbonell, Matt Damon, Fred Gwynne, Hill Harper, Rashida Jones, Tommy Lee Jones, Ashley Judd, Jack Lemmon, Natalie Portman, Mira Sorvino, Elisabeth Shue, and Scottie Thompson; film directors Darren Aronofsky, Terrence Malick, Mira Nair, and Whit Stillman; architect Philip Johnson; musicians Rivers Cuomo, Tom Morello, and Gram Parsons; musician, producer and composer Ryan Leslie; serial killer Ted Kaczynski; programmer and activist Richard Stallman; NFL quarterback Ryan Fitzpatrick; NFL center Matt Birk; NBA player Jeremy Lin; US Ski Team skier Ryan Max Riley; physician Sachin H. Jain; physicist J. Robert Oppenheimer; computer pioneer and inventor An Wang; Tibetologist George de Roerich; and Marshall Admiral Isoroku Yamamoto."", '[note 1] The programme was originally intended to appeal to a family audience, as an educational programme using time travel as a means to explore scientific ideas and famous moments in history. On 31 July 1963 Whitaker commissioned Terry Nation to write a story under the title The Mutants. As originally written, the Daleks and Thals were the victims of an alien neutron bomb attack but Nation later dropped the aliens and made the Daleks the aggressors. When the script was presented to Newman and Wilson it was immediately rejected as the programme was not permitted to contain any ""bug-eyed monsters"". The first serial had been completed and the BBC believed it was crucial that the next one be a success, but The Mutants was the only script ready to go, so the show had little choice but to use it. According to producer Verity Lambert; ""We didn\'t have a lot of choice — we only had the Dalek serial to go ... We had a bit of a crisis of confidence because Donald [Wilson] was so adamant that we shouldn\'t make it. Had we had anything else ready we would have made that."" Nation\'s script became the second Doctor Who serial – The Daleks (a.k.a. The Mutants). The serial introduced the eponymous aliens that would become the series\' most popular monsters, and was responsible for the BBC\'s first merchandising boom.', 'The success of Roots, Happy Days and The Love Boat allowed the network to take first place in the ratings for the first time in the 1976–77 season. On September 13, 1977, the network debuted Soap, a controversial soap opera parody which became known for being the first television series to feature an openly gay main character (played by a then-unknown Billy Crystal); it last ran on the network on April 20, 1981.']",Alex Haley,Alex Haley,1.0,0.7775193180730599
Bedau notes that illegal protests towards public policy may serve as what purpose?,"['Civil disobedients have chosen a variety of different illegal acts. Bedau writes, ""There is a whole class of acts, undertaken in the name of civil disobedience, which, even if they were widely practiced, would in themselves constitute hardly more than a nuisance (e.g. trespassing at a nuclear-missile installation)...Such acts are often just a harassment and, at least to the bystander, somewhat inane...The remoteness of the connection between the disobedient act and the objectionable law lays such acts open to the charge of ineffectiveness and absurdity."" Bedau also notes, though, that the very harmlessness of such entirely symbolic illegal protests toward public policy goals may serve a propaganda purpose. Some civil disobedients, such as the proprietors of illegal medical cannabis dispensaries and Voice in the Wilderness, which brought medicine to Iraq without the permission of the U.S. ', 'Howard Zinn writes, ""There may be many times when protesters choose to go to jail, as a way of continuing their protest, as a way of reminding their countrymen of injustice. But that is different than the notion that they must go to jail as part of a rule connected with civil disobedience. ', 'The same principle, she argues, applies to breaches of law in protest against international organizations and foreign governments.', 'Michael Bayles argues that if a person violates a law in order to create a test case as to the constitutionality of a law, and then wins his case, then that act did not constitute civil disobedience. It has also been argued that breaking the law for self-gratification, as in the case of a homosexual or cannabis user who does not direct his act at securing the repeal of amendment of the law, is not civil disobedience. Likewise, a protestor who attempts to escape punishment by committing the crime covertly and avoiding attribution, or by denying having committed the crime, or by fleeing the jurisdiction, is generally viewed as not being a civil disobedient.', ""[citation needed][original research?] In modern times, some activists who commit civil disobedience as a group collectively refuse to sign bail until certain demands are met, such as favorable bail conditions, or the release of all the activists. This is a form of jail solidarity.[page needed] There have also been many instances of solitary civil disobedience, such as that committed by Thoreau, but these sometimes go unnoticed. Thoreau, at the time of his arrest, was not yet a well-known author, and his arrest was not covered in any newspapers in the days, weeks and months after it happened. The tax collector who arrested him rose to higher political office, and Thoreau's essay was not published until after the end of the Mexican War.""]",Propaganda,propaganda,1.0,0.5397018847574784
How much of a voting majority must there be to effectively censure the Commission?,"['The Parliament\'s powers include calling inquiries into maladministration or appoint an Ombudsman pending any court proceedings. It can require the Commission respond to questions and by a two-thirds majority can censure the whole Commission (as happened to the Santer Commission in 1999). In some cases, the Parliament has explicit consultation rights, which the Commission must genuinely follow. However its role participation in the legislative process still remains limited because no member can actually or pass legislation without the Commission and Council, meaning power (""kratia"") is not in the hands of directly elected representatives of the people (""demos""): in the EU it is not yet true that ""the administration is in the hands of the many and not of the few.""', ""for environmental issues, the member states' environment ministers attend and vote; for foreign affairs, the foreign ministers, etc.). The minister must have the authority to represent and bin the member states in decisions. When voting takes place it is weighted inversely to member state size, so smaller member states are not dominated by larger member states. In total there are 352 votes, but for most acts there must be a qualified majority vote, if not consensus. TEU article 16(4) and TFEU article 238(3) define this to mean at least 55 per cent of the Council members (not votes) representing 65 per cent of the population of the EU: currently this means around 74 per cent, or 260 of the 352 votes. This is critical during the legislative process."", ""Commissioners have various privileges, such as being exempt from member state taxes (but not EU taxes), and having immunity from prosecution for doing official acts. Commissioners have sometimes been found to have abused their offices, particularly since the Santer Commission was censured by Parliament in 1999, and it eventually resigned due to corruption allegations. This resulted in one main case, Commission v Edith Cresson where the European Court of Justice held that a Commissioner giving her dentist a job, for which he was clearly unqualified, did in fact not break any law. By contrast to the ECJ's relaxed approach, a Committee of Independent Experts found that a culture had developed where few Commissioners had ‘even the slightest sense of responsibility’. "", 'To make new legislation, TFEU article 294 defines the ""ordinary legislative procedure"" that applies for most EU acts. The essence is there are three readings, starting with a Commission proposal, where the Parliament must vote by a majority of all MEPs (not just those present) to block or suggest changes, and the Council must vote by qualified majority to approve changes, but by unanimity to block Commission amendment. Where the different institutions cannot agree at any stage, a ""Conciliation Committee"" is convened, representing MEPs, ministers and the Commission to try and get agreement on a joint text: if this works, it will be sent back to the Parliament and Council to approve by absolute and qualified majority. This means, legislation can be blocked by a majority in Parliament, a minority in the Council, and a majority in the Commission: it is harder to change EU law than stay the same. A different procedure exists for budgets. For ""enhanced cooperation"" among a sub-set of at least member states, authorisation must be given by the Council. Member state governments should be informed by the Commission at the outset before any proposals start the legislative procedure. ', 'While the Commission has a monopoly on initiating legislation, the European Parliament and the Council of the European Union have powers of amendment and veto during the legislative process. According to the Treaty on European Union articles 9 and 10, the EU observes ""the principle of equality of its citizens"" and is meant to be founded on ""representative democracy"". In practice, equality and democracy are deficient because the elected representatives in the Parliament cannot initiate legislation against the Commission\'s wishes, citizens of smallest countries have ten times the voting weight in Parliament as citizens of the largest countries, and ""qualified majorities"" or consensus of the Council are required to legislate. The justification for this ""democratic deficit"" under the Treaties is usually thought to be that completion integration of the European economy and political institutions required the technical coordination of experts, while popular understanding of the EU developed and nationalist sentiments declined post-war. Over time, this has meant the Parliament gradually assumed more voice: from being an unelected assembly, to its first direct elections in 1979, to having increasingly more rights in the legislative process. Citizens\' rights are therefore limited compared to the democratic polities within all European member states: under TEU article 11 citizens and associations have the rights such as publicising their views and submit an initiative that must be considered by the Commission with one million signatures. TFEU article 227 contains a further right for citizens to petition the Parliament on issues which affect them. Parliament elections, take place every five years, and votes for Members of the European Parliament in member states must be organised by proportional representation or a single transferable vote. There are 750 MEPs and their numbers are ""degressively proportional"" according to member state size. ']",A two-thirds majority,two-thirds majority,1.0,0.6768516053039773
What did Kublai do to prevent famines?,"['After strengthening his government in northern China, Kublai pursued an expansionist policy in line with the tradition of Mongol and Chinese imperialism. He renewed a massive drive against the Song dynasty to the south. Kublai besieged Xiangyang between 1268 and 1273, the last obstacle in his way to capture the rich Yangzi River basin. An unsuccessful naval expedition was undertaken against Japan in 1274. Kublai captured the Song capital of Hangzhou in 1276, the wealthiest city of China. Song loyalists escaped from the capital and enthroned a young child as Emperor Bing of Song. ', 'Kublai Khan promoted commercial, scientific, and cultural growth. He supported the merchants of the Silk Road trade network by protecting the Mongol postal system, constructing infrastructure, providing loans that financed trade caravans, and encouraging the circulation of paper banknotes (鈔, Chao). Pax Mongolica, Mongol peace, enabled the spread of technologies, commodities, and culture between China and the West. Kublai expanded the Grand Canal from southern China to Daidu in the north. ', ""Kublai's government after 1262 was a compromise between preserving Mongol interests in China and satisfying the demands of his Chinese subjects. He instituted the reforms proposed by his Chinese advisers by centralizing the bureaucracy, expanding the circulation of paper money, and maintaining the traditional monopolies on salt and iron. "", ""Kublai's government faced financial difficulties after 1279. Wars and construction projects had drained the Mongol treasury. Efforts to raise and collect tax revenues were plagued by corruption and political scandals. Mishandled military expeditions followed the financial problems. Kublai's second invasion of Japan in 1281 failed because of an inauspicious typhoon. Kublai botched his campaigns against Annam, Champa, and Java, but won a Pyrrhic victory against Burma. The expeditions were hampered by disease, an inhospitable climate, and a tropical terrain unsuitable for the mounted warfare of the Mongols. "", 'Kublai wished to persuade the Chinese that he was becoming increasingly sinicized while maintaining his Mongolian credentials with his own people. He set up a civilian administration to rule, built a capital within China, supported Chinese religions and culture, and devised suitable economic and political institutions for the court. But at the same time he never abandoned his Mongolian heritage.']","The context provided does not contain specific information about what Kublai Khan did to prevent famines. Therefore, I cannot provide an answer based on the given context.",granaries were ordered built throughout the empire,0.0,0.0
Some of the museum's collection of Korean boxes are inlaid with what objects?,"[""The smaller galleries cover Korea, the Himalayan kingdoms and South East Asia. Korean displays include green-glazed ceramics, silk embroideries from officials' robes and gleaming boxes inlaid with mother-of-pearl made between 500 AD and 2000. Himalayan items include important early Nepalese bronze sculptures, repoussé work and embroidery. "", 'The Far Eastern collections include more than 70,000 works of art from the countries of East Asia: China, Japan and Korea. The T. T. Tsui Gallery of Chinese art opened in 1991, displaying a representative collection of the V&As approximately 16,000 objects from China, dating from the 4th millennium BC to the present day. Though the majority of art works on display date from the Ming and Qing dynasties, there are exquisite examples of objects dating from the Tang dynasty and earlier periods. Notably, a metre-high bronze head of the Buddha dated to c.750 AD and one of the oldest items a 2,000-year-old jade horse head from a burial, other sculptures include life-size tomb guardians. Classic examples of Chinese manufacturing are displayed that include lacquer, silk, porcelain, jade and cloisonné enamel. Two large ancestor portraits of a husband and wife painted in watercolour on silk date from the 18th century. There is a unique Chinese lacquerware table, made in the imperial workshops during the reign of the Xuande Emperor in the Ming dynasty. Examples of clothing are also displayed. ', 'The Harvard Art Museums comprises three museums. The Arthur M. Sackler Museum includes collections of ancient, Asian, Islamic and later Indian art, the Busch-Reisinger Museum, formerly the Germanic Museum, covers central and northern European art, and the Fogg Museum of Art, covers Western art from the Middle Ages to the present emphasizing Italian early Renaissance, British pre-Raphaelite, and 19th-century French art. The Harvard Museum of Natural History includes the Harvard Mineralogical Museum, Harvard University Herbaria featuring the Blaschka Glass Flowers exhibit, and the Museum of Comparative Zoology. Other museums include the Carpenter Center for the Visual Arts, designed by Le Corbusier, housing the film archive, the Peabody Museum of Archaeology and Ethnology, specializing in the cultural history and civilizations of the Western Hemisphere, and the Semitic Museum featuring artifacts from excavations in the Middle East.', ""The holdings of ceramics, glass, textiles, costumes, silver, ironwork, jewellery, furniture, medieval objects, sculpture, prints and printmaking, drawings and photographs are among the largest and most comprehensive in the world. The museum owns the world's largest collection of post-classical sculpture, with the holdings of Italian Renaissance items being the largest outside Italy. The departments of Asia include art from South Asia, China, Japan, Korea and the Islamic world. The East Asian collections are among the best in Europe, with particular strengths in ceramics and metalwork, while the Islamic collection is amongst the largest in the Western world. Overall, it is one of the largest museums in the world."", ""The Toshiba gallery of Japanese art opened in December 1986. The majority of exhibits date from 1550 to 1900, but one of the oldest pieces displayed is the 13th-century sculpture of Amida Nyorai. Examples of classic Japanese armour from the mid-19th century, steel sword blades (Katana), Inrō, lacquerware including the Mazarin Chest dated c1640 is one of the finest surviving pieces from Kyoto, porcelain including Imari, Netsuke, woodblock prints including the work of Ando Hiroshige, graphic works include printed books, as well as a few paintings, scrolls and screens, textiles and dress including kimonos are some of the objects on display. One of the finest objects displayed is Suzuki Chokichi's bronze incense burner (koro) dated 1875, standing at over 2.25 metres high and 1.25 metres in diameter it is also one of the largest examples made. ""]",Mother-of-pearl,mother-of-pearl,1.0,0.49172588095886716
Which directive mentioned was created in 1994?,"['In part this reflects that directives often create minimum standards, leaving member states to apply higher standards. For example, the Working Time Directive requires that every worker has at least 4 weeks paid holidays each year, but most member states require more than 28 days in national law. However, on the current position adopted by the Court of Justice, citizens have standing to make claims based on national laws that implement Directives, but not from Directives themselves. Directives do not have so called ""horizontal"" direct effect (i.e. between non-state parties). This view was instantly controversial, and in the early 1990s three Advocate Generals persuasively argued that Directives should create rights and duties for all citizens. The Court of Justice refused, but there are five large exceptions.', 'In the Services Directive a group of justifications were codified in article 16 that the case law has developed.', 'Article 65 of the agreement banned cartels and article 66 made provisions for concentrations, or mergers, and the abuse of a dominant position by companies. This was the first time that competition law principles were included in a plurilateral regional agreement and established the trans-European model of competition law. In 1957 competition rules were included in the Treaty of Rome, also known as the EC Treaty, which established the European Economic Community (EEC). The Treaty of Rome established the enactment of competition law as one of the main aims of the EEC through the ""institution of a system ensuring that competition in the common market is not distorted"". The two central provisions on EU competition law on companies were established in article 85, which prohibited anti-competitive agreements, subject to some exemptions, and article 86 prohibiting the abuse of dominant position. The treaty also established principles on competition law for member states, with article 90 covering public undertakings, and article 92 making provisions on state aid. Regulations on mergers were not included as member states could not establish consensus on the issue at the time.', 'Following the election of the UK Labour Party to government in 1997, the UK formally subscribed to the Agreement on Social Policy, which allowed it to be included with minor amendments as the Social Chapter of the 1997 Treaty of Amsterdam. The UK subsequently adopted the main legislation previously agreed under the Agreement on Social Policy, the 1994 Works Council Directive, which required workforce consultation in businesses, and the 1996 Parental Leave Directive. ', 'First, if a Directive\'s deadline for implementation is not met, the member state cannot enforce conflicting laws, and a citizen may rely on the Directive in such an action (so called ""vertical"" direct effect). So, in Pubblico Ministero v Ratti because the Italian government had failed to implement a Directive 73/173/EEC on packaging and labelling solvents by the deadline, it was estopped from enforcing a conflicting national law from 1963 against Mr Ratti\'s solvent and varnish business. A member state could ""not rely, as against individuals, on its own failure to perform the obligations which the Directive entails."" ']",The 1994 Works Council Directive.,Works Council Directive,0.0,0.7568602735819928
What did the museum acquire from the Royal College of Science?,"[""In the immediate post-war years there was little money available for other than essential repairs. The 1950s and early 1960s saw little in the way of building work; the first major work was the creation of new storage space for books in the Art Library in 1966 and 1967. This involved flooring over Aston Webb's main hall to form the book stacks, with a new medieval gallery on the ground floor (now the shop, opened in 2006). Then the lower ground-floor galleries in the south-west part of the museum were redesigned, opening in 1978 to form the new galleries covering Continental art 1600–1800 (late Renaissance, Baroque through Rococo and neo-Classical). In 1974 the museum had acquired what is now the Henry Cole wing from the Royal College of Science. In order to adapt the building as galleries, all the Victorian interiors except for the staircase were recast during the remodelling. To link this to the rest of the museum, a new entrance building was constructed on the site of the former boiler house, the intended site of the Spiral, between 1978 and 1982. This building is of concrete and very functional, the only embellishment being the iron gates by Christopher Hay and Douglas Coyne of the Royal College of Art. "", 'The official opening by Queen Victoria was on 22 June 1857. In the following year, late night openings were introduced, made possible by the use of gas lighting. This was to enable in the words of Cole ""to ascertain practically what hours are most convenient to the working classes""—this was linked to the use of the collections of both applied art and science as educational resources to help boost productive industry. In these early years the practical use of the collection was very much emphasised as opposed to that of ""High Art"" at the National Gallery and scholarship at the British Museum. George Wallis (1811–1891), the first Keeper of Fine Art Collection, passionately promoted the idea of wide art education through the museum collections. This led to the transfer to the museum of the School of Design that had been founded in 1837 at Somerset House; after the transfer it was referred to as the Art School or Art Training School, later to become the Royal College of Art which finally achieved full independence in 1949. From the 1860s to the 1880s the scientific collections had been moved from the main museum site to various improvised galleries to the west of Exhibition Road. ', ""Other items in the collection include diamond dress ornaments made for Catherine the Great, bracelet clasps once belonging to Marie Antoinette, and the Beauharnais emerald necklace presented by Napoleon to his adopted daughter Hortense de Beauharnais in 1806. The museum also collects international modern jewellery by designers such as Gijs Bakker, Onno Boekhoudt, Peter Chang, Gerda Flockinger, Lucy Sarneel, Dorothea Prühl and Wendy Ramshaw, and African and Asian traditional jewellery. Major bequests include Reverend Chauncy Hare Townshend's collection of 154 gems bequeathed in 1869, Lady Cory's 1951 gift of major diamond jewellery from the 18th and 19th centuries, and jewellery scholar Dame Joan Evans' 1977 gift of more than 800 jewels dating from the Middle Ages to the early 19th century. A new jewellery gallery, funded by William and Judith Bollinger, opened on 24 May 2008."", ""All the major 19th-century British factories are also represented. A major boost to the collections was the Salting Bequest made in 1909, which enriched the museum's stock of Chinese and Japanese ceramics. This bequest forms part of the finest collection of East Asian pottery and porcelain in the world, including Kakiemon ware."", ""There are several museums and galleries in Newcastle, including the Centre for Life with its Science Village; the Discovery Museum a museum highlighting life on Tyneside, including Tyneside's shipbuilding heritage, and inventions which changed the world; the Great North Museum; in 2009 the Newcastle on Tyne Museum of Antiquities merged with the Great North Museum (Hancock Museum); Seven Stories a museum dedicated to children's books, the Side Gallery historical and contemporary photography from around the world and Northern England and the Newburn Hall Motor Museum.""]",The museum acquired the Henry Cole wing.,Henry Cole wing,1.0,0.7664198860124243
Where did Korea border Kublai's territory?,"[""Instability troubled the early years of Kublai Khan's reign. Ogedei's grandson Kaidu refused to submit to Kublai and threatened the western frontier of Kublai's domain. The hostile but weakened Song dynasty remained an obstacle in the south. Kublai secured the northeast border in 1259 by installing the hostage prince Wonjong as the ruler of Korea, making it a Mongol tributary state. Kublai was also threatened by domestic unrest. "", 'After strengthening his government in northern China, Kublai pursued an expansionist policy in line with the tradition of Mongol and Chinese imperialism. He renewed a massive drive against the Song dynasty to the south. Kublai besieged Xiangyang between 1268 and 1273, the last obstacle in his way to capture the rich Yangzi River basin. An unsuccessful naval expedition was undertaken against Japan in 1274. Kublai captured the Song capital of Hangzhou in 1276, the wealthiest city of China. Song loyalists escaped from the capital and enthroned a young child as Emperor Bing of Song. ', 'Kublai readied the move of the Mongol capital from Karakorum in Mongolia to Khanbaliq in 1264, constructing a new city near the former Jurchen capital Zhongdu, now modern Beijing, in 1266. In 1271, Kublai formally claimed the Mandate of Heaven and declared that 1272 was the first year of the Great Yuan (Chinese: 大元) in the style of a traditional Chinese dynasty. The name of the dynasty originated from the I Ching and describes the ""origin of the universe"" or a ""primal force"". Kublai proclaimed Khanbaliq the ""Great Capital"" or Daidu (Dadu, Chinese: 大都 in Chinese) of the dynasty. The era name was changed to Zhiyuan to herald a new era of Chinese history. ', 'Kublai built schools for Confucian scholars, issued paper money, revived Chinese rituals, and endorsed policies that stimulated agricultural and commercial growth. He adopted as his capital city Kaiping in Inner Mongolia, later renamed Shangdu.', 'He died in 1259 without a successor. Kublai returned from fighting the Song in 1260 when he learned that his brother, Ariq Böke, was challenging his claim to the throne. Kublai convened a kurultai in Kaiping that elected him Great Khan. A rival kurultai in Mongolia proclaimed Ariq Böke Great Khan, beginning a civil war. Kublai depended on the cooperation of his Chinese subjects to ensure that his army received ample resources. He bolstered his popularity among his subjects by modeling his government on the bureaucracy of traditional Chinese dynasties and adopting the Chinese era name of Zhongtong. Ariq Böke was hampered by inadequate supplies and surrendered in 1264. All of the three western khanates (Golden Horde, Chagatai Khanate and Ilkhanate) became functionally autonomous, although only the Ilkhans truly recognized Kublai as Great Khan. Civil strife had permanently divided the Mongol Empire.']",The northeast,northeast,1.0,0.41238476206441327
What types of responsibilities might a pharmacy technician have?,"['A Pharmacy Technician in the UK is considered a health care professional and often does not work under the direct supervision of a pharmacist (if employed in a hospital pharmacy) but instead is supervised and managed by other senior pharmacy technicians. In the UK the role of a PhT has grown and responsibility has been passed on to them to manage the pharmacy department and specialised areas in pharmacy practice allowing pharmacists the time to specialise in their expert field as medication consultants spending more time working with patients and in research. ', ""The clinical pharmacist's role involves creating a comprehensive drug therapy plan for patient-specific problems, identifying goals of therapy, and reviewing all prescribed medications prior to dispensing and administration to the patient. The review process often involves an evaluation of the appropriateness of the drug therapy (e.g., drug choice, dose, route, frequency, and duration of therapy) and its efficacy. "", 'A pharmacy technician once qualified has to register as a professional on the General Pharmaceutical Council (GPhC) register. The GPhC is the governing body for pharmacy health care professionals and this is who regulates the practice of pharmacists and pharmacy technicians.', 'Pharmacists are healthcare professionals with specialised education and training who perform various roles to ensure optimal health outcomes for their patients through the quality use of medicines. Pharmacists may also be small-business proprietors, owning the pharmacy in which they practice. ', ""Pharmacy technicians are now more dependent upon automation to assist them in their new role dealing with patients' prescriptions and patient safety issues.""]","A pharmacy technician in the UK may have responsibilities such as managing the pharmacy department and specialized areas in pharmacy practice, creating comprehensive drug therapy plans, reviewing prescribed medications for appropriateness and efficacy, and assisting with patient prescriptions and safety issues. They may also be involved in the dispensing and administration of medications to patients.",manage the pharmacy department and specialised areas in pharmacy practice,0.42857142857142855,0.9063169766654946
What set is a seat added to after being allocated?,"[""The total number of seats in the Parliament are allocated to parties proportionally to the number of votes received in the second vote of the ballot using the d'Hondt method. For example, to determine who is awarded the first list seat, the number of list votes cast for each party is divided by one plus the number of seats the party won in the region (at this point just constituency seats). The party with the highest quotient is awarded the seat, which is then added to its constituency seats in allocating the second seat. "", 'This is repeated iteratively until all available list seats are allocated.', 'Having deduced such proper set inclusions, we can proceed to make quantitative statements about how much more additional time or space is needed in order to increase the number of problems that can be solved.', ""They hold the UK's biggest national collection of material about live performance in the UK since Shakespeare's day, covering drama, dance, musical theatre, circus, music hall, rock and pop, and most other forms of live entertainment. Types of items displayed include costumes, set models, wigs, prompt books, and posters."", 'This was criticized at the time, with the result that the museum ceased to collect contemporary items and did not do so again until the 1960s. In 1986 the Lady Abingdon collection of French Empire furniture was bequeathed by Mrs T. R. P. Hole.']",The constituency seats.,constituency seats,,0.6126432039746964
What halftime performer previously headlined Super Bowl XLVIII?,"['On December 3, the league confirmed that the show would be headlined by the British rock group Coldplay. On January 7, 2016, Pepsi confirmed to the Associated Press that Beyoncé, who headlined the Super Bowl XLVII halftime show and collaborated with Coldplay on the single ""Hymn for the Weekend"", would be making an appearance. Bruno Mars, who headlined the Super Bowl XLVIII halftime show, and Mark Ronson also performed.', 'CBS broadcast Super Bowl 50 in the U.S., and charged an average of $5 million for a 30-second commercial during the game. The Super Bowl 50 halftime show was headlined by the British rock group Coldplay with special guest performers Beyoncé and Bruno Mars, who headlined the Super Bowl XLVII and Super Bowl XLVIII halftime shows, respectively. It was the third-most watched U.S. ', 'In late November 2015, reports surfaced stating that ""multiple acts"" would perform during the halftime show. ', 'The Broncos made their second Super Bowl appearance in three years, having reached Super Bowl XLVIII, while the Panthers made their second Super Bowl appearance in franchise history, their other appearance being Super Bowl XXXVIII. Coincidentally, both teams were coached by John Fox in their last Super Bowl appearance prior to Super Bowl 50.', 'Bart Starr (MVP of Super Bowls I and II) and Chuck Howley (MVP of Super Bowl V) appeared via video, while Peyton Manning (MVP of Super Bowl XLI and current Broncos quarterback) was shown in the locker room preparing for the game. No plans were announced regarding the recognition of Harvey Martin, co-MVP of Super Bowl XII, who died in 2001.']",Bruno Mars,Bruno Mars,0.5,0.4540221356836889
How to Baptized Members become Professing Members?,"['These Baptized Members become Professing Members through confirmation and sometimes the profession of faith. Individuals who were not previously baptized are baptized as part of their profession of faith and thus become Professing Members in this manner. Individuals may also become a Professing Member through transfer from another Christian denomination.', 'There are two categories of lay servants: local church lay servant, who serve in and through their local churches, and certified lay servants, who serve in their own churches, in other churches, and through district or conference projects and programs. To be recognized as local church lay servant, they must be recommended by their pastor and Church Council or Charge Conference, and complete the basic course for lay servant. Each year they must reapply, reporting how they have served and continued to learn during that year. To be recognized as certified lay servant, they must be recommended by their pastor and Church Council or Charge Conference, complete the basic course and one advanced lay servant course, and be interviewed by the District or Conference Committee on Lay Speaking. They must report and reapply annually; and they must complete at least one advanced course every three years.', 'Unlike confirmation and profession of faith, Baptism is a sacrament in the UMC. The Book of Discipline of the United Methodist Church directs the local church to offer membership preparation or confirmation classes to all people, including adults. ', 'The term confirmation is generally reserved for youth, while some variation on membership class is generally used for adults wishing to join the church. The Book of Discipline normally allows any youth at least completing sixth grade to participate, although the pastor has discretionary authority to allow a younger person to participate. In confirmation and membership preparation classes, students learn about Church and the Methodist-Christian theological tradition in order to profess their ultimate faith in Christ.', 'The United Methodist Church (UMC) practices infant and adult baptism. Baptized Members are those who have been baptized as an infant or child, but who have not subsequently professed their own faith. ']",Baptized Members become Professing Members through confirmation and sometimes the profession of faith. Individuals who were not previously baptized are baptized as part of their profession of faith and thus become Professing Members in this manner. Individuals may also become a Professing Member through transfer from another Christian denomination.,confirmation and sometimes the profession of faith,0.5,0.8664797099619781
In how many places is oxygen stored in its cycle?,"['Oxygen storage methods include high pressure oxygen tanks, cryogenics and chemical compounds. For reasons of economy, oxygen is often transported in bulk as a liquid in specially insulated tankers, since one liter of liquefied oxygen is equivalent to 840 liters of gaseous oxygen at atmospheric pressure and 20 °C (68 °F). Such tankers are used to refill bulk liquid oxygen storage containers, which stand outside hospitals and other institutions with a need for large volumes of pure oxygen gas. ', ""The common allotrope of elemental oxygen on Earth is called dioxygen, O\n2. It is the form that is a major part of the Earth's atmosphere (see Occurrence). O2 has a bond length of 121 pm and a bond energy of 498 kJ·mol−1, which is smaller than the energy of other double bonds or pairs of single bonds in the biosphere and responsible for the exothermic reaction of O2 with any organic molecule. Due to its energy content, O2 is used by complex forms of life, such as animals, in cellular respiration (see Biological role). "", ""The unusually high concentration of oxygen gas on Earth is the result of the oxygen cycle. This biogeochemical cycle describes the movement of oxygen within and between its three main reservoirs on Earth: the atmosphere, the biosphere, and the lithosphere. The main driving factor of the oxygen cycle is photosynthesis, which is responsible for modern Earth's atmosphere. "", 'Liquid oxygen is passed through heat exchangers, which convert the cryogenic liquid into gas before it enters the building. Oxygen is also stored and shipped in smaller cylinders containing the compressed gas; a form that is useful in certain portable medical applications and oxy-fuel welding and cutting.', 'Common uses of oxygen includes the production cycle of steel, plastics and textiles, brazing, welding and cutting of steels and other metals, rocket propellant, in oxygen therapy and life support systems in aircraft, submarines, spaceflight and diving.']",Three,three,0.0,0.5079079916422053
What type of hypersensitivity is associated with allergies?,"[""Hypersensitivity is an immune response that damages the body's own tissues. They are divided into four classes (Type I – IV) based on the mechanisms involved and the time course of the hypersensitive reaction. Type I hypersensitivity is an immediate or anaphylactic reaction, often associated with allergy. Symptoms can range from mild discomfort to death. Type I hypersensitivity is mediated by IgE, which triggers degranulation of mast cells and basophils when cross-linked by antigen. Type II hypersensitivity occurs when antibodies bind to antigens on the patient's own cells, marking them for destruction. This is also called antibody-dependent (or cytotoxic) hypersensitivity, and is mediated by IgG and IgM antibodies. Immune complexes (aggregations of antigens, complement proteins, and IgG and IgM antibodies) deposited in various tissues trigger Type III hypersensitivity reactions. Type IV hypersensitivity (also known as cell-mediated or delayed type hypersensitivity) usually takes between two and three days to develop. Type IV reactions are involved in many autoimmune and infectious diseases, but may also involve contact dermatitis (poison ivy). "", ""Plants have two main immune responses—the hypersensitive response, in which infected cells seal themselves off and undergo programmed cell death, and systemic acquired resistance, where infected cells release signals warning the rest of the plant of a pathogen's presence. Chloroplasts stimulate both responses by purposely damaging their photosynthetic system, producing reactive oxygen species. High levels of reactive oxygen species will cause the hypersensitive response. "", 'When a part of a plant becomes infected, the plant produces a localized hypersensitive response, whereby cells at the site of infection undergo rapid apoptosis to prevent the spread of the disease to other parts of the plant. Systemic acquired resistance (SAR) is a type of defensive response used by plants that renders the entire plant resistant to a particular infectious agent. RNA silencing mechanisms are particularly important in this systemic response as they can block virus replication.', 'Both B cells and T cells carry receptor molecules that recognize specific targets. T cells recognize a ""non-self"" target, such as a pathogen, only after antigens (small fragments of the pathogen) have been processed and presented in combination with a ""self"" receptor called a major histocompatibility complex (MHC) molecule. There are two major subtypes of T cells: the killer T cell and the helper T cell. In addition there are regulatory T cells which have a role in modulating immune response. Killer T cells only recognize antigens coupled to Class I MHC molecules, while helper T cells and regulatory T cells only recognize antigens coupled to Class II MHC molecules. These two mechanisms of antigen presentation reflect the different roles of the two types of T cell. ', 'Overactive immune responses comprise the other end of immune dysfunction, particularly the autoimmune disorders. Here, the immune system fails to properly distinguish between self and non-self, and attacks part of the body. ']",Type I hypersensitivity,Type I,1.0,0.7709591532802772
How many universities does Newcastle have?,"[""The city has two universities — Newcastle University and Northumbria University. Newcastle University has its origins in the School of Medicine and Surgery, established in 1834 and became independent from Durham University on 1 August 1963 to form the University of Newcastle upon Tyne. Newcastle University is now one of the UK's leading international universities. "", ""Newcastle School for Boys is the only independent boys' only school in the city and is situated in Gosforth. Newcastle College is the largest general further education college in the North East and is a beacon status college; there are two smaller colleges in the Newcastle area. St Cuthbert's High School and Sacred Heart are the two primary state-Catholic run high schools, and are both achieving results on par with the independent schools in Newcastle."", ""There are eleven LEA-funded 11 to 18 schools and seven independent schools with sixth forms in Newcastle. There are a number of successful state schools, including Walker Technology College, Gosforth High School, Heaton Manor School, St Cuthbert's High School, St. Mary's Catholic Comprehensive School, Kenton School, George Stephenson High School, Sacred Heart and Benfield School. The largest co-ed independent school is the Royal Grammar School. The largest girls' independent school is Newcastle High School for Girls. Both schools are located on the same street in Jesmond. "", ""According to the UK Government's returned 2001 census information, the city of Newcastle had a population of 189,863, whereas the metropolitan borough of Newcastle had a population of around 259,000. Newcastle has a population of 282,442 according to the Office for National Statistics. The metropolitan boroughs of North Tyneside (population circa 201,000), South Tyneside (population circa 148,000) and Gateshead (population circa 201,000) are, along with Newcastle, all part of the Tyneside conurbation (population circa 880,000). The metropolitan county of Tyne and Wear, which consists of the four aforementioned boroughs as well as the City of Sunderland (population circa 275,000), had a population of around 1,076,000 and the Tyne and Wear City Region which also includes North Durham, South East Northumberland and the Tyne Valley has a population of 1,650,000. Newcastle is also home to a large student population with Newcastle and Northumbria Universities in the local area. "", 'Newcastle upon Tyne (RP: i/ˌnjuːkɑːsəl əˌpɒn ˈtaɪn/; Locally: i/njuːˌkæsəl əˌpən ˈtaɪn/), commonly known as Newcastle, is a city in Tyne and Wear, North East England, 103 miles (166 km) south of Edinburgh and 277 miles (446 km) north of London on the northern bank of the River Tyne, 8.5 mi (13.7 km) from the North Sea. Newcastle is the most populous city in the North East and Tyneside the eighth most populous conurbation in the United Kingdom. ']",Newcastle has two universities.,two,1.0,0.9876795315829098
Plants lack what kind of immune cells?,"['Unlike animals, plants lack phagocytic cells, but many plant immune responses involve systemic chemical signals that are sent through a plant. Individual plant cells respond to molecules associated with pathogens known as Pathogen-associated molecular patterns or PAMPs. ', ""Plants have two main immune responses—the hypersensitive response, in which infected cells seal themselves off and undergo programmed cell death, and systemic acquired resistance, where infected cells release signals warning the rest of the plant of a pathogen's presence. Chloroplasts stimulate both responses by purposely damaging their photosynthetic system, producing reactive oxygen species. High levels of reactive oxygen species will cause the hypersensitive response. "", 'Natural killer cells, or NK cells, are a component of the innate immune system which does not directly attack invading microbes. Rather, NK cells destroy compromised host cells, such as tumor cells or virus-infected cells, recognizing such cells by a condition known as ""missing self."" This term describes cells with low levels of a cell-surface marker called MHC I (major histocompatibility complex) – a situation that can arise in viral infections of host cells. They were named ""natural killer"" because of the initial notion that they do not require activation in order to kill cells that are ""missing self."" ', 'However, malnutrition is the most common cause of immunodeficiency in developing countries. Diets lacking sufficient protein are associated with impaired cell-mediated immunity, complement activity, phagocyte function, IgA antibody concentrations, and cytokine production. Additionally, the loss of the thymus at an early age through genetic mutation or surgical removal results in severe immunodeficiency and a high susceptibility to infection.', 'Innate immune systems are found in all plants and animals. If pathogens successfully evade the innate response, vertebrates possess a second layer of protection, the adaptive immune system, which is activated by the innate response. Here, the immune system adapts its response during an infection to improve its recognition of the pathogen. This improved response is then retained after the pathogen has been eliminated, in the form of an immunological memory, and allows the adaptive immune system to mount faster and stronger attacks each time this pathogen is encountered.']",Phagocytic cells,phagocytic cells,1.0,0.6072139097442448
How old was Tesla when he became a citizen of the US?,"['On 30 July 1891, at the age of 35, Tesla became a naturalized citizen of the United States, and established his South Fifth Avenue laboratory, and later another at 46 E. Houston Street, in New York. He lit electric lamps wirelessly at both locations, demonstrating the potential of wireless power transmission. ', 'Tesla gained experience in telephony and electrical engineering before emigrating to the United States in 1884 to work for Thomas Edison in New York City. He soon struck out on his own with financial backers, setting up laboratories and companies to develop a range of electrical devices. ', 'On 24 March 1879, Tesla was returned to Gospić under police guard for not having a residence permit. On 17 April 1879, Milutin Tesla died at the age of 60 after contracting an unspecified illness (although some sources say that he died of a stroke). ', 'On Tesla\'s 75th birthday in 1931, Time magazine put him on its cover. The cover caption ""All the world\'s his power house"" noted his contribution to electrical power generation. ', 'Tesla served as a vice president of the American Institute of Electrical Engineers, the forerunner (along with the Institute of Radio Engineers) of the modern-day IEEE, from 1892 to 1894.']",Tesla was 35 years old when he became a citizen of the United States.,35,1.0,0.972560676936832
Where did a bloody civil war break out?,"['Though no battles were fought in Jacksonville proper, the city changed hands several times between Union and Confederate forces. The Skirmish of the Brick Church in 1862 just outside Jacksonville proper resulted in the first Confederate victory in Florida. In February 1864 Union forces left Jacksonville and confronted a Confederate Army at the Battle of Olustee resulting in a Confederate victory. Union forces then retreated to Jacksonville and held the city for the remainder of the war. In March 1864 a Confederate cavalry confronted a Union expedition resulting in the Battle of Cedar Creek. Warfare and the long occupation left the city disrupted after the war.', ""Civil disobedience is one of the many ways people have rebelled against what they deem to be unfair laws. It has been used in many nonviolent resistance movements in India (Gandhi's campaigns for independence from the British Empire), in Czechoslovakia's Velvet Revolution and in East Germany to oust their communist governments, In South Africa in the fight against apartheid, in the American Civil Rights Movement, in the Singing Revolution to bring independence to the Baltic countries from the Soviet Union, recently with the 2003 Rose Revolution in Georgia and the 2004 Orange Revolution in Ukraine, among other various movements worldwide."", 'Luther\'s pamphlets against the Church and the hierarchy, often worded with ""liberal"" phraseology, now led many peasants to believe he would support an attack on the upper classes in general. Revolts broke out in Franconia, Swabia, and Thuringia in 1524, even drawing support from disaffected nobles, many of whom were in debt. Gaining momentum under the leadership of radicals such as Müntzer in Thuringia and Michael Gaismair in Tyrol, the revolts turned into war.', ""The capture of Warũhiũ Itote (aka General China) on 15 January 1954 and the subsequent interrogation led to a better understanding of the Mau Mau command structure. Operation Anvil opened on 24 April 1954, after weeks of planning by the army with the approval of the War Council. The operation effectively placed Nairobi under military siege, and the occupants were screened and the Mau Mau supporters moved to detention camps. The Home Guard formed the core of the government's strategy as it was composed of loyalist Africans, not foreign forces like the British Army and King's African Rifles. By the end of the emergency, the Home Guard had killed 4,686 Mau Mau, amounting to 42% of the total insurgents. The capture of Dedan Kimathi on 21 October 1956 in Nyeri signified the ultimate defeat of the Mau Mau and essentially ended the military offensive. During this period, substantial governmental changes to land tenure occurred. "", 'The earliest recorded incidents of collective civil disobedience took place during the Roman Empire[citation needed]. Unarmed Jews gathered in the streets to prevent the installation of pagan images in the Temple in Jerusalem.']","The context provided does not contain specific information about a bloody civil war breaking out in a particular location. Therefore, I cannot provide an answer based on the given context.",Algeria,0.5,0.0
Who is elected to serve as the Presiding Officer at the beginning of each parliamentary session?,"['When chairing meetings of the Parliament, the Presiding Officer and his/her deputies must be politically impartial. During debates, the Presiding Officer (or the deputy) is assisted by the parliamentary clerks, who give advice on how to interpret the standing orders that govern the proceedings of meetings. A vote clerk sits in front of the Presiding Officer and operates the electronic voting equipment and chamber clocks.', 'After each election to the Scottish Parliament, at the beginning of each parliamentary session, Parliament elects one MSP to serve as Presiding Officer, the equivalent of the speaker (currently Tricia Marwick), and two MSPs to serve as deputies (currently Elaine Smith and John Scott). The Presiding Officer and deputies are elected by a secret ballot of the 129 MSPs, which is the only secret ballot conducted in the Scottish Parliament. Principally, the role of the Presiding Officer is to chair chamber proceedings and the Scottish Parliamentary Corporate Body. ', 'The Presiding Officer (or Deputy Presiding Officer) decides who speaks in chamber debates and the amount of time for which they are allowed to speak. Normally, the Presiding Officer tries to achieve a balance between different viewpoints and political parties when selecting members to speak. Typically, ministers or party leaders open debates, with opening speakers given between 5 and 20 minutes, and succeeding speakers allocated less time. The Presiding Officer can reduce speaking time if a large number of members wish to participate in the debate. ', 'As a member of the Scottish Parliamentary Corporate Body, the Presiding Officer is responsible for ensuring that the Parliament functions effectively and has the staff, property and resources it requires to operate. Convening the Parliamentary Bureau, which allocates time and sets the work agenda in the chamber, is another of the roles of the Presiding Officer. ', 'Under the Standing Orders of the Parliament the Bureau consists of the Presiding Officer and one representative from each political parties with five or more seats in the Parliament. Amongst the duties of the Bureau are to agree the timetable of business in the chamber, establish the number, remit and membership of parliamentary committees and regulate the passage of legislation (bills) through the Parliament. The Presiding Officer also represents the Scottish Parliament at home and abroad in an official capacity.']","At the beginning of each parliamentary session, one MSP is elected to serve as the Presiding Officer.",one MSP,1.0,0.9288847315479843
Between what times does Good Morning America air on ABC?,"[""weekdays (with a one-hour break at 12:00 p.m. Eastern/Pacific for stations to air newscasts, other locally produced programming such as talk shows, or syndicated programs) featuring the talk/lifestyle shows The View and The Chew and the soap opera General Hospital. ABC News programming includes Good Morning America from 7:00 to 9:00 a.m. weekdays (along with one-hour weekend editions); nightly editions of ABC World News Tonight (whose weekend editions are occasionally subject to abbreviation or preemption due to sports telecasts overrunning into the program's timeslot), the Sunday political talk show This Week, early morning news programs World News Now and America This Morning and the late night newsmagazine Nightline. Late nights feature the weeknight talk show Jimmy Kimmel Live!."", ""Its first attempt at such competition was AM America; however, that show's success was not straightforward. One of its affiliates, WCVB-TV premiered morning show Good Day!. First premiering in 1973 as Good Morning!, it was groundbreaking for being entirely produced on the road and broadcasting from locations outside of the Boston area. Also, in the summer of 1975, ABC discovered that its Cleveland affiliate WEWS-TV was producing its own morning program The Morning Exchange, which debuted in 1972 and was now locally pre-empting AM America; it was the first morning show to utilize a set modeled after a living room, and established a concept now commonplace among network morning shows in which news and weather updates were featured at the top and bottom of each hour. Discovering that their formats seemed to appeal to their viewers, the network became the first to adopt them for a new national morning show, Good Morning America, which debuted on November 3, 1975."", ""ABC's daytime schedule currently features talk shows The View and The Chew, and the soap opera General Hospital, the latter of which is the longest-running entertainment program in the history of the ABC television network, having aired since 1963. ABC also broadcasts the morning news program Good Morning America and has done so since 1975, though that program is not considered to be part of the ABC Daytime block. In addition to the long-running All My Children (1970–2011) and One Life to Live (1968–2012), notable past soap operas seen on the daytime lineup include Ryan's Hope, Dark Shadows, Loving, The City and Port Charles. "", 'ABC also owns the Times Square Studios at 1500 Broadway on land in Times Square owned by a development fund for the 42nd Street Project; opened in 1999, Good Morning America and Nightline are broadcast from this particular facility. ABC News has premises a little further on West 66th Street, in a six-story building occupying a 196 feet (60 m) × 379 feet (116 m) plot at 121–135 West End Avenue. ', ""Since 1974, ABC has generally aired Dick Clark's New Year's Rockin' Eve on New Year's Eve (hosted first by its creator Dick Clark, and later by his successor Ryan Seacrest); the only exception was in 1999, when ABC put it on a one-year hiatus to provide coverage of the international millennium festivities, though Clark's traditional countdown from Times Square was still featured within the coverage. ABC has also aired the Miss America pageant from 1954 to 1956, 1997 to 2005 (with the television rights being assumed by cable channel TLC in 2006, when the pageant moved from its longtime homebase in Atlantic City to Las Vegas, before returning to Atlantic City in 2013) and since 2011. ""]",7:00 to 9:00 a.m. weekdays,7:00 to 9:00 a.m. weekdays,1.0,0.508208881703344
What did Shrewsbury note about the plague?,"['The plague theory was first significantly challenged by the work of British bacteriologist J. F. D. Shrewsbury in 1970, who noted that the reported rates of mortality in rural areas during the 14th-century pandemic were inconsistent with the modern bubonic plague, leading him to conclude that contemporary accounts were exaggerations. In 1984 zoologist Graham Twigg produced the first major work to challenge the bubonic plague theory directly, and his doubts about the identity of the Black Death have been taken up by a number of authors, including Samuel K. Cohn, Jr. ', 'The historian Francis Aidan Gasquet wrote about the \'Great Pestilence\' in 1893 and suggested that ""it would appear to be some form of the ordinary Eastern or bubonic plague"". He was able to adopt the epidemiology of the bubonic plague for the Black Death for the second edition in 1908, implicating rats and fleas in the process, and his interpretation was widely accepted for other ancient and medieval epidemics, such as the Justinian plague that was prevalent in the Eastern Roman Empire from 541 to 700 CE.', 'It is recognised that an epidemiological account of the plague is as important as an identification of symptoms, but researchers are hampered by the lack of reliable statistics from this period. Most work has been done on the spread of the plague in England, and even estimates of overall population at the start vary by over 100% as no census was undertaken between the time of publication of the Domesday Book and the year 1377. ', 'Medical knowledge had stagnated during the Middle Ages. The most authoritative account at the time came from the medical faculty in Paris in a report to the king of France that blamed the heavens, in the form of a conjunction of three planets in 1345 that caused a ""great pestilence in the air"". This report became the first and most widely circulated of a series of plague tracts that sought to give advice to sufferers. ', 'Many scholars arguing for the Y. pestis as the major agent of the pandemic suggest that its extent and symptoms can be explained by a combination of bubonic plague with other diseases, including typhus, smallpox and respiratory infections. In addition to the bubonic infection, others point to additional septicemic (a type of ""blood poisoning"") and pneumonic (an airborne plague that attacks the lungs before the rest of the body) forms of the plague, which lengthen the duration of outbreaks throughout the seasons and help account for its high mortality rate and additional recorded symptoms. In 2014, scientists with Public Health England announced the results of an examination of 25 bodies exhumed from the Clerkenwell area of London, as well as of wills registered in London during the period, which supported the pneumonic hypothesis.']","Shrewsbury noted that the reported rates of mortality in rural areas during the 14th-century pandemic were inconsistent with the modern bubonic plague, leading him to conclude that contemporary accounts were exaggerations.",rates of mortality in rural areas during the 14th-century pandemic were inconsistent with the modern bubonic plague,1.0,0.7513209511578691
Which authority figure is designated to schedule and set the work of the EU?,"['The Parliament can also formally request the Commission to submit a legislative proposal but the Commission can reject such a suggestion, giving reasons. The Commission\'s President (currently an ex-Luxembourg Prime Minister, Jean-Claude Juncker) sets the agenda for the EU\'s work. Decisions are taken by a simple majority vote, usually through a ""written procedure"" of circulating the proposals and adopting if there are no objections.[citation needed] Since Ireland refused to consent to changes in the Treaty of Lisbon 2007, there remains one Commissioner for each of the 28 member states, including the President and the High Representative for Foreign and Security Policy (currently Federica Mogherini). The Commissioners (and most importantly, the portfolios they will hold) are bargained over intensively by the member states. The Commissioners, as a block, are then subject to a qualified majority vote of the Council to approve, and majority approval of the Parliament. The proposal to make the Commissioners be drawn from the elected Parliament, was not adopted in the Treaty of Lisbon. This means Commissioners are, through the appointment process, the unelected subordinates of member state governments.', 'The European Commission has the initiative to propose legislation. During the ordinary legislative procedure, the Council (which are ministers from member state governments) and the European Parliament (elected by citizens) can make amendments and must give their consent for laws to pass. The Commission oversees departments and various agencies that execute or enforce EU law. The ""European Council"" (rather than the Council, made up of different government Ministers) is composed of the Prime Ministers or executive Presidents of the member states. It appoints the Commissioners and the board of the European Central Bank. The European Court of Justice is the supreme judicial body which interprets EU law, and develops it through precedent. The Court can review the legality of the EU institutions\' actions, in compliance with the Treaties. It can also decide upon claims for breach of EU laws from member states and citizens.', 'The European Commission is the main executive body of the European Union. Article 17(1) of the Treaty on European Union states the Commission should ""promote the general interest of the Union"" while Article 17(3) adds that Commissioners should be ""completely independent"" and not ""take instructions from any Government"". Under article 17(2), ""Union legislative acts may only be adopted on the basis of a Commission proposal, except where the Treaties provide otherwise."" This means that the Commission has a monopoly on initiating the legislative procedure, although the Council is the ""de facto catalyst of many legislative initiatives"". ', 'While constitutional law concerns the European Union\'s governance structure, administrative law binds EU institutions and member states to follow the law. Both member states and the Commission have a general legal right or ""standing"" (locus standi) to bring claims against EU institutions and other member states for breach of the treaties. ', ""This suggests the EU's legitimacy rests on the ultimate authority of member states, its factual commitment to human rights, and the democratic will of the people.""]","The Commission's President, currently Jean-Claude Juncker, is designated to schedule and set the work of the EU.",The Commission's President,1.0,0.9281041761050345
What is the longest time that a teaching certificate is good for?,"[""In the United States, each state determines the requirements for getting a license to teach in public schools. Teaching certification generally lasts three years, but teachers can receive certificates that last as long as ten years. Public school teachers are required to have a bachelor's degree and the majority must be certified by the state in which they teach. "", 'Governments may require certification by a recognized body before they can teach in a school. In many countries, elementary school education certificate is earned after completion of high school. The high school student follows an education specialty track, obtain the prerequisite ""student-teaching"" time, and receive a special diploma to begin teaching after graduation. In addition to certification, many educational institutions especially within the US, require that prospective teachers pass a background check and psychiatric evaluation to be able to teach in classroom. This is not always the case with adult further learning institutions but is fast becoming the norm in many countries as security concerns grow.', 'Teaching in Scotland is an all graduate profession and the normal route for graduates wishing to teach is to complete a programme of Initial Teacher Education (ITE) at one of the seven Scottish Universities who offer these courses. Once successfully completed, ""Provisional Registration"" is given by the GTCS which is raised to ""Full Registration"" status after a year if there is sufficient evidence to show that the ""Standard for Full Registration"" has been met.', 'These professional qualifications may include the study of pedagogy, the science of teaching. Teachers, like other professionals, may have to continue their education after they qualify, a process known as continuing professional development. Teachers may use a lesson plan to facilitate student learning, providing a course of study which is called the curriculum.', ""There are a variety of bodies designed to instill, preserve and update the knowledge and professional standing of teachers. Around the world many governments operate teacher's colleges, which are generally established to serve and protect the public interest through certifying, governing and enforcing the standards of practice for the teaching profession.""]",Ten years,ten years,1.0,0.5192086361644433
imperialism often divides countries by using which technique?,"['Imperialism is a type of advocacy of empire. Its name originated from the Latin word ""imperium"", which means to rule over large territories. Imperialism is ""a policy of extending a country\'s power and influence through colonization, use of military force, or other means"". Imperialism has greatly shaped the contemporary world. It has also allowed for the rapid spread of technologies and ideas. The term imperialism has been applied to Western (and Japanese) political and economic dominance especially in Asia and Africa in the 19th and 20th centuries. Its precise meaning continues to be debated by scholars. ', 'The term ""imperialism"" is often conflated with ""colonialism"", however many scholars have argued that each have their own distinct definition. Imperialism and colonialism have been used in order to describe one\'s superiority, domination and influence upon a person or group of people. Robert Young writes that while imperialism operates from the center, is a state policy and is developed for ideological as well as financial reasons, colonialism is simply the development for settlement or commercial intentions. Colonialism in modern usage also tends to imply a degree of geographic separation between the colony and the imperial power. Particularly, Edward Said distinguishes the difference between imperialism and colonialism by stating; ""imperialism involved \'the practice, the theory and the attitudes of a dominating metropolitan center ruling a distant territory\', while colonialism refers to the \'implanting of settlements on a distant territory.\' Contiguous land empires such as the Russian or Ottoman are generally excluded from discussions of colonialism.:116 Thus it can be said that imperialism includes some form of colonialism, but colonialism itself does not automatically imply imperialism, as it lacks a political focus.', 'Imperialism is defined as ""A policy of extending a country’s power and influence through diplomacy or military force."" Imperialism is particularly focused on the control that one group, often a state power, has on another group of people. This is often through various forms of ""othering"" (see other) based on racial, religious, or cultural stereotypes. ', 'The definition of imperialism has not been finalized for centuries and was confusedly seen to represent the policies of major powers, or simply, general-purpose aggressiveness. Further on, some writers[who?] used the term imperialism, in slightly more discriminating fashion, to mean all kinds of domination or control by a group of people over another. To clear out this confusion about the definition of imperialism one could speak of ""formal"" and ""informal"" imperialism, the first meaning physical control or ""full-fledged colonial rule"" while the second implied less direct rule though still containing perceivable kinds of dominance. Informal rule is generally less costly than taking over territories formally. ', 'The Age of Imperialism, a time period beginning around 1700, saw (generally European) industrializing nations engaging in the process of colonizing, influencing, and annexing other parts of the world in order to gain political power.[citation needed] Although imperialist practices have existed for thousands of years, the term ""Age of Imperialism"" generally refers to the activities of European powers from the early 18th century through to the middle of the 20th century, for example, the ""The Great Game"" in Persian lands, the ""Scramble for Africa"" and the ""Open Door Policy"" in China.']","Othering based on racial, religious, or cultural stereotypes.",othering,1.0,0.48237715284782445
What programs are broadcast from the Times Square Studios for ABC?,"['ABC also owns the Times Square Studios at 1500 Broadway on land in Times Square owned by a development fund for the 42nd Street Project; opened in 1999, Good Morning America and Nightline are broadcast from this particular facility. ABC News has premises a little further on West 66th Street, in a six-story building occupying a 196 feet (60 m) × 379 feet (116 m) plot at 121–135 West End Avenue. ', 'As a result, television series were produced by ABC Circle Films beginning in 1962 and by Touchstone Television beginning in 1985, before Touchstone was reorganized as ABC Studios in February 2007. Since the 1950s, ABC has had two main production facilities: the ABC Television Center (now The Prospect Studios) on Prospect Avenue in Hollywood, California, shared with the operations of KABC-TV until 1999; and the ABC Television Center, East, a set of studios located throughout the New York City.', ""ABC's daytime schedule currently features talk shows The View and The Chew, and the soap opera General Hospital, the latter of which is the longest-running entertainment program in the history of the ABC television network, having aired since 1963. ABC also broadcasts the morning news program Good Morning America and has done so since 1975, though that program is not considered to be part of the ABC Daytime block. In addition to the long-running All My Children (1970–2011) and One Life to Live (1968–2012), notable past soap operas seen on the daytime lineup include Ryan's Hope, Dark Shadows, Loving, The City and Port Charles. "", 'In 1981, ABC (through its ABC Video Services division) launched the Alpha Repertory Television Service (ARTS), a cable channel operated as a joint venture with the Hearst Corporation offering cultural and arts programming, which aired as a nighttime service over the channel space of Nickelodeon.', 'Similar to sister network ESPN\'s WatchESPN service (which originated the ""WATCH"" brand used by the streaming services of Disney\'s television networks), live streams of ABC stations are only available to authenticated subscribers of participating pay television providers in certain markets. New York City O&O WABC-TV and Philadelphia O&O WPVI-TV were the first stations to offer streams of their programming on the service (with a free preview for non-subscribers through June 2013), with the six remaining ABC O&Os offering streams by the start of the 2013–14 season. Hearst Television also reached a deal to offer streams of its ABC affiliates (including stations in Boston, Kansas City, Milwaukee and West Palm Beach) on the service.']",Good Morning America and Nightline,Good Morning America and Nightline,0.5,0.6613550095472647
From which period did the objects in the Soulages collection come from?,"['The Soulages collection of Italian and French Renaissance objects was acquired between 1859 and 1865, and includes several cassone. The John Jones Collection of French 18th-century art and furnishings was left to the museum in 1882, then valued at £250,000. One of the most important pieces in this collection is a marquetry commode by the ébéniste Jean Henri Riesener dated c1780. Other signed pieces of furniture in the collection include a bureau by Jean-François Oeben, a pair of pedestals with inlaid brass work by André Charles Boulle, a commode by Bernard Vanrisamburgh and a work-table by Martin Carlin. Other 18th-century ébénistes represented in the Museum collection include Adam Weisweiler, David Roentgen, Gilles Joubert & Pierre Langlois. In 1901, Sir George Donaldson donated several pieces of art Nouveau furniture to the museum, which he had acquired the previous year at the Paris Exposition Universelle. ', ""One of the rarest items in the collection is the 58 cm high Gloucester Candlestick, dated to c1110, made from gilt bronze; with highly elaborate and intricate intertwining branches containing small figures and inscriptions, it is a tour de force of bronze casting. Also of importance is the Becket Casket dated c1180 to contain relics of St Thomas Becket, made from gilt copper, with enamelled scenes of the saint's martyrdom. Another highlight is the 1351 Reichenau Crozier. The Burghley Nef, a salt-cellar, French, dated 1527–28, uses a nautilus shell to form the hull of a vessel, which rests on the tail of a parcelgilt mermaid, who rests on a hexagonal gilt plinth on six claw-and-ball feet. Both masts have main and top-sails, and battlemented fighting-tops are made from gold. "", 'The jewellery collection, containing over 6000 items is one of the finest and most comprehensive collections of jewellery in the world and includes works dating from Ancient Egypt to the present day, as well as jewellery designs on paper. The museum owns pieces by renowned jewelers Cartier, Jean Schlumberger, Peter Carl Fabergé, Hemmerle and Lalique. ', ""Some of the most outstanding stained glass, dated 1243–48 comes from the Sainte-Chapelle, is displayed along with other examples in the new Medieval & Renaissance galleries. The important 13th-century glass beaker known as the Luck of Edenhall is also displayed in these galleries. Examples of British stained glass are displayed in the British Galleries. One of the most spectacular items in the collection is the chandelier by Dale Chihuly in the rotunda at the Museum's main entrance."", ""There are over 10,000 objects made from silver or gold in the collection, the display (about 15% of the collection) is divided into secular and sacred covering both Christian (Roman Catholic, Anglican and Greek Orthodox) and Jewish liturgical vessels and items. The main silver gallery is divided into these areas: British silver pre-1800; British silver 1800 to 1900; modernist to contemporary silver; European silver. The collection includes the earliest known piece of English silver with a dated hallmark, a silver gilt beaker dated 1496–97. Silversmiths' whose work is represented in the collection include Paul de Lamerie and Paul Storr whose Castlereagh Inkstand dated 1817–19 is one of his finest works. The main iron work gallery covers European wrought and cast iron from the mediaeval period to the early 20th century. The master of wrought ironwork Jean Tijou is represented by both examples of his work and designs on paper. One of the largest items is the Hereford Screen, weighing nearly 8 tonnes, 10.5 metres high and 11 metres wide, designed by Sir George Gilbert Scott in 1862 for the chancel in Hereford Cathedral, from which it was removed in 1967. It was made by Skidmore & Company. ""]",The Soulages collection of Italian and French Renaissance objects was acquired between 1859 and 1865.,Italian and French Renaissance,1.0,0.8471398562913578
What rules does the IPCC have to follow?,"[""Since the IPCC does not carry out its own research, it operates on the basis of scientific papers and independently documented results from other scientific bodies, and its schedule for producing reports requires a deadline for submissions prior to the report's final release. In principle, this means that any significant new evidence or events that change our understanding of climate science between this deadline and publication of an IPCC report cannot be included. In an area of science where our scientific understanding is rapidly changing, this has been raised as a serious shortcoming in a body which is widely regarded as the ultimate authority on the science. However, there has generally been a steady evolution of key findings and levels of scientific confidence from one assessment report to the next."", 'The IPCC produces reports that support the United Nations Framework Convention on Climate Change (UNFCCC), which is the main international treaty on climate change. The ultimate objective of the UNFCCC is to ""stabilize greenhouse gas concentrations in the atmosphere at a level that would prevent dangerous anthropogenic [i.e., human-induced] interference with the climate system"". IPCC reports cover ""the scientific, technical and socio-economic information relevant to understanding the scientific basis of risk of human-induced climate change, its potential impacts and options for adaptation and mitigation.""', 'The IPCC does not carry out research nor does it monitor climate related data. Lead authors of IPCC reports assess the available information about climate change based on published sources. According to IPCC guidelines, authors should give priority to peer-reviewed sources. ', 'The Intergovernmental Panel on Climate Change (IPCC) is a scientific intergovernmental body under the auspices of the United Nations, set up at the request of member governments. It was first established in 1988 by two United Nations organizations, the World Meteorological Organization (WMO) and the United Nations Environment Programme (UNEP), and later endorsed by the United Nations General Assembly through Resolution 43/53. Membership of the IPCC is open to all members of the WMO and UNEP. ', 'The IPCC Panel is composed of representatives appointed by governments and organizations. Participation of delegates with appropriate expertise is encouraged. Plenary sessions of the IPCC and IPCC Working groups are held at the level of government representatives. Non Governmental and Intergovernmental Organizations may be allowed to attend as observers. Sessions of the IPCC Bureau, workshops, expert and lead authors meetings are by invitation only. Attendance at the 2003 meeting included 350 government officials and climate change experts. After the opening ceremonies, closed plenary sessions were held. ']","The IPCC must follow the guidelines that prioritize peer-reviewed sources and operate on the basis of scientific papers and independently documented results from other scientific bodies. They must also adhere to a schedule for producing reports that requires a deadline for submissions prior to the report's final release, which means they cannot include any significant new evidence or events that change our understanding of climate science between this deadline and publication. Additionally, they do not carry out research nor monitor climate-related data themselves; instead, they assess the available information based on published sources.",the Financial Regulations and Rules of the WMO,0.8571428571428571,0.686343256275836
What does the IPCC not do?,"[""Since the IPCC does not carry out its own research, it operates on the basis of scientific papers and independently documented results from other scientific bodies, and its schedule for producing reports requires a deadline for submissions prior to the report's final release. In principle, this means that any significant new evidence or events that change our understanding of climate science between this deadline and publication of an IPCC report cannot be included. In an area of science where our scientific understanding is rapidly changing, this has been raised as a serious shortcoming in a body which is widely regarded as the ultimate authority on the science. However, there has generally been a steady evolution of key findings and levels of scientific confidence from one assessment report to the next."", 'The IPCC does not carry out research nor does it monitor climate related data. Lead authors of IPCC reports assess the available information about climate change based on published sources. According to IPCC guidelines, authors should give priority to peer-reviewed sources. ', 'The lockstep situation of the IPCC is having built a broad science consensus while states and governments still follow different, if not opposing goals. The underlying linear model of policy-making of more knowledge we have, the better the political response will be is being doubted.', 'The IPCC produces reports that support the United Nations Framework Convention on Climate Change (UNFCCC), which is the main international treaty on climate change. The ultimate objective of the UNFCCC is to ""stabilize greenhouse gas concentrations in the atmosphere at a level that would prevent dangerous anthropogenic [i.e., human-induced] interference with the climate system"". IPCC reports cover ""the scientific, technical and socio-economic information relevant to understanding the scientific basis of risk of human-induced climate change, its potential impacts and options for adaptation and mitigation.""', 'The IPCC concentrates its activities on the tasks allotted to it by the relevant WMO Executive Council and UNEP Governing Council resolutions and decisions as well as on actions in support of the UNFCCC process. While the preparation of the assessment reports is a major IPCC function, it also supports other activities, such as the Data Distribution Centre and the National Greenhouse Gas Inventories Programme, required under the UNFCCC. ']",The IPCC does not carry out its own research nor does it monitor climate-related data.,does not carry out research nor does it monitor climate related data,1.0,0.70201228094465
What work of Luther's is seen as a clear religious teaching?,"['Luther came to understand justification as entirely the work of God. This teaching by Luther was clearly expressed in his 1525 publication On the Bondage of the Will, which was written in response to On Free Will by Desiderius Erasmus (1524). Luther based his position on predestination on St. ', '[...] For reason is the greatest enemy that faith has; it never comes to the aid of spiritual things."" However, though seemingly contradictorily, he also wrote in the latter work that human reason ""strives not against faith, when enlightened, but rather furthers and advances it"", bringing claims he was a fideist into dispute. Contemporary Lutheran scholarship, however, has found a different reality in Luther. Luther rather seeks to separate faith and reason in order to honor the separate spheres of knowledge that each applies to. Bernhard Lohse, for example, has demonstrated in his classic work ""Fides und Ratio"" that Luther ultimately sought to put the two together. More recently, Hans-Peter Grosshans has demonstrated that Luther\'s work on Biblical Criticism stresses the need for external coherence in the right exegetical method. This means that for Luther it is more important that the Bible is reasonable according to the reality outside of the scriptures than that the Bible makes sense to itself, that it has internal coherence. The right tool for understanding the world outside of the Bible for Luther is none other than reason, which for him is the field of science, philosophy, history and empirical observation. Here a different picture is presented of a Luther who deeply valued both faith and reason, and held them in dialectical partnership. Luther\'s concern thus in separating them is honoring their different epistemological spheres.', ""Luther taught that salvation and subsequently eternal life is not earned by good deeds but is received only as a free gift of God's grace through faith in Jesus Christ as redeemer from sin. His theology challenged the authority and office of the Pope by teaching that the Bible is the only source of divinely revealed knowledge from God and opposed sacerdotalism by considering all baptized Christians to be a holy priesthood. "", ""The Small Catechism has earned a reputation as a model of clear religious teaching. It remains in use today, along with Luther's hymns and his translation of the Bible."", ""Some reformers, including followers of Huldrych Zwingli, considered Luther's service too papistic; and modern scholars note the conservatism of his alternative to the Catholic mass. Luther's service, however, included congregational singing of hymns and psalms in German, as well as of parts of the liturgy, including Luther's unison setting of the Creed. To reach the simple people and the young, Luther incorporated religious instruction into the weekday services in the form of the catechism. He also provided simplified versions of the baptism and marriage services.""]",The Small Catechism,Small Catechism,1.0,0.5496602155389839
What work is useful for pastors?,"['Deacons give leadership, preach the Word, contribute in worship, conduct marriages, bury the dead, and aid the church in embodying its mission within the world. Deacons assist elders in the sacraments of Holy Communion and Baptism, and may be granted sacramental authority if they are appointed as the pastor in a local church. Deacons serve a term of 2–3 years as provisional deacons prior to their ordination.', 'Like other historic Christian churches, The United Methodist Church has official liturgies for services of Holy Communion, baptism, weddings, funerals, ordination, anointing of the sick and daily office prayer services. Some clergy offer healing services, while exorcism is an occasional practice by some clergy in The United Methodist Church in Africa. These services involve the laying on of hands and anointing with oil. Along with these, there are also special services for holy days such as All Saints Day, Ash Wednesday, Maundy Thursday, Good Friday, and Easter Vigil. These services are contained in The United Methodist Hymnal and The United Methodist Book of Worship (1992). ', 'Another position in the United Methodist Church is that of the lay servant. Although not considered clergy, lay speakers often preach during services of worship when an ordained elder, Local Pastor, Associate Member or deacon is unavailable. ', 'Wesleyan theology stands at a unique cross-roads between evangelical and sacramental, between liturgical and charismatic, and between Anglo-Catholic and Reformed theology and practice. It has been characterized as Arminian theology with an emphasis on the work of the Holy Spirit to bring holiness into the life of the participating believer. The United Methodist Church believes in prima scriptura, seeing the Holy Bible as the primary authority in the Church and using sacred tradition, reason, and experience to interpret it, with the aid of the Holy Spirit (see Wesleyan Quadrilateral). Therefore, according to The Book of Discipline, United Methodist theology is at once ""catholic, evangelical, and reformed."" ', 'In his theses and disputations against the antinomians, Luther reviews and reaffirms, on the one hand, what has been called the ""second use of the law,"" that is, the law as the Holy Spirit\'s tool to work sorrow over sin in man\'s heart, thus preparing him for Christ\'s fulfillment of the law offered in the gospel. Luther states that everything that is used to work sorrow over sin is called the law, even if it is Christ\'s life, Christ\'s death for sin, or God\'s goodness experienced in creation. ']",The context does not provide a specific answer to what work is useful for pastors.,Larger Catechism,0.0,0.0
What should a Christian follow in his life?,"[""For Luther, also Christ's life, when understood as an example, is nothing more than an illustration of the Ten Commandments, which a Christian should follow in his or her vocations on a daily basis."", 'On the other hand, Luther also points out that the Ten Commandments – when considered not as God\'s condemning judgment but as an expression of his eternal will, that is, of the natural law – also positively teach how the Christian ought to live. This has traditionally been called the ""third use of the law."" ', ""The Ten Commandments, and the beginnings of the renewed life of Christians accorded to them by the sacrament of baptism, are a present foreshadowing of the believers' future angel-like life in heaven in the midst of this life. Luther's teaching of the Ten Commandments, therefore, has clear eschatological overtones, which, characteristically for Luther, do not encourage world-flight but direct the Christian to service to the neighbor in the common, daily vocations of this perishing world."", 'Paul\'s epistle to the Ephesians 2:8–10. Against the teaching of his day that the righteous acts of believers are performed in cooperation with God, Luther wrote that Christians receive such righteousness entirely from outside themselves; that righteousness not only comes from Christ but actually is the righteousness of Christ, imputed to Christians (rather than infused into them) through faith. ""That is why faith alone makes someone just and fulfills the law,"" he wrote. ""Faith is that which brings the Holy Spirit through the merits of Christ."" Faith, for Luther, was a gift from God; the experience of being justified by faith was ""as though I had been born again."" His entry into Paradise, no less, was a discovery about ""the righteousness of God"" – a discovery that ""the just person"" of whom the Bible speaks (as in Romans 1:17) lives by faith. He explained his concept of ""justification"" in the Smalcald Articles:', 'In keeping with the individualistic nature of most Protestant denominations, the emphasis on being guided in spiritual development is small, with a heavy emphasis placed on heavy reading and personal, Spirit-enlightened interpretation of the Holy Bible.']",A Christian should follow the Ten Commandments in his life.,Ten Commandments,1.0,0.9999999999997552
What type of committee is set down under the SP's standing orders?,"[""There are different committees with their functions set out in different ways. Mandatory Committees are committees which are set down under the Scottish Parliament's standing orders, which govern their remits and proceedings. The current Mandatory Committees in the fourth Session of the Scottish Parliament are: Public Audit; Equal Opportunities; European and External Relations; Finance; Public Petitions; Standards, Procedures and Public Appointments; and Delegated Powers and Law Reform."", 'Under the Standing Orders of the Parliament the Bureau consists of the Presiding Officer and one representative from each political parties with five or more seats in the Parliament. Amongst the duties of the Bureau are to agree the timetable of business in the chamber, establish the number, remit and membership of parliamentary committees and regulate the passage of legislation (bills) through the Parliament. The Presiding Officer also represents the Scottish Parliament at home and abroad in an official capacity.', 'A further type of committee is normally set up to scrutinise private bills submitted to the Scottish Parliament by an outside party or promoter who is not a member of the Scottish Parliament or Scottish Government. ', 'Subject Committees are established at the beginning of each parliamentary session, and again the members on each committee reflect the balance of parties across Parliament. ', 'Each sitting day, normally at 5 pm, MSPs decide on all the motions and amendments that have been moved that day. This ""Decision Time"" is heralded by the sounding of the division bell, which is heard throughout the Parliamentary campus and alerts MSPs who are not in the chamber to return and vote. At Decision Time, the Presiding Officer puts questions on the motions and amendments by reading out the name of the motion or amendment as well as the proposer and asking ""Are we all agreed?"", to which the chamber first votes orally. ']",Mandatory Committees,Mandatory,1.0,0.6869112283397678
When was the prime number theorem proven?,"['However, the distribution of primes, that is to say, the statistical behaviour of primes in the large, can be modelled. The first result in that direction is the prime number theorem, proven at the end of the 19th century, which says that the probability that a given, randomly chosen number n is prime is inversely proportional to its number of digits, or to the logarithm of n.', ""After the Greeks, little happened with the study of prime numbers until the 17th century. In 1640 Pierre de Fermat stated (without proof) Fermat's little theorem (later proved by Leibniz and Euler). Fermat also conjectured that all numbers of the form 22n + 1 are prime (they are called Fermat numbers) and he verified this up to n = 4 (or 216 + 1). However, the very next Fermat number 232 + 1 is composite (one of its prime factors is 641), as Euler discovered later, and in fact no further Fermat numbers are known to be prime. The French monk Marin Mersenne looked at primes of the form 2p − 1, with p a prime. "", ""Euclid's Elements (circa 300 BC) contain important theorems about primes, including the infinitude of primes and the fundamental theorem of arithmetic. Euclid also showed how to construct a perfect number from a Mersenne prime. The Sieve of Eratosthenes, attributed to Eratosthenes, is a simple method to compute primes, although the large primes found today with computers are not generated this way."", ""In addition to the Riemann hypothesis, many more conjectures revolving about primes have been posed. Often having an elementary formulation, many of these conjectures have withstood a proof for decades: all four of Landau's problems from 1912 are still unsolved. One of them is Goldbach's conjecture, which asserts that every even integer n greater than 2 can be written as a sum of two primes. As of February 2011[update], this conjecture has been verified for all numbers up to n = 2 · 1017. Weaker statements than this have been proven, for example Vinogradov's theorem says that every sufficiently large odd integer can be written as a sum of three primes. Chen's theorem says that every sufficiently large even number can be expressed as the sum of a prime and a semiprime, the product of two primes. Also, any even integer can be written as the sum of six primes. "", 'Most early Greeks did not even consider 1 to be a number, so they could not consider it to be a prime. By the Middle Ages and Renaissance many mathematicians included 1 as the first prime number. In the mid-18th century Christian Goldbach listed 1 as the first prime in his famous correspondence with Leonhard Euler -- who did not agree. In the 19th century many mathematicians still considered the number 1 to be a prime. ']",At the end of the 19th century.,at the end of the 19th century,1.0,0.48962613466616833
"Though unkown, what are the most commonly ascribed attributes of L in relation to P","['Similarly, it is not known if L (the set of all problems that can be solved in logarithmic space) is strictly contained in P or equal to P. Again, there are many complexity classes between the two, such as NL and NC, and it is not known if they are distinct or equal classes.', 'Many known complexity classes are suspected to be unequal, but this has not been proved. For instance P ⊆ NP ⊆ PP ⊆ PSPACE, but it is possible that P = PSPACE. ', 'If P is not equal to NP, then P is not equal to PSPACE either. Since there are many known complexity classes between P and PSPACE, such as RP, BPP, PP, BQP, MA, PH, etc., it is possible that all these complexity classes collapse to one class. Proving that any of these classes are unequal would be a major breakthrough in complexity theory.', 'It is believed that NP is not equal to co-NP; however, it has not yet been proven. It has been shown that if these two complexity classes are not equal then P is not equal to NP.', 'The complexity class P is often seen as a mathematical abstraction modeling those computational tasks that admit an efficient algorithm. This hypothesis is called the Cobham–Edmonds thesis. ']",The most commonly ascribed attributes of L in relation to P are that L is not known to be strictly contained in P or equal to P. It is uncertain whether L is a subset of P or if they are the same class.,strictly contained in P or equal to P,1.0,0.0
Why is it important to precisely date rocks within the stratigraphic section? ,"['Previously, geologists could only use fossils and stratigraphic correlation to date sections of rock relative to one another. With isotopic dates it became possible to assign absolute ages to rock units, and these absolute dates could be applied to fossil sequences in which there was datable material, converting the old relative ages into new absolute ages.', 'In the laboratory, biostratigraphers analyze rock samples from outcrop and drill cores for the fossils found in them. These fossils help scientists to date the core and to understand the depositional environment in which the rock units formed. Geochronologists precisely date rocks within the stratigraphic section in order to provide better absolute bounds on the timing and rates of deposition. Magnetic stratigraphers look for signs of magnetic reversals in igneous rock units within the drill cores. ', 'At the beginning of the 20th century, important advancement in geological science was facilitated by the ability to obtain accurate absolute dates to geologic events using radioactive isotopes and other methods. This changed the understanding of geologic time. ', 'Common methods include uranium-lead dating, potassium-argon dating, argon-argon dating and uranium-thorium dating. These methods are used for a variety of applications. Dating of lava and volcanic ash layers found within a stratigraphic sequence can provide absolute age data for sedimentary rock units which do not contain radioactive isotopes and calibrate relative dating techniques. These methods can also be used to determine ages of pluton emplacement. Thermochemical techniques can be used to determine temperature profiles within the crust, the uplift of mountain ranges, and paleotopography.', 'Structural geologists use microscopic analysis of oriented thin sections of geologic samples to observe the fabric within the rocks which gives information about strain within the crystalline structure of the rocks. They also plot and combine measurements of geological structures in order to better understand the orientations of faults and folds in order to reconstruct the history of rock deformation in the area. ']","Precisely dating rocks within the stratigraphic section is important because it provides better absolute bounds on the timing and rates of deposition, which helps in understanding the geological history and processes of the area.",provide better absolute bounds on the timing and rates of deposition,0.5,0.9738293802500745
What is the term for a hyperactive immune system that attacks normal tissues?,"[""Hypersensitivity is an immune response that damages the body's own tissues. They are divided into four classes (Type I – IV) based on the mechanisms involved and the time course of the hypersensitive reaction. Type I hypersensitivity is an immediate or anaphylactic reaction, often associated with allergy. Symptoms can range from mild discomfort to death. Type I hypersensitivity is mediated by IgE, which triggers degranulation of mast cells and basophils when cross-linked by antigen. Type II hypersensitivity occurs when antibodies bind to antigens on the patient's own cells, marking them for destruction. This is also called antibody-dependent (or cytotoxic) hypersensitivity, and is mediated by IgG and IgM antibodies. Immune complexes (aggregations of antigens, complement proteins, and IgG and IgM antibodies) deposited in various tissues trigger Type III hypersensitivity reactions. Type IV hypersensitivity (also known as cell-mediated or delayed type hypersensitivity) usually takes between two and three days to develop. Type IV reactions are involved in many autoimmune and infectious diseases, but may also involve contact dermatitis (poison ivy). "", 'Overactive immune responses comprise the other end of immune dysfunction, particularly the autoimmune disorders. Here, the immune system fails to properly distinguish between self and non-self, and attacks part of the body. ', 'Natural killer cells, or NK cells, are a component of the innate immune system which does not directly attack invading microbes. Rather, NK cells destroy compromised host cells, such as tumor cells or virus-infected cells, recognizing such cells by a condition known as ""missing self."" This term describes cells with low levels of a cell-surface marker called MHC I (major histocompatibility complex) – a situation that can arise in viral infections of host cells. They were named ""natural killer"" because of the initial notion that they do not require activation in order to kill cells that are ""missing self."" ', 'In contrast, during wake periods differentiated effector cells, such as cytotoxic natural killer cells and CTLs (cytotoxic T lymphocytes), peak in order to elicit an effective response against any intruding pathogens. As well during awake active times, anti-inflammatory molecules, such as cortisol and catecholamines, peak. ', ""The immune system is a system of many biological structures and processes within an organism that protects against disease. To function properly, an immune system must detect a wide variety of agents, known as pathogens, from viruses to parasitic worms, and distinguish them from the organism's own healthy tissue. ""]",Autoimmune disorders,autoimmunity,0.0,0.6002766706479791
Who's satellites would the new free-to-air channels be broadcast from?,"['Provided is a universal Ku band LNB (9.75/10.600 GHz) which is fitted at the end of the dish and pointed at the correct satellite constellation; most digital receivers will receive the free to air channels. Some broadcasts are free-to-air and unencrypted, some are encrypted but do not require a monthly subscription (known as free-to-view), some are encrypted and require a monthly subscription, and some are pay-per-view services. ', ""The service started on 1 September 1993 based on the idea from the then chief executive officer, Sam Chisholm and Rupert Murdoch, of converting the company business strategy to an entirely fee-based concept. The new package included four channels formerly available free-to-air, broadcasting on Astra's satellites, as well as introducing new channels. "", ""While BSkyB had been excluded from being a part of the ONdigital consortium, thereby making them a competitor by default, BSkyB was able to join ITV Digital's free-to-air replacement, Freeview, in which it holds an equal stake with the BBC, ITV, Channel 4 and National Grid Wireless. Prior to October 2005, three BSkyB channels were available on this platform: Sky News, Sky Three, and Sky Sports News. "", 'On 8 February 2007, BSkyB announced its intention to replace its three free-to-air digital terrestrial channels with four subscription channels. ', ""When Sky Digital was launched in 1998 the new service used the Astra 2A satellite which was located at the 28.5°E orbital position, unlike the analogue service which was broadcast from 19.2°E. This was subsequently followed by more Astra satellites as well as Eutelsat's Eurobird 1 (now Eutelsat 33C) at 28.5°E), enabled the company to launch a new all-digital service, Sky, with the potential to carry hundreds of television and radio channels. ""]",Astra's satellites,Astra,1.0,0.5716809460284137
What was the first international event broadcast by ABC?,"[""The first attempts to internationalize the ABC television network date back to the 1950s, after Leonard Goldenson, following the United Paramount Theatres model, tried to use on ABC the same strategies he had made in expanding UPT's theater operation to the international market. Leonard Goldenson said that ABC's first international activity was broadcasting the coronation of Queen Elizabeth II in June 1953; CBS and NBC were unable to cover the coronation live due to respective issues with technical problems and flight delays. NBC's plane landed in Latin America[where?"", ""The policy regarding wholly owned international networks was revived in 2004 when on September 27 of that year, ABC announced the launch of ABC1, a free-to-air channel in the United Kingdom owned by the ABC Group. However, on September 8, 2007, Disney announced that it would discontinue ABC1 citing to the channel's inability to attain sustainable viewership. With ABC1's shutdown that October, the company's attempt to develop ABC International were discontinued."", 'ABC originally launched on October 12, 1943 as a radio network, separated from and serving as the successor to the NBC Blue Network, which had been purchased by Edward J. Noble. It extended its operations to television in 1948, following in the footsteps of established broadcast networks CBS and NBC. ', ""Always in search of new programs that would help it compete with NBC and CBS, ABC's management believed that sports could be a major catalyst in improving the network's market share. On April 29, 1961, ABC debuted Wide World of Sports, an anthology series created by Edgar Scherick through his company Sports Programs, Inc. and produced by a young Roone Arledge which featured a different sporting event each broadcast. "", 'The arrival of satellite television ended the need for ABC to hold interests in other countries; many governments also wanted to increase their independence and strengthen legislation to limit foreign ownership of broadcasting properties. As a result, ABC was forced to sell all of its interests in international networks, mainly in Japan and Latin America, in the 1970s.']",The coronation of Queen Elizabeth II in June 1953.,coronation of Queen Elizabeth II,1.0,0.5145554545193799
What was the average cost for a 30 second commercial during Super Bowl 50?,"['CBS set the base rate for a 30-second advertisement at $5,000,000, a record high price for a Super Bowl ad. As of January 26, the advertisements had not yet sold out. ', 'CBS broadcast Super Bowl 50 in the U.S., and charged an average of $5 million for a 30-second commercial during the game. The Super Bowl 50 halftime show was headlined by the British rock group Coldplay with special guest performers Beyoncé and Bruno Mars, who headlined the Super Bowl XLVII and Super Bowl XLVIII halftime shows, respectively. It was the third-most watched U.S. ', ""Super Bowl 50 featured numerous records from individuals and teams. Denver won despite being massively outgained in total yards (315 to 194) and first downs (21 to 11). Their 194 yards and 11 first downs were both the lowest totals ever by a Super Bowl winning team. The previous record was 244 yards by the Baltimore Ravens in Super Bowl XXXV. Only seven other teams had ever gained less than 200 yards in a Super Bowl, and all of them had lost. The Broncos' seven sacks tied a Super Bowl record set by the Chicago Bears in Super Bowl XX. Kony Ealy tied a Super Bowl record with three sacks. Jordan Norwood's 61-yard punt return set a new record, surpassing the old record of 45 yards set by John Taylor in Super Bowl XXIII. Denver was just 1-of-14 on third down, while Carolina was barely better at 3-of-15. "", ""Super Bowl 50 was an American football game to determine the champion of the National Football League (NFL) for the 2015 season. The American Football Conference (AFC) champion Denver Broncos defeated the National Football Conference (NFC) champion Carolina Panthers 24–10 to earn their third Super Bowl title. The game was played on February 7, 2016, at Levi's Stadium in the San Francisco Bay Area at Santa Clara, California. "", 'CBS mandated that all advertisers purchase a package covering time on both the television and digital broadcasts of the game, meaning that for the first time, digital streams of the game would carry all national advertising in pattern with the television broadcast. This would be the final year in a multi-year contract with Anheuser-Busch InBev that allowed the beer manufacturer to air multiple advertisements during the game at a steep discount. It was also the final year that Doritos, a longtime sponsor of the game, held its ""Crash the Super Bowl"" contest that allowed viewers to create their own Doritos ads for a chance to have it aired during the game. Nintendo and The Pokémon Company also made their Super Bowl debut, promoting the 20th anniversary of the Pokémon video game and media franchise.']",$5 million,$5 million,1.0,0.5130443310993755
How long has the concept of legal certainty been recognized as one of the general principles by the EU law?,"['The concept of legal certainty is recognised one of the general principles of European Union law by the European Court of Justice since the 1960s. It is an important general principle of international law and public law, which predates European Union law. As a general principle in European Union law it means that the law must be certain, in that it is clear and precise, and its legal implications foreseeable, specially when applied to financial obligations. The adoption of laws which will have legal effect in the European Union must have a proper legal basis. Legislation in member states which implements European Union law must be worded so that it is clearly understandable by those who are subject to the law. In European Union law the general principle of legal certainty prohibits Ex post facto laws, i.e. ', 'Accepted general principles of European Union Law include fundamental rights (see human rights), proportionality, legal certainty, equality before the law and subsidiarity.', 'The 2007 Lisbon Treaty explicitly recognised fundamental rights by providing in Article 6(1) that ""The Union recognises the rights, freedoms and principles set out in the Charter of Fundamental Rights of the European Union of 7 December 2000, as adopted at Strasbourg on 12 December 2007, which shall have the same legal value as the Treaties."" Therefore, the Charter of Fundamental Rights of the European Union has become an integral part of European Union law, codifying the fundamental rights which were previously considered general principles of European Union law. ', 'laws should not take effect before they are published. The doctrine of legitimate expectation, which has its roots in the principles of legal certainty and good faith, is also a central element of the general principle of legal certainty in European Union law. The legitimate expectation doctrine holds that and that ""those who act in good faith on the basis of law as it is or seems to be should not be frustrated in their expectations"".', 'The principles of European Union law are rules of law which have been developed by the European Court of Justice that constitute unwritten rules which are not expressly provided for in the treaties but which affect how European Union law is interpreted and applies. In formulating these principles, the courts have drawn on a variety of sources, including: public international law and legal doctrines and principles present in the legal systems of European Union member states and in the jurisprudence of the European Court of Human Rights. ']",The concept of legal certainty has been recognized as one of the general principles of European Union law since the 1960s.,since the 1960s,1.0,0.9675571883636062
How was the efficiency of a steam engine typically evaluated?,"['The most useful instrument for analyzing the performance of steam engines is the steam engine indicator. Early versions were in use by 1851, but the most successful indicator was developed for the high speed engine inventor and manufacturer Charles Porter by Charles Richard and exhibited at London Exhibition in 1862. The steam engine indicator traces on paper the pressure in the cylinder throughout the cycle, which can be used to spot various problems and calculate developed horsepower. It was routinely used by engineers, mechanics and insurance inspectors. ', ""Although the reciprocating steam engine is no longer in widespread commercial use, various companies are exploring or exploiting the potential of the engine as an alternative to internal combustion engines. The company Energiprojekt AB in Sweden has made progress in using modern materials for harnessing the power of steam. The efficiency of Energiprojekt's steam engine reaches some 27-30% on high-pressure engines. It is a single-step, 5-cylinder engine (no compound) with superheated steam and consumes approx. 4 kg (8.8 lb) of steam per kWh."", 'The final major evolution of the steam engine design was the use of steam turbines starting in the late part of the 19th century. Steam turbines are generally more efficient than reciprocating piston type steam engines (for outputs above several hundred horsepower), have fewer moving parts, and provide rotary power directly instead of through a connecting rod system or similar means. Steam turbines virtually replaced reciprocating engines in electricity generating stations early in the 20th century, where their efficiency, higher speed appropriate to generator service, and smooth rotation were advantages. Today most electric power is provided by steam turbines. ', 'Otherwise, the improvements to the engine itself were more mechanical in nature. The thermodynamic concepts of the Rankine cycle did give engineers the understanding needed to calculate efficiency which aided the development of modern high-pressure and -temperature boilers and the steam turbine.', 'Compound engines exhausted steam in to successively larger cylinders to accommodate the higher volumes at reduced pressures, giving improved efficiency. These stages were called expansions, with double and triple expansion engines being common, especially in shipping where efficiency was important to reduce the weight of coal carried. Steam engines remained the dominant source of power until the early 20th century, when advances in the design of electric motors and internal combustion engines gradually resulted in the replacement of reciprocating (piston) steam engines, with shipping in the 20th-century relying upon the steam turbine.']","The efficiency of a steam engine was typically evaluated using the steam engine indicator, which traced the pressure in the cylinder throughout the cycle on paper. This allowed engineers, mechanics, and insurance inspectors to spot various problems and calculate developed horsepower.",duty,0.75,0.9999999999998019
What company owns the American Broadcasting Company?,"['The American Broadcasting Company (ABC) (stylized in its logo as abc since 1957) is an American commercial broadcast television network that is owned by the Disney–ABC Television Group, a subsidiary of Disney Media Networks division of The Walt Disney Company. The network is part of the Big Three television networks. ', 'The Commission authorized the transaction on October 12, 1943. Soon afterward, the Blue Network was purchased by the new company Noble founded, the American Broadcasting System. Noble subsequently acquired the rights to the ""American Broadcasting Company"" name from George B. Storer in 1944; its parent company adopted the corporate name American Broadcasting Companies, Inc. Woods retained his position as president and CEO of ABC until December 1949, and was subsequently promoted to vice-chairman of the board before leaving ABC altogether on June 30, 1951.', 'The Sinclair Broadcast Group is the largest operator of ABC stations by numerical total, owning or providing services to 28 ABC affiliates and two additional subchannel-only affiliates; Sinclair owns the largest ABC subchannel affiliate by market size, WABM-DT2/WDBB-DT2 in the Birmingham market, which serve as repeaters of WBMA-LD (the largest low-power ""Big Four"" affiliate by market size, which itself is also simulcast on a subchannel of former WBMA satellite WGWW, owned by Sinclair partner company Howard Stirk Holdings). The E. W. Scripps Company is the largest operator of ABC stations in terms of overall market reach, owning 15 ABC-affiliated stations (including affiliates in larger markets such as Cleveland, Phoenix, Detroit and Denver), and through its ownership of Phoenix affiliate KNXV, Las Vegas affiliate KTNV-TV and Tucson affiliate KGUN-TV, the only provider of ABC programming for the majority of Arizona (outside of the Yuma-El Centro market) and Southern Nevada.', ""In 1952, when the release of the FCC's Sixth Report and Order announced the end of its freeze on new station license applications, among the issues the Commission was slated to address was whether to approve the UPT-ABC merger. One FCC Commissioner saw the possibility of ABC, funded by UPT, becoming a viable and competitive third television network. On February 9, 1953, the FCC approved UPT's purchase of ABC in exchange for $25 million in shares. The merged company, renamed American Broadcasting-Paramount Theatres, Inc. and headquartered in the Paramount Building at 1501 Broadway in Manhattan, owned six AM and several FM radio stations, five television stations and 644 cinemas in 300 U.S. "", ""cities. To comply with FCC ownership restrictions in effect at the time that barred common ownership of two television stations in the same market, UPT sold its Chicago television station, WBKB-TV, to CBS (which subsequently changed the station's call letters to WBBM-TV) for $6 million, while it kept ABC's existing Chicago station, WENR-TV. The merged company acquired the WBKB call letters for channel 7, which would eventually become WLS-TV. Goldenson began to sell some of the older theaters to help finance the new television network.""]","The American Broadcasting Company (ABC) is owned by the Disney–ABC Television Group, which is a subsidiary of Disney Media Networks division of The Walt Disney Company.",The Walt Disney Company,,0.948989975798184
The V&A library's collection of illuminated manuscripts are dated to which centuries?,"['The V&A covers 12.5 acres (51,000 m2) and 145 galleries. Its collection spans 5,000 years of art, from ancient times to the present day, from the cultures of Europe, North America, Asia and North Africa. ', 'The sculpture collection at the V&A is the most comprehensive holding of post-classical European sculpture in the world. There are approximately 22,000 objects in the collection that cover the period from about 400 AD to 1914. ', 'The V&A Theatre & Performance galleries, formerly the Theatre Museum, opened in March 2009. The collections are stored by the V&A, and are available for research, exhibitions and other shows. ', 'The Victoria and Albert Museum (often abbreviated as the V&A), London, is the world\'s largest museum of decorative arts and design, housing a permanent collection of over 4.5 million objects. It was founded in 1852 and named after Queen Victoria and Prince Albert. The V&A is located in the Brompton district of the Royal Borough of Kensington and Chelsea, in an area that has become known as ""Albertopolis"" because of its association with Prince Albert, the Albert Memorial and the major cultural institutions with which he was associated. These include the Natural History Museum, the Science Museum and the Royal Albert Hall. ', 'Writers whose papers are in the library are as diverse as Charles Dickens and Beatrix Potter. Illuminated manuscripts in the library dating from the 12th to 16th centuries include: the Eadwine Psalter[citation needed], Canterbury; Pocket Book of Hours, Reims; Missal from the Royal Abbey of Saint Denis, Paris; the Simon Marmion Book of Hours, Bruges; 1524 Charter illuminated by Lucas Horenbout, London; the Armagnac manuscript of the trial and rehabilitation of Joan of Arc, Rouen. ']",The V&A library's collection of illuminated manuscripts are dated to the 12th to 16th centuries.,from the 12th to 16th,,0.9303954539073823
What should the punishment rely on instead in a just society?,"['Along with giving the offender his ""just deserts"", achieving crime control via incapacitation and deterrence is a major goal of criminal punishment. Brownlee argues, ""Bringing in deterrence at the level of justification detracts from the law’s engagement in a moral dialogue with the offender as a rational person because it focuses attention on the threat of punishment and not the moral reasons to follow this law."" Leonard Hubert Hoffmann writes, ""In deciding whether or not to impose punishment, the most important consideration would be whether it would do more harm than good. This means that the objector has no right not to be punished. ', 'Robert Nozick argued that government redistributes wealth by force (usually in the form of taxation), and that the ideal moral society would be one where all individuals are free from force. However, Nozick recognized that some modern economic inequalities were the result of forceful taking of property, and a certain amount of redistribution would be justified to compensate for this force but not because of the inequalities themselves. John Rawls argued in A Theory of Justice that inequalities in the distribution of wealth are only justified when they improve society as a whole, including the poorest members. ', 'One theory is that, while disobedience may be helpful, any great amount of it would undermine the law by encouraging general disobedience which is neither conscientious nor of social benefit. Therefore, conscientious lawbreakers must be punished. ', 'The key point is that the spirit of protest should be maintained all the way, whether it is done by remaining in jail, or by evading it. To accept jail penitently as an accession to \'the rules\' is to switch suddenly to a spirit of subservience, to demean the seriousness of the protest...In particular, the neo-conservative insistence on a guilty plea should be eliminated.""', ""Some civil disobedients feel it is incumbent upon them to accept punishment because of their belief in the validity of the social contract, which is held to bind all to obey the laws that a government meeting certain standards of legitimacy has established, or else suffer the penalties set out in the law. Other civil disobedients who favor the existence of government still don't believe in the legitimacy of their particular government, or don't believe in the legitimacy of a particular law it has enacted. ""]","In a just society, punishment should rely on whether it would do more harm than good, considering the moral reasons to follow the law and the spirit of protest, rather than solely on the threat of punishment or the need to maintain the social contract.",moral reasons to follow this law,0.8,0.8434146889843827
What part of France were the Normans located?,"['The Normans (Norman: Nourmands; French: Normands; Latin: Normanni) were the people who in the 10th and 11th centuries gave their name to Normandy, a region in France. They were descended from Norse (""Norman"" comes from ""Norseman"") raiders and pirates from Denmark, Iceland and Norway who, under their leader Rollo, agreed to swear fealty to King Charles III of West Francia. Through generations of assimilation and mixing with the native Frankish and Roman-Gaulish populations, their descendants would gradually merge with the Carolingian-based cultures of West Francia. ', 'The Normans are noted both for their culture, such as their unique Romanesque architecture and musical traditions, and for their significant military accomplishments and innovations. Norman adventurers founded the Kingdom of Sicily under Roger II after conquering southern Italy on the Saracens and Byzantines, and an expedition on behalf of their duke, William the Conqueror, led to the Norman conquest of England at the Battle of Hastings in 1066. Norman cultural and military influence spread from these new European centres to the Crusader states of the Near East, where their prince Bohemond I founded the Principality of Antioch in the Levant, to Scotland and Wales in Great Britain, to Ireland, and to the coasts of north Africa and the Canary Islands.', 'Norman architecture typically stands out as a new stage in the architectural history of the regions they subdued. They spread a unique Romanesque idiom to England and Italy, and the encastellation of these regions with keeps in their north French style fundamentally altered the military landscape. ', 'The Normans thereafter adopted the growing feudal doctrines of the rest of France, and worked them into a functional hierarchical system in both Normandy and in England. The new Norman rulers were culturally and ethnically distinct from the old French aristocracy, most of whom traced their lineage to Franks of the Carolingian dynasty. Most Norman knights remained poor and land-hungry, and by 1066 Normandy had been exporting fighting horsemen for more than a generation. ', 'The nobility of England were part of a single Normans culture and many had lands on both sides of the channel. Early Norman kings of England, as Dukes of Normandy, owed homage to the King of France for their land on the continent. They considered England to be their most important holding (it brought with it the title of King—an important status symbol).']",Normandy,north,1.0,0.45059444775727303
Who was Frédéric Chopin?,"['Though Chopin was born in the village of Żelazowa Wola, about 60 km (37 mi) from Warsaw, he moved to the city with his family when he was seven months old. Casimir Pulaski, a Polish general and hero of the American Revolutionary War, was born here in 1745.', 'One of the most famous people born in Warsaw was Maria Skłodowska-Curie, who achieved international recognition for her research on radioactivity and was the first female recipient of the Nobel Prize. Famous musicians include Władysław Szpilman and Frédéric Chopin. ', 'Martin Luther (/ˈluːθər/ or /ˈluːðər/; German: [ˈmaɐ̯tiːn ˈlʊtɐ] ( listen); 10 November 1483 – 18 February 1546) was a German professor of theology, composer, priest, former monk and a seminal figure in the Protestant Reformation. Luther came to reject several teachings and practices of the Late Medieval Catholic Church. ', 'Charles Avison, the leading British composer of concertos in the 18th century, was born in Newcastle upon Tyne in 1709 and died there in 1770. Basil Hume, Archbishop of Westminster, was born in the city in 1923. Vice Admiral Cuthbert Collingwood, 1st Baron Collingwood, was born in the city. ', 'Charles W. Eliot, president 1869–1909, eliminated the favored position of Christianity from the curriculum while opening it to student self-direction. While Eliot was the most crucial figure in the secularization of American higher education, he was motivated not by a desire to secularize education, but by Transcendentalist Unitarian convictions. ']",Frédéric Chopin was a famous musician born in Warsaw.,Famous musicians,0.5,0.9187615951584845
What is the name of a Time Lord that Doctor Who has fought?,"['He often finds events that pique his curiosity as he tries to prevent evil forces from harming innocent people or changing history, using only his ingenuity and minimal resources, such as his versatile sonic screwdriver. As a Time Lord, the Doctor has the ability to regenerate when his body is mortally damaged, taking on a new appearance and personality. The Doctor has gained numerous reoccurring enemies during his travels, including the Daleks, the Cybermen, and the Master, another renegade Time Lord.', 'Doctor Who is a British science-fiction television programme produced by the BBC since 1963. The programme depicts the adventures of the Doctor, a Time Lord—a space and time-travelling humanoid alien. ', 'Doctor Who follows the adventures of the primary character, a rogue Time Lord from the planet Gallifrey, who simply goes by the name ""The Doctor"". He fled from Gallifrey in a stolen Mark I Type 40 TARDIS – ""Time and Relative Dimension in Space"" – time machine which allows him to travel across time and space. The TARDIS has a ""chameleon circuit"" which normally allows the machine to take on the appearance of local objects as a disguise. ', 'The First Doctor encounters himself in the story The Space Museum (albeit frozen and as an exhibit), the Third Doctor encounters and interacts with himself in the story Day of the Daleks, the Fourth Doctor encounters and interacts with the future incarnation of himself (the \'Watcher\') in the story Logopolis, the Ninth Doctor observes a former version of his current incarnation in ""Father\'s Day"", and the Eleventh Doctor briefly comes face to face with himself in ""The Big Bang"". In ""The Almost People"" the Doctor comes face-to-face with himself although it is found out that this incarnation is in fact just a flesh replica. In ""The Name of the Doctor"", the Eleventh Doctor meets an unknown incarnation of himself, whom he refers to as ""his secret"" and who is subsequently revealed to be the War Doctor.', 'He explores the universe in his TARDIS, a sentient time-travelling space ship. Its exterior appears as a blue British police box, which was a common sight in Britain in 1963 when the series first aired. Accompanied by companions, the Doctor combats a variety of foes, while working to save civilisations and help people in need.']",The Master,The Master,1.0,0.6671655255141683
Why are researchers struggling to identify the history of the plague?,"['It is recognised that an epidemiological account of the plague is as important as an identification of symptoms, but researchers are hampered by the lack of reliable statistics from this period. Most work has been done on the spread of the plague in England, and even estimates of overall population at the start vary by over 100% as no census was undertaken between the time of publication of the Domesday Book and the year 1377. ', 'The plague theory was first significantly challenged by the work of British bacteriologist J. F. D. Shrewsbury in 1970, who noted that the reported rates of mortality in rural areas during the 14th-century pandemic were inconsistent with the modern bubonic plague, leading him to conclude that contemporary accounts were exaggerations. In 1984 zoologist Graham Twigg produced the first major work to challenge the bubonic plague theory directly, and his doubts about the identity of the Black Death have been taken up by a number of authors, including Samuel K. Cohn, Jr. ', 'In October 2010, the open-access scientific journal PLoS Pathogens published a paper by a multinational team who undertook a new investigation into the role of Yersinia pestis in the Black Death following the disputed identification by Drancourt and Raoult in 1998. They assessed the presence of DNA/RNA with Polymerase Chain Reaction (PCR) techniques for Y. pestis from the tooth sockets in human skeletons from mass graves in northern, central and southern Europe that were associated archaeologically with the Black Death and subsequent resurgences. The authors concluded that this new research, together with prior analyses from the south of France and Germany, "". . ', 'The dominant explanation for the Black Death is the plague theory, which attributes the outbreak to Yersinia pestis, also responsible for an epidemic that began in southern China in 1865, eventually spreading to India. The investigation of the pathogen that caused the 19th-century plague was begun by teams of scientists who visited Hong Kong in 1894, among whom was the French-Swiss bacteriologist Alexandre Yersin, after whom the pathogen was named Yersinia pestis. The mechanism by which Y. pestis was usually transmitted was established in 1898 by Paul-Louis Simond and was found to involve the bites of fleas whose midguts had become obstructed by replicating Y. pestis several days after feeding on an infected host. This blockage results in starvation and aggressive feeding behaviour by the fleas, which repeatedly attempt to clear their blockage by regurgitation, resulting in thousands of plague bacteria being flushed into the feeding site, infecting the host. ', 'In addition to arguing that the rat population was insufficient to account for a bubonic plague pandemic, sceptics of the bubonic plague theory point out that the symptoms of the Black Death are not unique (and arguably in some accounts may differ from bubonic plague); that transference via fleas in goods was likely to be of marginal significance; and that the DNA results may be flawed and might not have been repeated elsewhere, despite extensive samples from other mass graves. Other arguments include the lack of accounts of the death of rats before outbreaks of plague between the 14th and 17th centuries; temperatures that are too cold in northern Europe for the survival of fleas; that, despite primitive transport systems, the spread of the Black Death was much faster than that of modern bubonic plague; that mortality rates of the Black Death appear to be very high; that, while modern bubonic plague is largely endemic as a rural disease, the Black Death indiscriminately struck urban and rural areas; and that the pattern of the Black Death, with major outbreaks in the same areas separated by 5 to 15 years, differs from modern bubonic plague—which often becomes endemic for decades with annual flare-ups.']","Researchers are struggling to identify the history of the plague due to the lack of reliable statistics from the period, inconsistent reported rates of mortality in rural areas, and the absence of a census between the Domesday Book and 1377. Additionally, there are doubts about the identity of the Black Death, with some researchers suggesting that the symptoms and transmission patterns do not align perfectly with modern bubonic plague. There are also concerns about the DNA results from mass graves and the lack of accounts of rat deaths before plague outbreaks.",the lack of reliable statistics from this period,1.0,0.0
When was the colony destroyed?,"['A September 1565 French naval attack against the new Spanish colony at St. Augustine failed when its ships were hit by a hurricane on their way to the Spanish encampment at Fort Matanzas. Hundreds of French soldiers were stranded and surrendered to the numerically inferior Spanish forces led by Pedro Menendez. Menendez proceeded to massacre the defenseless Huguenots, after which he wiped out the Fort Caroline garrison.', 'In 1755, six colonial governors in North America met with General Edward Braddock, the newly arrived British Army commander, and planned a four-way attack on the French. None succeeded and the main effort by Braddock was a disaster; he was defeated in the Battle of the Monongahela on July 9, 1755 and died a few days later. British operations in 1755, 1756 and 1757 in the frontier areas of Pennsylvania and New York all failed, due to a combination of poor management, internal divisions, and effective Canadian scouts, French regular forces, and Indian warrior allies. ', ""In February they launched a daring raid against the position across the frozen Lake George, destroying storehouses and buildings outside the main fortification. In early August, Montcalm and 7,000 troops besieged the fort, which capitulated with an agreement to withdraw under parole. When the withdrawal began, some of Montcalm's Indian allies, angered at the lost opportunity for loot, attacked the British column, killing and capturing several hundred men, women, children, and slaves. The aftermath of the siege may have contributed to the transmission of smallpox into remote Indian populations; as some Indians were reported to have traveled from beyond the Mississippi to participate in the campaign and returned afterward having been exposed to European carriers."", 'Plague repeatedly struck the cities of North Africa. Algiers lost 30 to 50 thousand inhabitants to it in 1620–21, and again in 1654–57, 1665, 1691, and 1740–42. Plague remained a major event in Ottoman society until the second quarter of the 19th century. Between 1701 and 1750, thirty-seven larger and smaller epidemics were recorded in Constantinople, and an additional thirty-one between 1751 and 1800. Baghdad has suffered severely from visitations of the plague, and sometimes two-thirds of its population has been wiped out.', 'Specifically within the year 1636, it is roughly estimated with evidence held by the Society of Antiquaries that 47% of the then population of Newcastle died from the epidemic; this may also have been the most devastating loss in any British City in this period.']",The colony was destroyed in 1565.,1565,0.0,0.9756298063855331
What type of musical instruments did the Yuan bring to China?,"['Western musical instruments were introduced to enrich Chinese performing arts. From this period dates the conversion to Islam, by Muslims of Central Asia, of growing numbers of Chinese in the northwest and southwest. ', 'The Mongols experimented with establishing the Chinese-style paper monetary system in Mongol-controlled territories outside of China. The Yuan minister Bolad was sent to Iran, where he explained Yuan paper money to the Il-khanate court of Gaykhatu. The Il-khanate government issued paper money in 1294, but public distrust of the exotic new currency doomed the experiment.', ""The Mongols' extensive West Asian and European contacts produced a fair amount of cultural exchange. The other cultures and peoples in the Mongol World Empire also very much influenced China. It had significantly eased trade and commerce across Asia until its decline; the communications between Yuan dynasty and its ally and subordinate in Persia, the Ilkhanate, encouraged this development. Buddhism had a great influence in the Yuan government, and the Tibetan-rite Tantric Buddhism had significantly influenced China during this period. The Muslims of the Yuan dynasty introduced Middle Eastern cartography, astronomy, medicine, clothing, and diet in East Asia. Eastern crops such as carrots, turnips, new varieties of lemons, eggplants, and melons, high-quality granulated sugar, and cotton were all either introduced or successfully popularized during the Yuan dynasty."", 'A rich cultural diversity developed during the Yuan dynasty. The major cultural achievements were the development of drama and the novel and the increased use of the written vernacular. The political unity of China and much of central Asia promoted trade between East and West. ', 'The Chinese medical tradition of the Yuan had ""Four Great Schools"" that the Yuan inherited from the Jin dynasty. All four schools were based on the same intellectual foundation, but advocated different theoretical approaches toward medicine. Under the Mongols, the practice of Chinese medicine spread to other parts of the empire. ']","The context does not provide specific information about the types of Western musical instruments introduced to China during the Yuan dynasty. Therefore, I don't know.",Western,0.5,0.0
"Along with trusts, what other non-profits are allowed to run schools in India?","['Legally, only non-profit trusts and societies can run schools in India. They will have to satisfy a number of infrastructure and human resource related criteria to get Recognition (a form of license) from the government. ', ""The other category of schools are those run and partly or fully funded by private individuals, private organizations and religious groups. The ones that accept government funds are called 'aided' schools. The private 'un-aided' schools are fully funded by private parties. The standard and the quality of education is quite high. "", 'In India, private schools are called independent schools, but since some private schools receive financial aid from the government, it can be an aided or an unaided school. So, in a strict sense, a private school is an unaided independent school. For the purpose of this definition, only receipt of financial aid is considered, not land purchased from the government at a subsidized rate. It is within the power of both the union government and the state governments to govern schools since Education appears in the Concurrent list of legislative subjects in the constitution. ', 'Private schools, also known as independent schools, non-governmental, or nonstate schools, are not administered by local, state or national governments; thus, they retain the right to select their students and are funded in whole or in part by charging their students tuition, rather than relying on mandatory taxation through public (government) funding; at some private schools students may be able to get a scholarship, which makes the cost cheaper, depending on a talent the student may have (e.g. sport scholarship, art scholarship, academic scholarship), financial need, or tax credit scholarships that might be available.', 'Non-religious private schools theoretically could qualify for such funding without hassle, preferring the advantages of independent control of their student admissions and course content instead of the public funding they could get with charter status.']",Societies,societies,1.0,0.0
When did Tesla make these claims?,"['In 1900, Tesla was granted patents for a ""system of transmitting electrical energy"" and ""an electrical transmitter."" When Guglielmo Marconi made his famous first-ever transatlantic radio transmission in 1901, Tesla quipped that it was done with 17 Tesla patents, though there is little to support this claim. This was the beginning of years of patent battles over radio with Tesla\'s patents being upheld in 1903, followed by a reverse decision in favor of Marconi in 1904. In 1943, a Supreme Court of the United States decision restored the prior patents of Tesla, Oliver Lodge, and John Stone. The court declared that their decision had no bearing on Marconi\'s claim as the first to achieve radio transmission, just that since Marconi\'s claim to certain patents were questionable, he could not claim infringement on those same patents (there are claims the high court was trying to nullify a World War I claim against the U.S. ', 'Tesla claimed to have developed his own physical principle regarding matter and energy that he started working on in 1892, and in 1937, at age 81, claimed in a letter to have completed a ""dynamic theory of gravity"" that ""[would] put an end to idle speculations and false conceptions, as that of curved space."" He stated that the theory was ""worked out in all details"" and that he hoped to soon give it to the world. ', ""Tesla's theories on the possibility of the transmission by radio waves go back as far as lectures and demonstrations in 1893 in St. Louis, Missouri, the Franklin Institute in Philadelphia, Pennsylvania, and the National Electric Light Association. Tesla's demonstrations and principles were written about widely through various media outlets. "", 'One of the things Tesla developed at that laboratory in 1887 was an induction motor that ran on alternating current, a power system format that was starting to be built in Europe and the United States because of its advantages in long-distance, high-voltage transmission. The motor used polyphase current which generated a rotating magnetic field to turn the motor (a principle Tesla claimed to have conceived in 1882). ', ""In March 1896, after hearing of Wilhelm Röntgen's discovery of X-ray and X-ray imaging (radiography), Tesla proceeded to do his own experiments in X-ray imaging, developing a high energy single terminal vacuum tube of his own design that had no target electrode and that worked from the output of the Tesla Coil (the modern term for the phenomenon produced by this device is bremsstrahlung or braking radiation). In his research, Tesla devised several experimental setups to produce X-rays. ""]",Tesla made these claims in 1937.,1935,1.0,0.9615477636805757
How many people in Quzhou are descended from Confucius?,"[""Confucius's descendants in Quzhou alone number 30,000. During the Yuan dynasty, one of Confucius' descendants moved from China to Goryeo era Korea and established a branch of the family there after marrying a Korean woman."", ""During the Southern Song dynasty the descendant of Confucius at Qufu, the Duke Yansheng Kong Duanyou fled south with the Song Emperor to Quzhou, while the newly established Jin dynasty (1115–1234) in the north appointed Kong Duanyou's brother Kong Duancao who remained in Qufu as Duke Yansheng. From that time up until the Yuan dynasty, there were two Duke Yanshengs, once in the north in Qufu and the other in the south at Quzhou. During the Yuan dynasty, the Emperor Kublai Khan invited the southern Duke Yansheng Kong Zhu to return to Qufu. Kong Zhu refused, and gave up the title, so the northern branch of the family kept the title of Duke Yansheng. The southern branch still remained in Quzhou where they lived to this day. "", 'Kublai built schools for Confucian scholars, issued paper money, revived Chinese rituals, and endorsed policies that stimulated agricultural and commercial growth. He adopted as his capital city Kaiping in Inner Mongolia, later renamed Shangdu.', ""Chinese physicians opposed Western medicine because its humoral system contradicted the yin-yang and wuxing philosophy underlying traditional Chinese medicine. No Chinese translation of Western medical works is known, but it is possible that the Chinese had access to Avicenna's The Canon of Medicine."", 'In China, the polymath Shen Kuo (1031–1095) formulated a hypothesis for the process of land formation: based on his observation of fossil animal shells in a geological stratum in a mountain hundreds of miles from the ocean, he inferred that the land was formed by erosion of the mountains and by deposition of silt.']","30,000","30,000",1.0,0.47431478242394265
When was Isiah Bowman appointed to President Wilson's Inquiry?,"[""Three years later in 1917, he was appointed to then President Woodrow Wilson's inquiry in 1917. The inquiry was the idea of President Wilson and the American delegation from the Paris Peace Conference. The point of this inquiry was to build a premise that would allow for U.S authorship of a 'new world' which was to be characterized by geographical order. As a result of his role in the inquiry, Isiah Bowman would come to be known as Wilson's geographer. "", 'One key figure in the plans for what would come to be known as American Empire, was a geographer named Isiah Bowman. Bowman was the director of the American Geographical Society in 1914. ', ""Mueller accepted, on the condition that he have a say in NASA reorganization necessary to effectively administer Apollo. Webb then worked with Associate Administrator (later Deputy Administrator) Robert Seamans to reorganize the Office of Manned Space Flight (OMSF). On July 23, 1963, Webb announced Mueller's appointment as Deputy Associate Administrator for Manned Space Flight, to replace then Associate Administrator D. Brainerd Holmes on his retirement effective September 1. Under Webb's reorganization, the directors of the Manned Spacecraft Center (Gilruth) Marshall Space Flight Center (von Braun) and the Launch Operations Center (Debus) effectively reported to Mueller."", ""In 1929, the university's fifth president, Robert Maynard Hutchins, took office; the university underwent many changes during his 24-year tenure. Hutchins eliminated varsity football from the university in an attempt to emphasize academics over athletics, instituted the undergraduate college's liberal-arts curriculum known as the Common Core, and organized the university's graduate work into its current[when?] four divisions. "", 'James Bryant Conant (president, 1933–1953) reinvigorated creative scholarship to guarantee its preeminence among research institutions. He saw higher education as a vehicle of opportunity for the talented rather than an entitlement for the wealthy, so Conant devised programs to identify, recruit, and support talented youth. In 1943, he asked the faculty make a definitive statement about what general education ought to be, at the secondary as well as the college level. ']",Three years later in 1917.,1917,1.0,0.4404954269140369
What does the Museum of the Polish Army portray the history of?,"[""As interesting examples of expositions the most notable are: the world's first Museum of Posters boasting one of the largest collections of art posters in the world, Museum of Hunting and Riding and the Railway Museum. From among Warsaw's 60 museums, the most prestigious ones are National Museum with a collection of works whose origin ranges in time from antiquity till the present epoch as well as one of the best collections of paintings in the country including some paintings from Adolf Hitler's private collection, and Museum of the Polish Army whose set portrays the history of arms."", ""A fine tribute to the fall of Warsaw and history of Poland can be found in the Warsaw Uprising Museum and in the Katyń Museum which preserves the memory of the crime. The Warsaw Uprising Museum also operates a rare preserved and operating historic stereoscopic theatre, the Warsaw Fotoplastikon. The Museum of Independence preserves patriotic and political objects connected with Poland's struggles for independence. "", ""The city is the seat of a Roman Catholic archdiocese (left bank of the Vistula) and diocese (right bank), and possesses various universities, most notably the Polish Academy of Sciences and the University of Warsaw, two opera houses, theatres, museums, libraries and monuments. The historic city-centre of Warsaw with its picturesque Old Town in 1980 was listed as a UNESCO World Heritage Site. Other main architectural attractions include the Castle Square with the Royal Castle and the iconic King Sigismund's Column, St. John's Cathedral, Market Square, palaces, churches and mansions all displaying a richness of colour and architectural detail. "", 'There are also many places commemorating the heroic history of Warsaw. Pawiak, an infamous German Gestapo prison now occupied by a Mausoleum of Memory of Martyrdom and the museum, is only the beginning of a walk in the traces of Heroic City. ', 'The Warsaw Citadel, an impressive 19th-century fortification built after the defeat of the November Uprising, was a place of martyr for the Poles. Another important monument, the statue of Little Insurgent located at the ramparts of the Old Town, commemorates the children who served as messengers and frontline troops in the Warsaw Uprising, while the impressive Warsaw Uprising Monument by Wincenty Kućma was erected in memory of the largest insurrection of World War II.']",The history of arms.,arms,1.0,0.5665853249572604
What is the last name of the player who was Manning's top receiver for Super Bowl 50?,"[""Super Bowl 50 was an American football game to determine the champion of the National Football League (NFL) for the 2015 season. The American Football Conference (AFC) champion Denver Broncos defeated the National Football Conference (NFC) champion Carolina Panthers 24–10 to earn their third Super Bowl title. The game was played on February 7, 2016, at Levi's Stadium in the San Francisco Bay Area at Santa Clara, California. "", ""Super Bowl 50 featured numerous records from individuals and teams. Denver won despite being massively outgained in total yards (315 to 194) and first downs (21 to 11). Their 194 yards and 11 first downs were both the lowest totals ever by a Super Bowl winning team. The previous record was 244 yards by the Baltimore Ravens in Super Bowl XXXV. Only seven other teams had ever gained less than 200 yards in a Super Bowl, and all of them had lost. The Broncos' seven sacks tied a Super Bowl record set by the Chicago Bears in Super Bowl XX. Kony Ealy tied a Super Bowl record with three sacks. Jordan Norwood's 61-yard punt return set a new record, surpassing the old record of 45 yards set by John Taylor in Super Bowl XXIII. Denver was just 1-of-14 on third down, while Carolina was barely better at 3-of-15. "", 'Bart Starr (MVP of Super Bowls I and II) and Chuck Howley (MVP of Super Bowl V) appeared via video, while Peyton Manning (MVP of Super Bowl XLI and current Broncos quarterback) was shown in the locker room preparing for the game. No plans were announced regarding the recognition of Harvey Martin, co-MVP of Super Bowl XII, who died in 2001.', 'The matchup also pits the top two picks of the 2011 draft against each other: Newton for Carolina and Von Miller for Denver. Manning and Newton also set the record for the largest age difference between opposing Super Bowl quarterbacks at 13 years and 48 days (Manning was 39, Newton was 26).', ""The two teams' combined third down conversion percentage of 13.8 was a Super Bowl low. Manning and Newton had quarterback passer ratings of 56.6 and 55.4, respectively, and their added total of 112 is a record lowest aggregate passer rating for a Super Bowl. Manning became the oldest quarterback ever to win a Super Bowl at age 39, and the first quarterback ever to win a Super Bowl with two different teams, while Gary Kubiak became the first head coach to win a Super Bowl with the same franchise he went to the Super Bowl with as a player.""]","The context provided does not contain information about Manning's top receiver for Super Bowl 50. Therefore, I don't know.",Sanders,0.0,0.0
Of what mountain system are the Victorian Alps a part?,"['The Victorian Alps in the northeast are the coldest part of Victoria. The Alps are part of the Great Dividing Range mountain system extending east-west through the centre of Victoria. Average temperatures are less than 9 °C (48 °F) in winter and below 0 °C (32 °F) in the highest parts of the ranges. ', 'Victoria contains many topographically, geologically and climatically diverse areas, ranging from the wet, temperate climate of Gippsland in the southeast to the snow-covered Victorian alpine areas which rise to almost 2,000 m (6,600 ft), with Mount Bogong the highest peak at 1,986 m (6,516 ft). There are extensive semi-arid plains to the west and northwest. ', ""There is an extensive series of river systems in Victoria. Most notable is the Murray River system. Other rivers include: Ovens River, Goulburn River, Patterson River, King River, Campaspe River, Loddon River, Wimmera River, Elgin River, Barwon River, Thomson River, Snowy River, Latrobe River, Yarra River, Maribyrnong River, Mitta River, Hopkins River, Merri River and Kiewa River. The state symbols include the pink heath (state flower), Leadbeater's possum (state animal) and the helmeted honeyeater (state bird)."", ""The Mallee and upper Wimmera are Victoria's warmest regions with hot winds blowing from nearby semi-deserts. Average temperatures exceed 32 °C (90 °F) during summer and 15 °C (59 °F) in winter. "", 'Major events also play a big part in tourism in Victoria, particularly cultural tourism and sports tourism. Most of these events are centred on Melbourne, but others occur in regional cities, such as the V8 Supercars and Australian Motorcycle Grand Prix at Phillip Island, the Grand Annual Steeplechase at Warrnambool and the Australian International Airshow at Geelong and numerous local festivals such as the popular Port Fairy Folk Festival, Queenscliff Music Festival, Bells Beach SurfClassic and the Bright Autumn Festival.']",The Victorian Alps are part of the Great Dividing Range mountain system.,Great Dividing Range,1.0,0.8856029390977511
What have studies on income inequality sometimes found evidence confirming?,"['Studies on income inequality and growth have sometimes found evidence confirming the Kuznets curve hypothesis, which states that with economic development, inequality first increases, then decreases. ', 'Some theories popular from the 1950s to 2011 incorrectly stated that inequality had a positive effect on economic development. Analyses based on comparing yearly equality figures to yearly growth rates were misleading because it takes several years for effects to manifest as changes to economic growth. IMF economists found a strong association between lower levels of inequality in developing countries and sustained periods of economic growth. Developing countries with high inequality have ""succeeded in initiating growth at high rates for a few years"" but ""longer growth spells are robustly associated with more equality in the income distribution.""', 'Some theories developed in the 1970s established possible avenues through which inequality may have a positive effect on economic development. According to a 1955 review, savings by the wealthy, if these increase with inequality, were thought to offset reduced consumer demand. A 2013 report on Nigeria suggests that growth has risen with increased income inequality. ', ""Plotting the relationship between level of income and inequality, Kuznets saw middle-income developing economies level of inequality bulging out to form what is now known as the Kuznets curve. Kuznets demonstrated this relationship using cross-sectional data. However, more recent testing of this theory with superior panel data has shown it to be very weak. Kuznets' curve predicts that income inequality will eventually decrease given time. As an example, income inequality did fall in the United States during its High school movement from 1910 to 1940 and thereafter.[citation needed] However, recent data shows that the level of income inequality began to rise after the 1970s. "", 'The debate is summarized in ""The Hidden Prosperity of the Poor"" by journalist Thomas B. Edsall. Other studies have not found consumption inequality less dramatic than household income inequality, and the CBO\'s study found consumption data not ""adequately"" capturing ""consumption by high-income households"" as it does their income, though it did agree that household consumption numbers show more equal distribution than household income.']",Studies on income inequality have sometimes found evidence confirming the Kuznets curve hypothesis.,Kuznets curve hypothesis,1.0,0.8672328396580804
Which TFEU article defines the ordinary legislative procedure that applies for majority of EU acts?,"['To make new legislation, TFEU article 294 defines the ""ordinary legislative procedure"" that applies for most EU acts. The essence is there are three readings, starting with a Commission proposal, where the Parliament must vote by a majority of all MEPs (not just those present) to block or suggest changes, and the Council must vote by qualified majority to approve changes, but by unanimity to block Commission amendment. Where the different institutions cannot agree at any stage, a ""Conciliation Committee"" is convened, representing MEPs, ministers and the Commission to try and get agreement on a joint text: if this works, it will be sent back to the Parliament and Council to approve by absolute and qualified majority. This means, legislation can be blocked by a majority in Parliament, a minority in the Council, and a majority in the Commission: it is harder to change EU law than stay the same. A different procedure exists for budgets. For ""enhanced cooperation"" among a sub-set of at least member states, authorisation must be given by the Council. Member state governments should be informed by the Commission at the outset before any proposals start the legislative procedure. ', 'The primary law of the EU consists mainly of the founding treaties, the ""core"" treaties being the Treaty on European Union (TEU) and the Treaty on the Functioning of the European Union (TFEU). The Treaties contain formal and substantive provisions, which frame policies of the European Union institutions and determine the division of competences between the European Union and its member states. The TEU establishes that European Union law applies to the metropolitan territories of the member states, as well as certain islands and overseas territories, including Madeira, the Canary Islands and the French overseas departments. European Union law also applies in territories where a member state is responsible for external relations, for example Gibraltar and the Åland islands. The TEU allows the European Council to make specific provisions for regions, as for example done for customs matters in Gibraltar and Saint-Pierre-et-Miquelon. The TEU specifically excludes certain regions, for example the Faroe Islands, from the jurisdiction of European Union law. Treaties apply as soon as they enter into force, unless stated otherwise, and are generally concluded for an unlimited period. ', 'The European Commission is the main executive body of the European Union. Article 17(1) of the Treaty on European Union states the Commission should ""promote the general interest of the Union"" while Article 17(3) adds that Commissioners should be ""completely independent"" and not ""take instructions from any Government"". Under article 17(2), ""Union legislative acts may only be adopted on the basis of a Commission proposal, except where the Treaties provide otherwise."" This means that the Commission has a monopoly on initiating the legislative procedure, although the Council is the ""de facto catalyst of many legislative initiatives"". ', 'While the Commission has a monopoly on initiating legislation, the European Parliament and the Council of the European Union have powers of amendment and veto during the legislative process. According to the Treaty on European Union articles 9 and 10, the EU observes ""the principle of equality of its citizens"" and is meant to be founded on ""representative democracy"". In practice, equality and democracy are deficient because the elected representatives in the Parliament cannot initiate legislation against the Commission\'s wishes, citizens of smallest countries have ten times the voting weight in Parliament as citizens of the largest countries, and ""qualified majorities"" or consensus of the Council are required to legislate. The justification for this ""democratic deficit"" under the Treaties is usually thought to be that completion integration of the European economy and political institutions required the technical coordination of experts, while popular understanding of the EU developed and nationalist sentiments declined post-war. Over time, this has meant the Parliament gradually assumed more voice: from being an unelected assembly, to its first direct elections in 1979, to having increasingly more rights in the legislative process. Citizens\' rights are therefore limited compared to the democratic polities within all European member states: under TEU article 11 citizens and associations have the rights such as publicising their views and submit an initiative that must be considered by the Commission with one million signatures. TFEU article 227 contains a further right for citizens to petition the Parliament on issues which affect them. Parliament elections, take place every five years, and votes for Members of the European Parliament in member states must be organised by proportional representation or a single transferable vote. There are 750 MEPs and their numbers are ""degressively proportional"" according to member state size. ', 'Although the European Union does not have a codified constitution, like every political body it has laws which ""constitute"" its basic governance structure. The EU\'s primary constitutional sources are the Treaty on European Union (TEU) and the Treaty on the Functioning of the European Union (TFEU), which have been agreed or adhered to among the governments of all 28 member states. The Treaties establish the EU\'s institutions, list their powers and responsibilities, and explain the areas in which the EU can legislate with Directives or Regulations. ']",TFEU article 294,TFEU article 294,1.0,0.6833717230236158
"When imperialism impacts social norms of a state, what is it called?","['Imperialism is a type of advocacy of empire. Its name originated from the Latin word ""imperium"", which means to rule over large territories. Imperialism is ""a policy of extending a country\'s power and influence through colonization, use of military force, or other means"". Imperialism has greatly shaped the contemporary world. It has also allowed for the rapid spread of technologies and ideas. The term imperialism has been applied to Western (and Japanese) political and economic dominance especially in Asia and Africa in the 19th and 20th centuries. Its precise meaning continues to be debated by scholars. ', 'Imperialism is defined as ""A policy of extending a country’s power and influence through diplomacy or military force."" Imperialism is particularly focused on the control that one group, often a state power, has on another group of people. This is often through various forms of ""othering"" (see other) based on racial, religious, or cultural stereotypes. ', ""Cultural imperialism is when a country's influence is felt in social and cultural circles, i.e. its soft power, such that it changes the moral, cultural and societal worldview of another. "", 'These critical theories of Geo-politics have led to increased discussion of the meaning and impact of imperialism on the modern post-colonial world. The Russian leader Lenin suggested that ""imperialism was the highest form of capitalism, claiming that imperialism developed after colonialism, and was distinguished from colonialism by monopoly capitalism"". This idea from Lenin stresses how important new political world order has become in our modern era. Geopolitics now focuses on states becoming major economic players in the market; some states today are viewed as empires due to their political and economic authority over other nations.', 'The definition of imperialism has not been finalized for centuries and was confusedly seen to represent the policies of major powers, or simply, general-purpose aggressiveness. Further on, some writers[who?] used the term imperialism, in slightly more discriminating fashion, to mean all kinds of domination or control by a group of people over another. To clear out this confusion about the definition of imperialism one could speak of ""formal"" and ""informal"" imperialism, the first meaning physical control or ""full-fledged colonial rule"" while the second implied less direct rule though still containing perceivable kinds of dominance. Informal rule is generally less costly than taking over territories formally. ']",Cultural imperialism,Cultural imperialism,1.0,0.6739288867951001
What can significantly contribute to the continuing inequality in a society over time?,"[""An important factor in the creation of inequality is variation in individuals' access to education. Education, especially in an area where there is a high demand for workers, creates high wages for those with this education, however, increases in education first increase and then decrease growth as well as income inequality. "", 'Some theories developed in the 1970s established possible avenues through which inequality may have a positive effect on economic development. According to a 1955 review, savings by the wealthy, if these increase with inequality, were thought to offset reduced consumer demand. A 2013 report on Nigeria suggests that growth has risen with increased income inequality. ', 'In 1993, Galor and Zeira showed that inequality in the presence of credit market imperfections has a long lasting detrimental effect on human capital formation and economic development. A 1996 study by Perotti examined the channels through which inequality may affect economic growth. He showed that, in accordance with the credit market imperfection approach, inequality is associated with lower level of human capital formation (education, experience, and apprenticeship) and higher level of fertility, and thereby lower levels of growth. He found that inequality is associated with higher levels of redistributive taxation, which is associated with lower levels of growth from reductions in private savings and investment. Perotti concluded that, ""more equal societies have lower fertility rates and higher rates of investment in education. ', 'According to economists David Castells-Quintana and Vicente Royuela, increasing inequality harms economic growth. High and persistent unemployment, in which inequality increases, has a negative effect on subsequent long-run economic growth. ', 'Thus, the marginal utility of wealth per person (""the additional dollar"") decreases as a person becomes richer. From this standpoint, for any given amount of wealth in society, a society with more equality will have higher aggregate utility. Some studies have found evidence for this theory, noting that in societies where inequality is lower, population-wide satisfaction and happiness tend to be higher.']","Inequality in the presence of credit market imperfections can significantly contribute to the continuing inequality in a society over time. This is because such imperfections hinder human capital formation and economic development, leading to lower levels of education, experience, and apprenticeship, and higher levels of fertility, which in turn result in lower levels of growth. Additionally, higher levels of redistributive taxation associated with inequality can reduce private savings and investment, further perpetuating inequality.",wealth condensation,,0.7768538846491451
In what year was the agreement to allow the Saarland settlement reached?,"['Prince Louis de Condé, along with his sons Daniel and Osias,[citation needed] arranged with Count Ludwig von Nassau-Saarbrücken to establish a Huguenot community in present-day Saarland in 1604. The Count supported mercantilism and welcomed technically skilled immigrants into his lands, regardless of their religion. The Condés established a thriving glass-making works, which provided wealth to the principality for many years. Other founding families created enterprises based on textiles and such traditional Huguenot occupations in France. The community and its congregation remain active to this day, with descendants of many of the founding families still living in the region. ', 'Despite the disagreements on the Eucharist, the Marburg Colloquy paved the way for the signing in 1530 of the Augsburg Confession, and for the formation of the Schmalkaldic League the following year by leading Protestant nobles such as John of Saxony, Philip of Hesse, and George, Margrave of Brandenburg-Ansbach. The Swiss cities, however, did not sign these agreements.', ""The war in North America officially ended with the signing of the Treaty of Paris on 10 February 1763, and war in the European theatre of the Seven Years' War was settled by the Treaty of Hubertusburg on 15 February 1763. The British offered France the choice of surrendering either its continental North American possessions east of the Mississippi or the Caribbean islands of Guadeloupe and Martinique, which had been occupied by the British. France chose to cede the former, but was able to negotiate the retention of Saint Pierre and Miquelon, two small islands in the Gulf of St. Lawrence, along with fishing rights in the area. "", 'The principal Treaties that form the European Union began with common rules for coal and steel, and then atomic energy, but more complete and formal institutions were established through the Treaty of Rome 1957 and the Maastricht Treaty 1992 (now: TFEU). Minor amendments were made during the 1960s and 1970s. ', ""The War of the Austrian Succession (whose North American theater is known as King George's War) formally ended in 1748 with the signing of the Treaty of Aix-la-Chapelle. The treaty was primarily focused on resolving issues in Europe. ""]",1604,1604,1.0,0.4638619736694863
Many construction companies are now placing more emphasis on what?,"['The modern trend in design is toward integration of previously separated specialties, especially among large firms. In the past, architects, interior designers, engineers, developers, construction managers, and general contractors were more likely to be entirely separate companies, even in the larger firms. Presently, a firm that is nominally an ""architecture"" or ""construction management"" firm may have experts from all related fields as employees, or to have an associated company that provides each necessary skill. ', 'In response, many companies are growing beyond traditional offerings of design or construction services alone and are placing more emphasis on establishing relationships with other necessary participants through the design-build process.', 'There is also a growing number of new forms of procurement that involve relationship contracting where the emphasis is on a co-operative relationship between the principal and contractor and other stakeholders within a construction project. New forms include partnering such as Public-Private Partnering (PPPs) aka private finance initiatives (PFIs) and alliances such as ""pure"" or ""project"" alliances and ""impure"" or ""strategic"" alliances. ', 'In general, there are three sectors of construction: buildings, infrastructure and industrial. Building construction is usually further divided into residential and non-residential (commercial/institutional). Infrastructure is often called heavy/highway, heavy civil or heavy engineering. It includes large public works, dams, bridges, highways, water/wastewater and utility distribution. ', 'The Standard Industrial Classification and the newer North American Industry Classification System have a classification system for companies that perform or otherwise engage in construction. To recognize the differences of companies in this sector, it is divided into three subsectors: building construction, heavy and civil engineering construction, and specialty trade contractors. ']",Establishing relationships with other necessary participants through the design-build process.,establishing relationships with other necessary participants through the design-build process,1.0,0.5258231087730875
When did the North American French and Indian War end?,"[""The war in North America officially ended with the signing of the Treaty of Paris on 10 February 1763, and war in the European theatre of the Seven Years' War was settled by the Treaty of Hubertusburg on 15 February 1763. The British offered France the choice of surrendering either its continental North American possessions east of the Mississippi or the Caribbean islands of Guadeloupe and Martinique, which had been occupied by the British. France chose to cede the former, but was able to negotiate the retention of Saint Pierre and Miquelon, two small islands in the Gulf of St. Lawrence, along with fishing rights in the area. "", ""The French and Indian War (1754–1763) was the North American theater of the worldwide Seven Years' War. The war was fought between the colonies of British America and New France, with both sides supported by military units from their parent countries of Great Britain and France, as well as Native American allies. At the start of the war, the French North American colonies had a population of roughly 60,000 European settlers, compared with 2 million in the British North American colonies. The outnumbered French particularly depended on the Indians. "", ""The War of the Austrian Succession (whose North American theater is known as King George's War) formally ended in 1748 with the signing of the Treaty of Aix-la-Chapelle. The treaty was primarily focused on resolving issues in Europe. "", ""The battle ended inconclusively, with both sides withdrawing from the field. Johnson's advance stopped at Fort William Henry, and the French withdrew to Ticonderoga Point, where they began the construction of Fort Carillon (later renamed Fort Ticonderoga after British capture in 1759)."", '""Seven Years"" refers to events in Europe, from the official declaration of war in 1756 to the signing of the peace treaty in 1763. These dates do not correspond with the fighting on mainland North America, where the fighting between the two colonial powers was largely concluded in six years, from the Battle of Jumonville Glen in 1754 to the capture of Montreal in 1760.']",The North American French and Indian War ended in 1760 with the capture of Montreal.,signing of the Treaty of Paris on 10 February 1763,1.0,0.9999999999998223
Who founded Telnet ,"['Telenet was the first FCC-licensed public data network in the United States. It was founded by former ARPA IPTO director Larry Roberts as a means of making ARPANET technology public. ', ""He had tried to interest AT&T in buying the technology, but the monopoly's reaction was that this was incompatible with their future. Bolt, Beranack and Newman (BBN) provided the financing. It initially used ARPANET technology but changed the host interface to X.25 and the terminal interface to X.29. Telenet designed these protocols and helped standardize them in the CCITT. Telenet was incorporated in 1973 and started operations in 1975. It went public in 1979 and was then sold to GTE."", 'The Computer Science Network (CSNET) was a computer network funded by the U.S. National Science Foundation (NSF) that began operation in 1981. ', ""Starting in 1965, Donald Davies at the National Physical Laboratory, UK, independently developed the same message routing methodology as developed by Baran. He called it packet switching, a more accessible name than Baran's, and proposed to build a nationwide network in the UK. He gave a talk on the proposal in 1966, after which a person from the Ministry of Defence (MoD) told him about Baran's work. "", ""In 1965, at the instigation of Warner Sinback, a data network based on this voice-phone network was designed to connect GE's four computer sales and service centers (Schenectady, Phoenix, Chicago, and Phoenix) to facilitate a computer time-sharing service, apparently the world's first commercial online service. (In addition to selling GE computers, the centers were computer service bureaus, offering batch processing services. They lost money from the beginning, and Sinback, a high-level marketing manager, was given the job of turning the business around. He decided that a time-sharing system, based on Kemney's work at Dartmouth—which used a computer on loan from GE—could be profitable. ""]",Larry Roberts,Larry Roberts,0.0,0.39643808190085966
How many people were registered to receive the HD service prior to launch?,"['BSkyB launched its HDTV service, Sky+ HD, on 22 May 2006. Prior to its launch, BSkyB claimed that 40,000 people had registered to receive the HD service. In the week before the launch, rumours started to surface that BSkyB was having supply issues with its set top box (STB) from manufacturer Thomson. On Thursday 18 May 2006, and continuing through the weekend before launch, people were reporting that BSkyB had either cancelled or rescheduled its installation. ', 'Finally, the BBC reported that 17,000 customers had yet to receive the service due to failed deliveries. On 31 March 2012, Sky announced the total number of homes with Sky+HD was 4,222,000.', ""BSkyB's direct-to-home satellite service became available in 10 million homes in 2010, Europe's first pay-TV platform in to achieve that milestone. Confirming it had reached its target, the broadcaster said its reach into 36% of households in the UK represented an audience of more than 25m people. "", ""The target was first announced in August 2004, since then an additional 2.4m customers had subscribed to BSkyB's direct-to-home service. Media commentators had debated whether the figure could be reached as the growth in subscriber numbers elsewhere in Europe flattened."", ""BSkyB's digital service was officially launched on 1 October 1998 under the name Sky Digital, although small-scale tests were carried out before then. At this time the use of the Sky Digital brand made an important distinction between the new service and Sky's analogue services. ""]","40,000 people were registered to receive the HD service prior to launch.","40,000",1.0,0.995440457026452
Where did water on the eastern side of the amazon basin travel after the split?,"['During the mid-Eocene, it is believed that the drainage basin of the Amazon was split along the middle of the continent by the Purus Arch. Water on the eastern side flowed toward the Atlantic, while to the west water flowed toward the Pacific across the Amazonas Basin. ', 'As the Andes Mountains rose, however, a large basin was created that enclosed a lake; now known as the Solimões Basin. Within the last 5–10 million years, this accumulating water broke through the Purus Arch, joining the easterly flow toward the Atlantic.', ""The first European to travel the length of the Amazon River was Francisco de Orellana in 1542. The BBC's Unnatural Histories presents evidence that Orellana, rather than exaggerating his claims as previously thought, was correct in his observations that a complex civilization was flourishing along the Amazon in the 1540s. "", 'Some scientists argue that the rainforest was reduced to small, isolated refugia separated by open forest and grassland; other scientists argue that the rainforest remained largely intact but extended less far to the north, south, and east than is seen today. This debate has proved difficult to resolve because the practical limitations of working in the rainforest mean that data sampling is biased away from the center of the Amazon basin, and both explanations are reasonably well supported by the available data.', 'Through stream capture, the Rhine extended its watershed southward. By the Pliocene period, the Rhine had captured streams down to the Vosges Mountains, including the Mosel, the Main and the Neckar. The northern Alps were then drained by the Rhone. ']",The Atlantic Ocean,the Atlantic,1.0,0.531404935109733
Who ordered the attack on the caravan of traders Genghis Khan send to Khwarezmia?,"['In the early 13th century, the Khwarazmian dynasty was governed by Shah Ala ad-Din Muhammad. Genghis Khan saw the potential advantage in Khwarezmia as a commercial trading partner using the Silk Road, and he initially sent a 500-man caravan to establish official trade ties with the empire. However, Inalchuq, the governor of the Khwarezmian city of Otrar, attacked the caravan that came from Mongolia, claiming that the caravan contained spies and therefore was a conspiracy against Khwarezmia. The situation became further complicated because the governor later refused to make repayments for the looting of the caravans and handing over the perpetrators. ', ""After the defeat of the Khwarezmian Empire in 1220, Genghis Khan gathered his forces in Persia and Armenia to return to the Mongolian steppes. Under the suggestion of Subutai, the Mongol army was split into two forces. Genghis Khan led the main army on a raid through Afghanistan and northern India towards Mongolia, while another 20,000 (two tumen) contingent marched through the Caucasus and into Russia under generals Jebe and Subutai. They pushed deep into Armenia and Azerbaijan. The Mongols destroyed the kingdom of Georgia, sacked the Genoese trade-fortress of Caffa in Crimea and overwintered near the Black Sea. Heading home, Subutai's forces attacked the allied forces of the Cuman–Kipchaks and the poorly coordinated 80,000 Kievan Rus' troops led by Mstislav the Bold of Halych and Mstislav III of Kiev who went out to stop the Mongols' actions in the area. Subutai sent emissaries to the Slavic princes calling for a separate peace, but the emissaries were executed. At the Battle of Kalka River in 1223, Subutai's forces defeated the larger Kievan force. They also may have fought against the neighboring Volga Bulgars. "", ""The Mongols' conquest, even by their own standards, was brutal. After the capital Samarkand fell, the capital was moved to Bukhara by the remaining men, while Genghis Khan ordered two of his generals and their forces to completely destroy the remnants of the Khwarezmid Empire, including not only royal buildings, but entire towns, populations, and even vast swaths of farmland. According to legend, Genghis Khan even went so far as to divert a river through the Khwarezmid emperor's birthplace, erasing it from the map."", 'Genghis Khan then sent again a second group of three ambassadors (two Mongols and a Muslim) to meet the Shah himself instead of the governor Inalchuq. The Shah had all the men shaved and the Muslim beheaded and sent his head back with the two remaining ambassadors. This was seen as an affront and insult to Genghis Khan. Outraged, Genghis Khan planned one of his largest invasion campaigns by organizing together around 100,000 soldiers (10 tumens), his most capable generals and some of his sons. He left a commander and number of troops in China, designated his successors to be his family members and likely appointed Ögedei to be his immediate successor and then went out to Khwarezmia.', 'The Mongol army under Genghis Khan, generals and his sons crossed the Tien Shan mountains by entering the area controlled by the Khwarezmian Empire. After compiling intelligence from many sources Genghis Khan carefully prepared his army, which was divided into three groups. ']","Inalchuq, the governor of the Khwarezmian city of Otrar.",Inalchuq,0.0,0.6698171868534079
How long would Tesla spend gambling sometimes?,"['to 11 p.m., no Sundays or holidays excepted. He was ""mortified when [his] father made light of [those] hard won honors."" After his father\'s death in 1879, Tesla found a package of letters from his professors to his father, warning that unless he were removed from the school, Tesla would be killed through overwork. During his second year, Tesla came into conflict with Professor Poeschl over the Gramme dynamo, when Tesla suggested that commutators weren\'t necessary. At the end of his second year, Tesla lost his scholarship and became addicted to gambling. During his third year, Tesla gambled away his allowance and his tuition money, later gambling back his initial losses and returning the balance to his family. Tesla said that he ""conquered [his] passion then and there,"" but later he was known to play billiards in the US. When exam time came, Tesla was unprepared and asked for an extension to study, but was denied. He never graduated from the university and did not receive grades for the last semester.', 'During his second year of study at Graz, Tesla developed a passion for (and became very proficient at) billiards, chess and card-playing, sometimes spending more than 48 hours in a stretch at a gaming table.:43, 301 On one occasion at his laboratory, Tesla worked for a period of 84 hours without sleep or rest.:208 Kenneth Swezey, a journalist whom Tesla had befriended, confirmed that Tesla rarely slept. Swezey recalled one morning when Tesla called him at 3 a.m.', 'Tesla worked every day from 9:00 a.m. until 6:00 p.m. or later, with dinner from exactly 8:10 p.m., at Delmonico\'s restaurant and later the Waldorf-Astoria Hotel. Tesla would telephone his dinner order to the headwaiter, who also could be the only one to serve him. ""The meal was required to be ready at eight o\'clock ... He dined alone, except on the rare occasions when he would give a dinner to a group to meet his social obligations. Tesla would then resume his work, often until 3:00 a.m.', 'In 1899, John Jacob Astor IV invested $100,000 for Tesla to further develop and produce a new lighting system. Instead, Tesla used the money to fund his Colorado Springs experiments.', 'The investors showed little interest in Tesla\'s ideas for new types of motors and electrical transmission equipment and also seemed to think it was better to develop an electrical utility than invent new systems. They eventually forced Tesla out leaving him penniless. He even lost control of the patents he had generated since he had assigned them to the company in lieu of stock. He had to work at various electrical repair jobs and even as a ditch digger for $2 per day. Tesla considered the winter of 1886/1887 as a time of ""terrible headaches and bitter tears."" ']",More than 48 hours,more than 48 hours,0.0,0.5136929123373354
Which famous evolutionist was influenced by the book Principles of Geology?,"['Sir Charles Lyell first published his famous book, Principles of Geology, in 1830. This book, which influenced the thought of Charles Darwin, successfully promoted the doctrine of uniformitarianism. ', ""Based on principles laid out by William Smith almost a hundred years before the publication of Charles Darwin's theory of evolution, the principles of succession were developed independently of evolutionary thought. The principle becomes quite complex, however, given the uncertainties of fossilization, the localization of fossil types due to lateral changes in habitat (facies change in sedimentary strata), and that not all fossils may be found globally at the same time."", 'James Hutton is often viewed as the first modern geologist. In 1785 he presented a paper entitled Theory of the Earth to the Royal Society of Edinburgh. In his paper, he explained his theory that the Earth must be much older than had previously been supposed in order to allow enough time for mountains to be eroded and for sediments to form new rocks at the bottom of the sea, which in turn were raised up to become dry land. Hutton published a two-volume version of his ideas in 1795 (Vol. 1, Vol. ', 'Other prominent alumni include anthropologists David Graeber and Donald Johanson, who is best known for discovering the fossil of a female hominid australopithecine known as ""Lucy"" in the Afar Triangle region, psychologist John B. Watson, American psychologist who established the psychological school of behaviorism, communication theorist Harold Innis, chess grandmaster Samuel Reshevsky, and conservative international relations scholar and White House Coordinator of Security Planning for the National Security Council Samuel P. Huntington.', 'Some modern scholars, such as Fielding H. Garrison, are of the opinion that the origin of the science of geology can be traced to Persia after the Muslim conquests had come to an end. Abu al-Rayhan al-Biruni (973–1048 CE) was one of the earliest Persian geologists, whose works included the earliest writings on the geology of India, hypothesizing that the Indian subcontinent was once a sea. Drawing from Greek and Indian scientific literature that were not destroyed by the Muslim conquests, the Persian scholar Ibn Sina (Avicenna, 981–1037) proposed detailed explanations for the formation of mountains, the origin of earthquakes, and other topics central to modern geology, which provided an essential foundation for the later development of the science. ']",Charles Darwin,Charles Darwin,1.0,0.6104168666836762
Residential construction can generate what is not carefully planned?,"['Often, the owner of the property acts as laborer, paymaster, and design team for the entire project. Although building construction projects typically include various common elements, such as design, financial, estimating and legal considerations, many projects of varying sizes reach undesirable end results, such as structural collapse, cost overruns, and/or litigation. For this reason, those with experience in the field make detailed plans and maintain careful oversight during the project to ensure a positive outcome.', 'Residential construction practices, technologies, and resources must conform to local building authority regulations and codes of practice. Materials readily available in the area generally dictate the construction materials used (e.g. ', 'Construction is the process of constructing a building or infrastructure. Construction differs from manufacturing in that manufacturing typically involves mass production of similar items without a designated purchaser, while construction typically takes place on location for a known client. Construction as an industry comprises six to nine percent of the gross domestic product of developed countries. ', 'Building construction is the process of adding structure to real property or construction of buildings. The majority of building construction jobs are small renovations, such as addition of a room, or renovation of a bathroom. ', 'Fraud is a problem in many fields, but is notoriously prevalent in the construction field. Financial planning for the project is intended to ensure that a solid plan with adequate safeguards and contingency plans are in place before the project is started and is required to ensure that the plan is properly executed over the life of the project.']","Structural collapse, cost overruns, and/or litigation.",a lot of waste,1.0,0.649145627923116
The success of the Britain Can Make It exhibition led to the planning of what exhibition in 1951?,"['Before the return of the collections after the war, the Britain Can Make It exhibition was held between September and November 1946, attracting nearly a million and a half visitors. This was organised by the Council of Industrial Design established by the British government in 1944 ""to promote by all practicable means the improvement of design in the products of British industry"". The success of this exhibition led to the planning of the Festival of Britain (1951). ', 'The official opening by Queen Victoria was on 22 June 1857. In the following year, late night openings were introduced, made possible by the use of gas lighting. This was to enable in the words of Cole ""to ascertain practically what hours are most convenient to the working classes""—this was linked to the use of the collections of both applied art and science as educational resources to help boost productive industry. In these early years the practical use of the collection was very much emphasised as opposed to that of ""High Art"" at the National Gallery and scholarship at the British Museum. George Wallis (1811–1891), the first Keeper of Fine Art Collection, passionately promoted the idea of wide art education through the museum collections. This led to the transfer to the museum of the School of Design that had been founded in 1837 at Somerset House; after the transfer it was referred to as the Art School or Art Training School, later to become the Royal College of Art which finally achieved full independence in 1949. From the 1860s to the 1880s the scientific collections had been moved from the main museum site to various improvised galleries to the west of Exhibition Road. ', ""The V&A has its origins in the Great Exhibition of 1851, with which Henry Cole, the museum's first director, was involved in planning; initially it was known as the Museum of Manufactures, first opening in May 1852 at Marlborough House, but by September had been transferred to Somerset House. At this stage the collections covered both applied art and science. "", ""With the opening of the Dorothy and Michael Hintze sculpture galleries in 2006 it was decided to extend the chronology of the works on display up to 1950; this has involved loans by other museums, including Tate Britain, so works by Henry Moore and Jacob Epstein along with other of their contemporaries are now on view. These galleries concentrate on works dated 1600 to 1950 by British sculptors, works by continental sculptors who worked in Britain, and works bought by British patrons from the continental sculptors, such as Canova's Theseus and the Minotaur. "", 'Britain made compensating gains in India, Australia, and in constructing an informal economic empire through control of trade and finance in Latin America after the independence of Spanish and Portuguese colonies about 1820. By the 1840s, Britain had adopted a highly successful policy of free trade that gave it dominance in the trade of much of the world. After losing its first Empire to the Americans, Britain then turned its attention towards Asia, Africa, and the Pacific. Following the defeat of Napoleonic France in 1815, Britain enjoyed a century of almost unchallenged dominance and expanded its imperial holdings around the globe. Increasing degrees of internal autonomy were granted to its white settler colonies in the 20th century.']",The Festival of Britain,Festival of Britain,1.0,0.5494097420308824
When is the suspended team scheduled to return?,"['From 2005 to 2014, there were two Major League Soccer teams in Los Angeles — the LA Galaxy and Chivas USA — that both played at the StubHub Center and were local rivals. However, Chivas were suspended following the 2014 MLS season, with a second MLS team scheduled to return in 2018.', '(In 1969, Chicago reinstated football as a Division III team, resuming playing its home games at the new Stagg Field.)', 'The ESPN Deportes Spanish broadcast was made available through WatchESPN.', ""The merger was suspended, and a complaint was filed by the Department of Justice in July 1967, with ITT going to trial in October 1967; the merger was officially canceled after the trial's conclusion on January 1, 1968."", ""The park's amphetheatre was renovated in 2010, and has hosted performances by acts such as Deftones, Tech N9ne, and Sevendust as well as numerous others. The park is open April through October, 6am to 10pm and November through March, 6am to 7pm. Woodward Park is home to the annual CIF(California Interscholastic Federation) State Championship cross country meet, which takes place in late November. It is also the home of the Woodward Shakespeare Festival which began performances in the park in 2005.""]",2018,2018,1.0,0.5142501544622183
Which Count did the Prince strike an arrangement with?,"['Prince Louis de Condé, along with his sons Daniel and Osias,[citation needed] arranged with Count Ludwig von Nassau-Saarbrücken to establish a Huguenot community in present-day Saarland in 1604. The Count supported mercantilism and welcomed technically skilled immigrants into his lands, regardless of their religion. The Condés established a thriving glass-making works, which provided wealth to the principality for many years. Other founding families created enterprises based on textiles and such traditional Huguenot occupations in France. The community and its congregation remain active to this day, with descendants of many of the founding families still living in the region. ', 'The controversy that ensued involved all four Mansfeld counts: Albrecht, Philip, John George, and Gerhard. Luther journeyed to Mansfeld twice in late 1545 to participate in the negotiations for a settlement, and a third visit was needed in early 1546 for their completion.', 'Prince Frederick III, Elector of Saxony, obtained a safe conduct for Luther to and from the meeting.', ""The War of the Austrian Succession (whose North American theater is known as King George's War) formally ended in 1748 with the signing of the Treaty of Aix-la-Chapelle. The treaty was primarily focused on resolving issues in Europe. "", 'Various princes of the Holy Land arrived in Limassol at the same time, in particular Guy de Lusignan. All declared their support for Richard provided that he support Guy against his rival Conrad of Montferrat. The local barons abandoned Isaac, who considered making peace with Richard, joining him on the crusade, and offering his daughter in marriage to the person named by Richard. But Isaac changed his mind and tried to escape. Richard then proceeded to conquer the whole island, his troops being led by Guy de Lusignan. Isaac surrendered and was confined with silver chains, because Richard had promised that he would not place him in irons. By 1 June, Richard had conquered the whole island. ']",Count Ludwig von Nassau-Saarbrücken,Count Ludwig von Nassau-Saarbrücken,0.0,0.5797746927606148
Where did two of Triton's daughters set out on a journey through?,"[""The origin of the legendary figure is not fully known. The best-known legend, by Artur Oppman, is that long ago two of Triton's daughters set out on a journey through the depths of the oceans and seas. One of them decided to stay on the coast of Denmark and can be seen sitting at the entrance to the port of Copenhagen. "", 'Lawrence, continued along the northern shore of Lake Ontario, crossed the portage at Niagara, and followed the southern shore of Lake Erie. At the Chautauqua Portage (near present-day Barcelona, New York), the expedition moved inland to the Allegheny River, which it followed to the site of present-day Pittsburgh. There Céloron buried lead plates engraved with the French claim to the Ohio Country. Whenever he encountered British merchants or fur-traders, Céloron informed them of the French claims on the territory and told them to leave.', 'Between bearing six children, Hans – June 1526; Elizabeth – 10 December 1527, who died within a few months; Magdalene – 1529, who died in Luther\'s arms in 1542; Martin – 1531; Paul – January 1533; and Margaret – 1534; Katharina helped the couple earn a living by farming the land and taking in boarders. Luther confided to Michael Stiefel on 11 August 1526: ""My Katie is in all things so obliging and pleasing to me that I would not exchange my poverty for the riches of Croesus.""', 'When Céloron\'s expedition arrived at Logstown, the Native Americans in the area informed Céloron that they owned the Ohio Country and that they would trade with the British regardless of the French. Céloron continued south until his expedition reached the confluence of the Ohio and the Miami rivers, which lay just south of the village of Pickawillany, the home of the Miami chief known as ""Old Briton"". Céloron threatened ""Old Briton"" with severe consequences if he continued to trade with the British. ', 'Martin of Tours. His family moved to Mansfeld in 1484, where his father was a leaseholder of copper mines and smelters and served as one of four citizen representatives on the local council. The religious scholar Martin Marty describes Luther\'s mother as a hard-working woman of ""trading-class stock and middling means"" and notes that Luther\'s enemies later wrongly described her as a whore and bath attendant. He had several brothers and sisters, and is known to have been close to one of them, Jacob. Hans Luther was ambitious for himself and his family, and he was determined to see Martin, his eldest son, become a lawyer. He sent Martin to Latin schools in Mansfeld, then Magdeburg in 1497, where he attended a school operated by a lay group called the Brethren of the Common Life, and Eisenach in 1498. The three schools focused on the so-called ""trivium"": grammar, rhetoric, and logic. Luther later compared his education there to purgatory and hell.']",The depths of the oceans and seas.,depths of the oceans and seas,1.0,0.0
Name a type of Toyota compact trucks?,"['Compact trucks were introduced, such as the Toyota Hilux and the Datsun Truck, followed by the Mazda Truck (sold as the Ford Courier), and the Isuzu-built Chevrolet LUV. Mitsubishi rebranded its Forte as the Dodge D-50 a few years after the oil crisis. ', 'Some buyers lamented the small size of the first Japanese compacts, and both Toyota and Nissan (then known as Datsun) introduced larger cars such as the Toyota Corona Mark II, the Toyota Cressida, the Mazda 616 and Datsun 810, which added passenger space and amenities such as air conditioning, power steering, AM-FM radios, and even power windows and central locking without increasing the price of the vehicle. A decade after the 1973 oil crisis, Honda, Toyota and Nissan, affected by the 1981 voluntary export restraints, opened US assembly plants and established their luxury divisions (Acura, Lexus and Infiniti, respectively) to distinguish themselves from their mass-market brands.', 'Mazda, Mitsubishi and Isuzu had joint partnerships with Ford, Chrysler, and GM, respectively. Later the American makers introduced their domestic replacements (Ford Ranger, Dodge Dakota and the Chevrolet S10/GMC S-15), ending their captive import policy.', 'The crisis reduced the demand for large cars. Japanese imports, primarily the Toyota Corona, the Toyota Corolla, the Datsun B210, the Datsun 510, the Honda Civic, the Mitsubishi Galant (a captive import from Chrysler sold as the Dodge Colt), the Subaru DL, and later the Honda Accord all had four cylinder engines that were more fuel efficient than the typical American V8 and six cylinder engines. ', 'By 1979, virtually all ""full-size"" American cars had shrunk, featuring smaller engines and smaller outside dimensions. Chrysler ended production of their full-sized luxury sedans at the end of the 1981 model year, moving instead to a full front-wheel drive lineup for 1982 (except for the M-body Dodge Diplomat/Plymouth Gran Fury and Chrysler New Yorker Fifth Avenue sedans).']",Toyota Hilux,Toyota Hilux,1.0,0.6974895713824578
In lands attributed to what tribe are found remains of large settlements?,"['In the region of the Xingu tribe, remains of some of these large settlements in the middle of the Amazon forest were found in 2003 by Michael Heckenberger and colleagues of the University of Florida. Among those were evidence of roads, bridges and large plazas.', 'These tribes were formally under Iroquois rule, and were limited by them in authority to make agreements.', 'At the time of contact with Europeans, all Mocama villages in present-day Jacksonville were part of the powerful chiefdom known as the Saturiwa, centered around the mouth of the St. Johns River. One early map shows a village called Ossachite at the site of what is now downtown Jacksonville; this may be the earliest recorded name for that area.', 'A massive exodus to the cities ensued as their ability to provide a living from the land dwindled. There were 80,000 white settlers living in Kenya in the 1950s.', ""In between the French and the British, large areas were dominated by native tribes. To the north, the Mi'kmaq and the Abenaki were engaged in Father Le Loutre's War and still held sway in parts of Nova Scotia, Acadia, and the eastern portions of the province of Canada, as well as much of present-day Maine. The Iroquois Confederation dominated much of present-day Upstate New York and the Ohio Country, although the latter also included Algonquian-speaking populations of Delaware and Shawnee, as well as Iroquoian-speaking Mingo. ""]",Xingu tribe,Xingu tribe,1.0,0.5918151345333944
Where did Luther spend his career?,"[""This early part of Luther's career was one of his most creative and productive. Three of his best-known works were published in 1520: To the Christian Nobility of the German Nation, On the Babylonian Captivity of the Church, and On the Freedom of a Christian."", 'Martin Luther was born to Hans Luder (or Ludher, later Luther) and his wife Margarethe (née Lindemann) on 10 November 1483 in Eisleben, Saxony, then part of the Holy Roman Empire. He was baptized as a Catholic the next morning on the feast day of St. ', 'Martin Luther (/ˈluːθər/ or /ˈluːðər/; German: [ˈmaɐ̯tiːn ˈlʊtɐ] ( listen); 10 November 1483 – 18 February 1546) was a German professor of theology, composer, priest, former monk and a seminal figure in the Protestant Reformation. Luther came to reject several teachings and practices of the Late Medieval Catholic Church. ', 'Luther dedicated himself to the Augustinian order, devoting himself to fasting, long hours in prayer, pilgrimage, and frequent confession. Luther described this period of his life as one of deep spiritual despair. ', 'To avoid confusing or upsetting the people, Luther avoided extreme change. He also did not wish to replace one controlling system with another. He concentrated on the church in the Electorate of Saxony, acting only as an adviser to churches in new territories, many of which followed his Saxon model. He worked closely with the new elector, John the Steadfast, to whom he turned for secular leadership and funds on behalf of a church largely shorn of its assets and income after the break with Rome. For Luther\'s biographer Martin Brecht, this partnership ""was the beginning of a questionable and originally unintended development towards a church government under the temporal sovereign"". The elector authorised a visitation of the church, a power formerly exercised by bishops. ']",Luther spent his career in the Electorate of Saxony.,University of Wittenberg,1.0,0.8024175958168426
"According to Oxfam, the 85 richest people have wealth equal to how many average people?","['A study by the World Institute for Development Economics Research at United Nations University reports that the richest 1% of adults alone owned 40% of global assets in the year 2000. The three richest people in the world possess more financial assets than the lowest 48 nations combined. The combined wealth of the ""10 million dollar millionaires"" grew to nearly $41 trillion in 2008. A January 2014 report by Oxfam claims that the 85 wealthiest individuals in the world have a combined wealth equal to that of the bottom 50% of the world\'s population, or about 3.5 billion people. According to a Los Angeles Times analysis of the report, the wealthiest 1% owns 46% of the world\'s wealth; the 85 richest people, a small part of the wealthiest 1%, own about 0.7% of the human population\'s wealth, which is the same as the bottom half of the population. More recently, in January 2015, Oxfam reported that the wealthiest 1 percent will own more than half of the global wealth by 2016. An October 2014 study by Credit Suisse also claims that the top 1% now own nearly half of the world\'s wealth and that the accelerating disparity could trigger a recession. In October 2015, Credit Suisse published a study which shows global inequality continues to increase, and that half of the world\'s wealth is now in the hands of those in the top percentile, whose assets each exceed $759,900. A 2016 report by Oxfam claims that the 62 wealthiest individuals own as much wealth as the poorer half of the global population combined. Oxfam\'s claims have however been questioned on the basis of the methodology used: by using net wealth (adding up assets and subtracting debts), the Oxfam report, for instance, finds that there are more poor people in the United States and Western Europe than in China (due to a greater tendency to take on debts).[unreliable source?', 'According to PolitiFact the top 400 richest Americans ""have more wealth than half of all Americans combined."" According to the New York Times on July 22, 2014, the ""richest 1 percent in the United States now own more wealth than the bottom 90 percent"". Inherited wealth may help explain why many Americans who have become rich may have had a ""substantial head start"". ', 'Although Kenya is the biggest and most advanced economy in east and central Africa, and has an affluent urban minority, it has a Human Development Index (HDI) of 0.519, ranked 145 out of 186 in the world. As of 2005, 17.7% of Kenyans lived on less than $1.25 a day. ', 'The UNICEF index of ""child well-being in rich countries"", studying 40 indicators in 22 countries, correlates with greater equality but not per capita income.', 'Thus, the marginal utility of wealth per person (""the additional dollar"") decreases as a person becomes richer. From this standpoint, for any given amount of wealth in society, a society with more equality will have higher aggregate utility. Some studies have found evidence for this theory, noting that in societies where inequality is lower, population-wide satisfaction and happiness tend to be higher.']","According to Oxfam, the 85 richest people have wealth equal to that of the bottom 50% of the world's population.",about 3.5 billion people,1.0,0.7698586641752684
"Besides the walk to the church, what else was left out of the day's celebration?","['The ceremonial walk to the church and the wedding banquet were left out, and were made up two weeks later on 27 June.', 'Like other historic Christian churches, The United Methodist Church has official liturgies for services of Holy Communion, baptism, weddings, funerals, ordination, anointing of the sick and daily office prayer services. Some clergy offer healing services, while exorcism is an occasional practice by some clergy in The United Methodist Church in Africa. These services involve the laying on of hands and anointing with oil. Along with these, there are also special services for holy days such as All Saints Day, Ash Wednesday, Maundy Thursday, Good Friday, and Easter Vigil. These services are contained in The United Methodist Hymnal and The United Methodist Book of Worship (1992). ', 'A small wooden church was first erected in the community, followed by a second church that built of stone. Previous to the erection of it, the strong men would often walk twenty-three miles on Saturday evening, the distance by the road from New Rochelle to New York, to attend the Sunday service. The church was eventually replaced by a third, Trinity-St. Paul\'s Episcopal Church, which contains heirlooms including the original bell from the French Huguenot Church ""Eglise du St. Esperit"" on Pine Street in New York City, which is preserved as a relic in the tower room. The Huguenot cemetery, or ""Huguenot Burial Ground"", has since been recognized as a historic cemetery that is the final resting place for a wide range of the Huguenot founders, early settlers and prominent citizens dating back more than three centuries.', ""Many of these liturgies are derived from the Anglican tradition's Book of Common Prayer. In most cases, congregations also use other elements of liturgical worship, such as candles, vestments, paraments, banners, and liturgical art."", ""Methodists also honor notable heroes and heroines of the Christian faith and look to these prominent saints as providing examples of holy living and commitment to Christ that are worthy of imitation (see 1 Corinthians 11:1). Such exemplary saints include martyrs, confessors of the Faith, evangelists, or important biblical figures such as Saint Matthew, Lutheran theologian and martyr to the Nazis Dietrich Bonhoeffer, Salvation Army Founder William Booth, African missionary David Livingstone and Methodism's revered founder John Wesley are among many cited as Protestant saints.""]",The wedding banquet.,wedding banquet,1.0,0.5601891679113309
What weapons were the Zulus using during the Anglo-Zulu War of 1879?,"['the Zulus in Southern Africa during the Anglo-Zulu War of 1879).', 'At the outbreak of World War I in August 1914, the governors of British East Africa (as the Protectorate was generally known) and German East Africa agreed a truce in an attempt to keep the young colonies out of direct hostilities. Lt Col Paul von Lettow-Vorbeck took command of the German military forces, determined to tie down as many British resources as possible. ', 'Tesla described the weapon as capable of being used against ground-based infantry or for anti-aircraft purposes.', 'Along with advancements in communication, Europe also continued to advance in military technology. European chemists made deadly explosives that could be used in combat, and with innovations in machinery they were able to manufacture improved firearms. By the 1880s, the machine gun had become an effective battlefield weapon. This technology gave European armies an advantage over their opponents, as armies in less-developed countries were still fighting with arrows, swords, and leather shields (e.g. ', 'In 1854 at Ballarat there was an armed rebellion against the government of Victoria by miners protesting against mining taxes (the ""Eureka Stockade""). This was crushed by British troops, but the discontents prompted colonial authorities to reform the administration (particularly reducing the hated mining licence fees) and extend the franchise. ']","The context provided does not contain specific information about the weapons used by the Zulus during the Anglo-Zulu War of 1879. Therefore, I don't know.","arrows, swords, and leather shields",1.0,0.0
Why did the series end in 2011?,"['No full series was filmed in 2009, although four additional specials starring David Tennant were made. In 2010, Steven Moffat replaced Davies as head writer and executive producer. In January 2016, Moffat announced that he would step down after the 2017 finale, to be replaced by Chris Chibnall in 2018. In addition, Series 10 will debut in Spring 2017, with a Christmas special broadcast in 2016.', 'The 2011–12 season saw ABC drop to fourth place in the 18–49 demographic despite renewing a handful of new shows (including freshmen dramas Scandal, Revenge and Once Upon a Time) for second seasons.', 'Falling viewing numbers, a decline in the public perception of the show and a less-prominent transmission slot saw production suspended in 1989 by Jonathan Powell, controller of BBC 1. Although (as series co-star Sophie Aldred reported in the documentary Doctor Who: More Than 30 Years in the TARDIS) it was effectively, if not formally, cancelled with the decision not to commission a planned 27th series of the show for transmission in 1990, the BBC repeatedly affirmed that the series would return.', ""The network's troubles with sustaining existing series and gaining new hits spilled over into its 2010–11 schedule: ABC's dramas during that season continued to fail, with the midseason forensic investigation drama Body of Proof being the only one that was renewed for a second season. The network also struggled to establish new comedies to support the previous year's debuts, with only late-season premiere Happy Endings earning a second season. "", ""On April 14, 2011, ABC canceled the long-running soap operas All My Children and One Life to Live after 41 and 43 years on the air, respectively (following backlash from fans, ABC sold the rights to both shows to Prospect Park, which eventually revived the soaps on Hulu for one additional season in 2013 and with both companies suing one another for allegations of interference with the process of reviving the shows, failure to pay licensing fees and issues over ABC's use of certain characters from One Live to Live on General Hospital during the transition). The talk/lifestyle show that replaced One Life to Live, The Revolution, failed to generate satisfactory ratings and was in turn canceled after only seven months. ""]","The series ended in 2011 because ABC canceled the long-running soap operas All My Children and One Life to Live after 41 and 43 years on the air, respectively.",due to the death of Elisabeth Sladen,0.5,0.9999999999997579
Which artist has a piece of his artwork located at the Fulton Mall?,"[""Fulton Street in Downtown Fresno was Fresno's main financial and commercial district before being converted into one of the nation's first pedestrian malls in 1964. Renamed the Fulton Mall, the area contains the densest collection of historic buildings in Fresno. While the Fulton Mall corridor has suffered a sharp decline from its heyday, the Mall includes some of the finest public art pieces in the country, including the only Pierre-Auguste Renoir piece in the world that one can walk up to and touch. "", ""Current plans call for the reopening of the Fulton Mall to automobile traffic. The public art pieces will be restored and placed near their current locations and will feature wide sidewalks (up to 28' on the east side of the street) to continue with the pedestrian friendly environment of the district."", ""The Toshiba gallery of Japanese art opened in December 1986. The majority of exhibits date from 1550 to 1900, but one of the oldest pieces displayed is the 13th-century sculpture of Amida Nyorai. Examples of classic Japanese armour from the mid-19th century, steel sword blades (Katana), Inrō, lacquerware including the Mazarin Chest dated c1640 is one of the finest surviving pieces from Kyoto, porcelain including Imari, Netsuke, woodblock prints including the work of Ando Hiroshige, graphic works include printed books, as well as a few paintings, scrolls and screens, textiles and dress including kimonos are some of the objects on display. One of the finest objects displayed is Suzuki Chokichi's bronze incense burner (koro) dated 1875, standing at over 2.25 metres high and 1.25 metres in diameter it is also one of the largest examples made. "", '1562, his finest work outside Italy), Bernini (Neptune and Triton c. 1622–3), Giovanni Battista Foggini, Vincenzo Foggini (Samson and the Philistines), Massimiliano Soldani Benzi, Antonio Corradini, Andrea Brustolon, Giovanni Battista Piranesi, Innocenzo Spinazzi, Canova, Carlo Marochetti and Raffaelle Monti. An unusual sculpture is the ancient Roman statue of Narcissus restored by Valerio Cioli c1564 with plaster. There are several small scale bronzes by Donatello, Alessandro Vittoria, Tiziano Aspetti and Francesco Fanelli in the collection. The largest item from Italy is the Chancel Chapel from Santa Chiara Florence dated 1493–1500, designed by Giuliano da Sangallo it is 11.1 metres in height by 5.4 metres square, it includes a grand sculpted tabernacle by Antonio Rossellino and coloured terracotta decoration.', ""Rodin is represented by more than 20 works in the museum collection, making it one of the largest collections of the sculptor's work outside France; these were given to the museum by the sculptor in 1914, as acknowledgement of Britain's support of France in World War I, although the statue of St John the Baptist had been purchased in 1902 by public subscription. Other French sculptors with work in the collection are Hubert Le Sueur, François Girardon, Michel Clodion, Jean-Antoine Houdon, Jean-Baptiste Carpeaux and Jules Dalou.""]",Pierre-Auguste Renoir,Pierre-Auguste Renoir,0.0,0.4481482163357433
Semen contains what in order to kill pathogens?,"['Enzymes such as lysozyme and phospholipase A2 in saliva, tears, and breast milk are also antibacterials. Vaginal secretions serve as a chemical barrier following menarche, when they become slightly acidic, while semen contains defensins and zinc to kill pathogens. In the stomach, gastric acid and proteases serve as powerful chemical defenses against ingested pathogens.', ""Phagocytosis is an important feature of cellular innate immunity performed by cells called 'phagocytes' that engulf, or eat, pathogens or particles. Phagocytes generally patrol the body searching for pathogens, but can be called to specific locations by cytokines. Once a pathogen has been engulfed by a phagocyte, it becomes trapped in an intracellular vesicle called a phagosome, which subsequently fuses with another vesicle called a lysosome to form a phagolysosome. The pathogen is killed by the activity of digestive enzymes or following a respiratory burst that releases free radicals into the phagolysosome. "", 'The reactive oxygen species also directly kill any pathogens within the cell. Lower levels of reactive oxygen species initiate systemic acquired resistance, triggering defense-molecule production in the rest of the plant.', 'In the lungs, coughing and sneezing mechanically eject pathogens and other irritants from the respiratory tract. The flushing action of tears and urine also mechanically expels pathogens, while mucus secreted by the respiratory and gastrointestinal tract serves to trap and entangle microorganisms.', 'The success of any pathogen depends on its ability to elude host immune responses. Therefore, pathogens evolved several methods that allow them to successfully infect a host, while evading detection or destruction by the immune system. Bacteria often overcome physical barriers by secreting enzymes that digest the barrier, for example, by using a type II secretion system. Alternatively, using a type III secretion system, they may insert a hollow tube into the host cell, providing a direct route for proteins to move from the pathogen to the host. ']",Defensins and zinc,defensins and zinc,1.0,0.5563492720471345
When did the movement that would become The United Methodist Church begin?,"['The movement which would become The United Methodist Church began in the mid-18th century within the Church of England. A small group of students, including John Wesley, Charles Wesley and George Whitefield, met on the Oxford University campus. ', ""The United Methodist Church (UMC) is a mainline Protestant Methodist denomination. In the 19th century its main predecessor was a leader in Evangelicalism. Founded in 1968 by the union of the Methodist Church (USA) and the Evangelical United Brethren Church, the UMC traces its roots back to the revival movement of John and Charles Wesley in England as well as the Great Awakening in the United States. As such, the church's theological orientation is decidedly Wesleyan. "", 'On April 23, 1968, the United Methodist Church was created when the Evangelical United Brethren Church (represented by Bishop Reuben H. Mueller) and The Methodist Church (represented by Bishop Lloyd Christ Wicke) joined hands at the constituting General Conference in Dallas, Texas. With the words, ""Lord of the Church, we are united in Thee, in Thy Church and now in The United Methodist Church"" the new denomination was given birth by the two churches that had distinguished histories and influential ministries in various parts of the world.', ""While many United Methodist congregations operate in the evangelical tradition, others reflect the mainline Protestant traditions. Although United Methodist practices and interpretation of beliefs have evolved over time, these practices and beliefs can be traced to the writings of the church's founders, especially John Wesley and Charles Wesley (Anglicans), but also Philip William Otterbein and Martin Boehm (United Brethren), and Jacob Albright (Evangelical Association). With the formation of The United Methodist Church in 1968, theologian Albert C. Outler led the team which systematized denominational doctrine. "", 'The United Methodist Church is the largest denomination within the wider Methodist movement, which has approximately 80 million adherents across the world. In the United States, the UMC ranks as the largest mainline Protestant denomination, the largest Protestant church after the Southern Baptist Convention, and the third largest Christian denomination. As of 2014, worldwide membership was about 12 million: 7.2 million in the United States, and 4.4 million in Africa, Asia and Europe. ']",The movement that would become The United Methodist Church began in the mid-18th century.,mid-18th century,1.0,0.9999999999997945
What helped support the Command Module with a propulsion engine and propellants?,"['A cylindrical Service Module (SM) supported the Command Module, with a service propulsion engine and an RCS with propellants, and a fuel cell power generation system with liquid hydrogen and liquid oxygen reactants. A high-gain S-band antenna was used for long-distance communications on the lunar flights. On the extended lunar missions, an orbital scientific instrument package was carried. ', 'The Command Module (CM) was the conical crew cabin, designed to carry three astronauts from launch to lunar orbit and back to an Earth ocean landing. It was the only component of the Apollo spacecraft to survive without major configuration changes as the program evolved from the early Apollo study designs. ', 'North American Aviation won the contract to build the CSM, and also the second stage of the Saturn V launch vehicle for NASA. Because the CSM design was started early before the selection of lunar orbit rendezvous, the service propulsion engine was sized to lift the CSM off of the Moon, and thus was oversized to about twice the thrust required for translunar flight. Also, there was no provision for docking with the Lunar Module. ', 'A 1964 MSC study concluded, ""The LM [as lifeboat] ... was finally dropped, because no single reasonable CSM failure could be identified that would prohibit use of the SPS."" Ironically, just such a failure happened on Apollo 13 when an oxygen tank explosion left the command ship without electrical power. The Lunar Module provided propulsion, electrical power and life support to get the crew home safely.', 'Apollo used Saturn family rockets as launch vehicles. Apollo/Saturn vehicles were also used for an Apollo Applications Program, which consisted of Skylab, a space station that supported three manned missions in 1973–74, and the Apollo–Soyuz Test Project, a joint Earth orbit mission with the Soviet Union in 1975.']",The cylindrical Service Module (SM) supported the Command Module with a service propulsion engine and propellants.,Service Module (SM),1.0,0.6986190694524913
How can you protest against the government in an individual way?,"['More than this, since only individuals act, only individuals can act unjustly. When the government knocks on the door, it is an individual in the form of a postman or tax collector whose hand hits the wood. Before Thoreau’s imprisonment, when a confused taxman had wondered aloud about how to handle his refusal to pay, Thoreau had advised, “Resign.” If a man chose to be an agent of injustice, then Thoreau insisted on confronting him with the fact that he was making a choice. But if government is “the voice of the people,” as it is often called, shouldn’t that voice be heeded? Thoreau admits that government may express the will of the majority but it may also express nothing more than the will of elite politicians. Even a good form of government is “liable to be abused and perverted before the people can act through it.” Moreover, even if a government did express the voice of the people, this fact would not compel the obedience of individuals who disagree with what is being said. The majority may be powerful but it is not necessarily right. What, then, is the proper relationship between the individual and the government?', 'Howard Zinn writes, ""There may be many times when protesters choose to go to jail, as a way of continuing their protest, as a way of reminding their countrymen of injustice. But that is different than the notion that they must go to jail as part of a rule connected with civil disobedience. ', 'Some forms of civil disobedience, such as illegal boycotts, refusals to pay taxes, draft dodging, distributed denial-of-service attacks, and sit-ins, make it more difficult for a system to function. In this way, they might be considered coercive. ', 'Threatening government officials is another classic way of expressing defiance toward the government and unwillingness to stand for its policies. For example, Joseph Haas was arrested for allegedly sending an email to the Lebanon, New Hampshire city councilors stating, ""Wise up or die.""', 'Non-revolutionary civil disobedience is a simple disobedience of laws on the grounds that they are judged ""wrong"" by an individual conscience, or as part of an effort to render certain laws ineffective, to cause their repeal, or to exert pressure to get one\'s political wishes on some other issue. Revolutionary civil disobedience is more of an active attempt to overthrow a government (or to change cultural traditions, social customs, religious beliefs, etc...revolution doesn\'t have to be political, i.e. ""cultural revolution"", it simply implies sweeping and widespread change to a section of the social fabric). ']","You can protest against the government in an individual way by refusing to pay taxes, engaging in illegal boycotts, draft dodging, distributed denial-of-service attacks, sit-ins, or threatening government officials. Additionally, you can practice non-revolutionary civil disobedience by disobeying laws you judge to be wrong based on your conscience, aiming to render certain laws ineffective, cause their repeal, or exert pressure to get your political wishes on some other issue. Revolutionary civil disobedience involves actively attempting to overthrow a government or bring about widespread change to a section of the social fabric.",Threatening government officials,,0.908642473134582
What was the resolution of the cameras used in the EyeVision 360 system?,"['(An earlier version of EyeVision was last used in Super Bowl XXXV; for Super Bowl 50, the cameras were upgraded to 5K resolution.)', 'The images were from tapes in Australia, the CBS News archive, and kinescope recordings made at Johnson Space Center. The restored video, remaining in black and white, contains conservative digital enhancements and did not include sound quality improvements.', 'Worldvision was sold to a consortium of ABC executives for nearly $10 million.', 'The special was one of several special 3D programmes the BBC produced at the time, using a 3D system that made use of the Pulfrich effect requiring glasses with one darkened lens; the picture would look normal to those viewers who watched without the glasses.', 'Starting with the 2009 special ""Planet of the Dead"", the series was filmed in 1080i for HDTV, and broadcast simultaneously on BBC One and BBC HD.']",The resolution of the cameras used in the EyeVision 360 system is not explicitly stated in the provided context.,5K,1.0,0.0
Where did Tesla work with Edison?,"[""In 1882, Tesla began working for the Continental Edison Company in France, designing and making improvements to electrical equipment. In June 1884, he relocated to New York City:57–60 where he was hired by Thomas Edison to work at his Edison Machine Works on Manhattan's lower east side. "", 'Tesla gained experience in telephony and electrical engineering before emigrating to the United States in 1884 to work for Thomas Edison in New York City. He soon struck out on his own with financial backers, setting up laboratories and companies to develop a range of electrical devices. ', ""After leaving Edison's company Tesla partnered with two businessmen in 1886, Robert Lane and Benjamin Vail, who agreed to finance an electric lighting company in Tesla's name, Tesla Electric Light & Manufacturing. The company installed electrical arc light based illumination systems designed by Tesla and also had designs for dynamo electric machine commutators, the first patents issued to Tesla in the US."", 'In 1881, Tesla moved to Budapest to work under Ferenc Puskás at a telegraph company, the Budapest Telephone Exchange. Upon arrival, Tesla realized that the company, then under construction, was not functional, so he worked as a draftsman in the Central Telegraph Office instead. ', 'Tesla was a good friend of Francis Marion Crawford, Robert Underwood Johnson, Stanford White, Fritz Lowenstein, George Scherff, and Kenneth Swezey. In middle age, Tesla became a close friend of Mark Twain; they spent a lot of time together in his lab and elsewhere. Twain notably described Tesla\'s induction motor invention as ""the most valuable patent since the telephone."" In the late 1920s, Tesla also befriended George Sylvester Viereck, a poet, writer, mystic, and later, a Nazi propagandist. ']",New York City,New York City,1.0,0.49880168795610613
What type of soil is considered a product of soil management by indigenous peoples in the Amazon Forest?,"['Terra preta (black earth), which is distributed over large areas in the Amazon forest, is now widely accepted as a product of indigenous soil management. The development of this fertile soil allowed agriculture and silviculture in the previously hostile environment; meaning that large portions of the Amazon rainforest are probably the result of centuries of human management, rather than naturally occurring as has previously been supposed. ', 'Farms established during the 1960s were based on crop cultivation and the slash and burn method. However, the colonists were unable to manage their fields and the crops because of the loss of soil fertility and weed invasion. The soils in the Amazon are productive for just a short period of time, so farmers are constantly moving to new areas and clearing more land. These farming practices led to deforestation and caused extensive environmental damage. Deforestation is considerable, and areas cleared of forest are visible to the naked eye from outer space.', 'The use of remote sensing for the conservation of the Amazon is also being used by the indigenous tribes of the basin to protect their tribal lands from commercial interests. Using handheld GPS devices and programs like Google Earth, members of the Trio Tribe, who live in the rainforests of southern Suriname, map out their ancestral lands to help strengthen their territorial claims. ', ""As indigenous territories continue to be destroyed by deforestation and ecocide, such as in the Peruvian Amazon indigenous peoples' rainforest communities continue to disappear, while others, like the Urarina continue to struggle to fight for their cultural survival and the fate of their forested territories. Meanwhile, the relationship between non-human primates in the subsistence and symbolism of indigenous lowland South American peoples has gained increased attention, as have ethno-biology and community-based conservation efforts."", ""Deforestation is the conversion of forested areas to non-forested areas. The main sources of deforestation in the Amazon are human settlement and development of the land. Prior to the early 1960s, access to the forest's interior was highly restricted, and the forest remained basically intact. ""]",Terra preta (black earth),Terra preta (black earth),1.0,0.5325196758335125
What book did Luther write in response to Agricola and the antinomians?,"[""Early in 1537, Johannes Agricola (1494–1566) – serving at the time as pastor in Luther's birthplace, Eisleben – preached a sermon in which he claimed that God's gospel, not God's moral law (the Ten Commandments), revealed God's wrath to Christians. Based on this sermon and others by Agricola, Luther suspected that Agricola was behind certain anonymous antinomian theses circulating in Wittenberg. "", 'These theses asserted that the law is no longer to be taught to Christians but belonged only to city hall. Luther responded to these theses with six series of theses against Agricola and the antinomians, four of which became the basis for disputations between 1538 and 1540. He also responded to these assertions in other writings, such as his 1539 open letter to C. Güttel Against the Antinomians, and his book On the Councils and the Church from the same year.', ""At times, Luther's practical reforms fell short of his earlier radical pronouncements. For example, the Instructions for the Visitors of Parish Pastors in Electoral Saxony (1528), drafted by Melanchthon with Luther's approval, stressed the role of repentance in the forgiveness of sins, despite Luther's position that faith alone ensures justification. The Eisleben reformer Johannes Agricola challenged this compromise, and Luther condemned him for teaching that faith is separate from works. The Instruction is a problematic document for those seeking a consistent evolution in Luther's thought and practice."", 'On 31 October 1517, Luther wrote to his bishop, Albert of Mainz, protesting the sale of indulgences. He enclosed in his letter a copy of his ""Disputation of Martin Luther on the Power and Efficacy of Indulgences"", which came to be known as The Ninety-Five Theses. Hans Hillerbrand writes that Luther had no intention of confronting the church, but saw his disputation as a scholarly objection to church practices, and the tone of the writing is accordingly ""searching, rather than doctrinaire."" Hillerbrand writes that there is nevertheless an undercurrent of challenge in several of the theses, particularly in Thesis 86, which asks: ""Why does the pope, whose wealth today is greater than the wealth of the richest Crassus, build the basilica of St. ', 'Luther was the most widely read author of his generation, and within Germany he acquired the status of a prophet. According to the prevailing view among historians, his anti-Jewish rhetoric contributed significantly to the development of antisemitism in Germany, and in the 1930s and 1940s provided an ""ideal underpinning"" for the Nazis\' attacks on Jews. Reinhold Lewin writes that anybody who ""wrote against the Jews for whatever reason believed he had the right to justify himself by triumphantly referring to Luther."" According to Michael, just about every anti-Jewish book printed in the Third Reich contained references to and quotations from Luther. Heinrich Himmler wrote admiringly of his writings and sermons on the Jews in 1940. The city of Nuremberg presented a first edition of On the Jews and their Lies to Julius Streicher, editor of the Nazi newspaper Der Stürmer, on his birthday in 1937; the newspaper described it as the most radically anti-Semitic tract ever published. It was publicly exhibited in a glass case at the Nuremberg rallies and quoted in a 54-page explanation of the Aryan Law by Dr. E.H. ']",On the Councils and the Church,On the Councils and the Church,0.0,0.6563092153420594
How many launch pads were originally planned?,"['The LOC included Launch Complex 39, a Launch Control Center, and a 130 million cubic foot (3.7 million cubic meter) Vertical Assembly Building (VAB) in which the space vehicle (launch vehicle and spacecraft) would be assembled on a Mobile Launcher Platform and then moved by a transporter to one of several launch pads. Although at least three pads were planned, only two, designated A and B, were completed in October 1965. ', ""It also became clear that Apollo would outgrow the Canaveral launch facilities in Florida. The two newest launch complexes were already being built for the Saturn I and IB rockets at the northernmost end: LC-34 and LC-37. But an even bigger facility would be needed for the mammoth rocket required for the manned lunar mission, so land acquisition was started in July 1961 for a Launch Operations Center (LOC) immediately north of Canaveral at Merritt Island. The design, development and construction of the center was conducted by Kurt H. Debus, a member of Dr. Wernher von Braun's original V-2 rocket engineering team. Debus was named the LOC's first Director. "", 'Before the Apollo program began, Wernher von Braun and his team of rocket engineers had started work on plans for very large launch vehicles, the Saturn series, and the even larger Nova series. ', ""About the time of the first landing in 1969, it was decided to use an existing Saturn V to launch the Skylab orbital laboratory pre-built on the ground, replacing the original plan to construct it in orbit from several Saturn IB launches; this eliminated Apollo 20. NASA's yearly budget also began to shrink in light of the successful landing, and NASA also had to make funds available for the development of the upcoming Space Shuttle. "", 'The contracted batch of 15 Saturn Vs were enough for lunar landing missions through Apollo 20. NASA publicized a preliminary list of eight more planned landing sites, with plans to increase the mass of the CSM and LM for the last five missions, along with the payload capacity of the Saturn V. These final missions would combine the I and J types in the 1967 list, allowing the CMP to operate a package of lunar orbital sensors and cameras while his companions were on the surface, and allowing them to stay on the Moon for over three days. These missions would also carry the Lunar Roving Vehicle (LRV) increasing the exploration area and allowing televised liftoff of the LM. ']",Three,three,0.0,0.460309729797099
What was the goal of John Sheepshanks considerable bequest to the museum?,"[""In 1857 John Sheepshanks donated 233 paintings, mainly by contemporary British artists, and a similar number of drawings to the museum with the intention of forming a 'A National Gallery of British Art', a role since taken on by Tate Britain; artists represented are William Blake, James Barry, Henry Fuseli, Sir Edwin Henry Landseer, Sir David Wilkie, William Mulready, William Powell Frith, Millais and Hippolyte Delaroche. Although some of Constable's works came to the museum with the Sheepshanks bequest, the majority of the artist's works were donated by his daughter Isabel in 1888, including the large number of sketches in oil, the most significant being the 1821 full size oil sketch for The Hay Wain. "", 'They now form the galleries for temporary exhibitions and are directly behind the Sheepshanks Gallery. On the very northern edge of the site is situated the Secretariat Wing, also built in 1862 this houses the offices and board room etc. and is not open to the public.', 'An online petition of over 5,100 names on the Parliamentary website led to Chris Smith asking Parliament about the future of the collection. The answer, from Bryan Davies was that the museum intended to preserve and care for the collection and keep it available to the public, with items being redistributed to the British Galleries, the Medieval & Renaissance Galleries, and the planned new galleries for Furniture and Europe 1600–1800, and that the Horniman Museum and other institutions were possible candidates for loans of material to ensure that the instruments remained publicly viewable. The Horniman went on to host a joint exhibition with the V&A of musical instruments, and has the loan of 35 instruments from the museum.', 'The Soulages collection of Italian and French Renaissance objects was acquired between 1859 and 1865, and includes several cassone. The John Jones Collection of French 18th-century art and furnishings was left to the museum in 1882, then valued at £250,000. One of the most important pieces in this collection is a marquetry commode by the ébéniste Jean Henri Riesener dated c1780. Other signed pieces of furniture in the collection include a bureau by Jean-François Oeben, a pair of pedestals with inlaid brass work by André Charles Boulle, a commode by Bernard Vanrisamburgh and a work-table by Martin Carlin. Other 18th-century ébénistes represented in the Museum collection include Adam Weisweiler, David Roentgen, Gilles Joubert & Pierre Langlois. In 1901, Sir George Donaldson donated several pieces of art Nouveau furniture to the museum, which he had acquired the previous year at the Paris Exposition Universelle. ', ""All the major 19th-century British factories are also represented. A major boost to the collections was the Salting Bequest made in 1909, which enriched the museum's stock of Chinese and Japanese ceramics. This bequest forms part of the finest collection of East Asian pottery and porcelain in the world, including Kakiemon ware.""]",The goal of John Sheepshanks' considerable bequest to the museum was to form a 'A National Gallery of British Art'.,forming a 'A National Gallery of British Art',1.0,0.9801372361829297
What book of the Bible discusses civil disobedience?,"[""Civil disobedience is one of the many ways people have rebelled against what they deem to be unfair laws. It has been used in many nonviolent resistance movements in India (Gandhi's campaigns for independence from the British Empire), in Czechoslovakia's Velvet Revolution and in East Germany to oust their communist governments, In South Africa in the fight against apartheid, in the American Civil Rights Movement, in the Singing Revolution to bring independence to the Baltic countries from the Soviet Union, recently with the 2003 Rose Revolution in Georgia and the 2004 Orange Revolution in Ukraine, among other various movements worldwide."", 'The Fully Informed Jury Association\'s publication ""A Primer for Prospective Jurors"" notes, ""Think of the dilemma faced by German citizens when Hitler\'s secret police demanded to know if they were hiding a Jew in their house."" By this definition, civil disobedience could be traced back to the Book of Exodus, where Shiphrah and Puah refused a direct order of Pharaoh but misrepresented how they did it. (Exodus 1: 15-19)', ""One of the oldest depictions of civil disobedience is in Sophocles' play Antigone, in which Antigone, one of the daughters of former King of Thebes, Oedipus, defies Creon, the current King of Thebes, who is trying to stop her from giving her brother Polynices a proper burial. She gives a stirring speech in which she tells him that she must obey her conscience rather than human law. "", ""Civil disobedience is usually defined as pertaining to a citizen's relation to the state and its laws, as distinguished from a constitutional impasse in which two public agencies, especially two equally sovereign branches of government, conflict. For instance, if the head of government of a country were to refuse to enforce a decision of that country's highest court, it would not be civil disobedience, since the head of government would be acting in her or his capacity as public official rather than private citizen."", 'The earliest recorded incidents of collective civil disobedience took place during the Roman Empire[citation needed]. Unarmed Jews gathered in the streets to prevent the installation of pagan images in the Temple in Jerusalem.']",The Book of Exodus,Book of Exodus,1.0,0.6212939198118855
What type of support does co-teaching provide?,"['Co-teaching has also become a new trend amongst educational institutions. Co-teaching is defined as two or more teachers working harmoniously to fulfill the needs of every student in the classroom. Co-teaching focuses the student on learning by providing a social networking support that allows them to reach their full cognitive potential. ', 'In education, teachers facilitate student learning, often in a school or academy or perhaps in another environment such as outdoors. A teacher who teaches on an individual basis may be described as a tutor.', 'Students are likely to build stronger relations with teachers who are friendly and supportive and will show more interest in courses taught by these teachers. Teachers that spend more time interacting and working directly with students are perceived as supportive and effective teachers. ', 'Co-teachers work in sync with one another to create a climate of learning.', 'However, alternative approaches for primary education do exist. One of these, sometimes referred to as a ""platoon"" system, involves placing a group of students together in one class that moves from one specialist to another for every subject. The advantage here is that students learn from teachers who specialize in one subject and who tend to be more knowledgeable in that one area than a teacher who teaches many subjects. Students still derive a strong sense of security by staying with the same group of peers for all classes.']",Co-teaching provides social networking support that allows students to reach their full cognitive potential.,social networking support,1.0,0.8267699409091356
Where did the pharmacist stand in relation to the Emperor's personal physicians?,"['In the Imperial household, the pharmacist was even ranked above the two personal physicians of the Emperor.', 'In Japan, at the end of the Asuka period (538–710) and the early Nara period (710–794), the men who fulfilled roles similar to those of modern pharmacists were highly respected. The place of pharmacists in society was expressly defined in the Taihō Code (701) and re-stated in the Yōrō Code (718). Ranked positions in the pre-Heian Imperial court were established; and this organizational structure remained largely intact until the Meiji Restoration (1868). In this highly stable hierarchy, the pharmacists—and even pharmacist assistants—were assigned status superior to all others in health-related fields such as physicians and acupuncturists. ', 'Pharmacists are healthcare professionals with specialised education and training who perform various roles to ensure optimal health outcomes for their patients through the quality use of medicines. Pharmacists may also be small-business proprietors, owning the pharmacy in which they practice. ', 'Kublai created the Imperial Academy of Medicine to manage medical treatises and the education of new doctors. Confucian scholars were attracted to the medical profession because it ensured a high income and medical ethics were compatible with Confucian virtues.', 'The word pharmacy is derived from its root word pharma which was a term used since the 15th–17th centuries. However, the original Greek roots from pharmakos imply sorcery or even poison. In addition to pharma responsibilities, the pharma offered general medical advice and a range of services that are now performed solely by other specialist practitioners, such as surgery and midwifery. The pharma (as it was referred to) often operated through a retail shop which, in addition to ingredients for medicines, sold tobacco and patent medicines. Often the place that did this was called an apothecary and several languages have this as the dominant term, though their practices are more akin to a modern pharmacy, in English the term apothecary would today be seen as outdated or only approproriate if herbal remedies were on offer to a large extent. ']",The pharmacist was ranked above the two personal physicians of the Emperor.,ranked above,1.0,0.9104577758129663
Innate cells can act as mediators in the activation of what branch of the immune system?,"['Innate cells are also important mediators in the activation of the adaptive immune system.', 'Leukocytes (white blood cells) act like independent, single-celled organisms and are the second arm of the innate immune system. The innate leukocytes include the phagocytes (macrophages, neutrophils, and dendritic cells), mast cells, eosinophils, basophils, and natural killer cells. These cells identify and eliminate pathogens, either by attacking larger pathogens through contact or by engulfing and then killing microorganisms. ', 'Microorganisms or toxins that successfully enter an organism encounter the cells and mechanisms of the innate immune system. The innate response is usually triggered when microbes are identified by pattern recognition receptors, which recognize components that are conserved among broad groups of microorganisms, or when damaged, injured or stressed cells send out alarm signals, many of which (but not all) are recognized by the same receptors as those that recognize pathogens. Innate immune defenses are non-specific, meaning these systems respond to pathogens in a generic way. ', 'Natural killer cells, or NK cells, are a component of the innate immune system which does not directly attack invading microbes. Rather, NK cells destroy compromised host cells, such as tumor cells or virus-infected cells, recognizing such cells by a condition known as ""missing self."" This term describes cells with low levels of a cell-surface marker called MHC I (major histocompatibility complex) – a situation that can arise in viral infections of host cells. They were named ""natural killer"" because of the initial notion that they do not require activation in order to kill cells that are ""missing self."" ', 'Innate immune systems are found in all plants and animals. If pathogens successfully evade the innate response, vertebrates possess a second layer of protection, the adaptive immune system, which is activated by the innate response. Here, the immune system adapts its response during an infection to improve its recognition of the pathogen. This improved response is then retained after the pathogen has been eliminated, in the form of an immunological memory, and allows the adaptive immune system to mount faster and stronger attacks each time this pathogen is encountered.']",Innate cells can act as mediators in the activation of the adaptive immune system.,adaptive immune system,1.0,0.8007040366949422
How many lines run out of Downtown Los Angeles?,"['Six of the seven lines of the commuter rail system, Metrolink, run out of Downtown Los Angeles, connecting Los Angeles, Ventura, San Bernardino, Riverside, Orange, and San Diego counties with the other line connecting San Bernardino, Riverside, and Orange counties directly.', 'Within the Los Angeles Area are the major business districts of Downtown Burbank, Downtown Santa Monica, Downtown Glendale and Downtown Long Beach. Los Angeles itself has many business districts including the Downtown Los Angeles central business district as well as those lining the Wilshire Boulevard Miracle Mile including Century City, Westwood and Warner Center in the San Fernando Valley.', ""Within southern California are two major cities, Los Angeles and San Diego, as well as three of the country's largest metropolitan areas. With a population of 3,792,621, Los Angeles is the most populous city in California and the second most populous in the United States. "", 'Downtown San Diego is the central business district of San Diego, though the city is filled with business districts. These include Carmel Valley, Del Mar Heights, Mission Valley, Rancho Bernardo, Sorrento Mesa, and University City. ', 'Los Angeles (at 3.7 million people) and San Diego (at 1.3 million people), both in southern California, are the two largest cities in all of California (and two of the eight largest cities in the United States). In southern California there are also twelve cities with more than 200,000 residents and 34 cities over 100,000 in population. ']",Six,Six,1.0,0.456878444112145
What does less education lead to when working?,"['As a result, those who are unable to afford an education, or choose not to pursue optional education, generally receive much lower wages. The justification for this is that a lack of education leads directly to lower incomes, and thus lower aggregate savings and investment. Conversely, education raises incomes and promotes growth because it helps to unleash the productive potential of the poor.', ""An important factor in the creation of inequality is variation in individuals' access to education. Education, especially in an area where there is a high demand for workers, creates high wages for those with this education, however, increases in education first increase and then decrease growth as well as income inequality. "", 'When a person’s capabilities are lowered, they are in some way deprived of earning as much income as they would otherwise. An old, ill man cannot earn as much as a healthy young man; gender roles and customs may prevent a woman from receiving an education or working outside the home. There may be an epidemic that causes widespread panic, or there could be rampant violence in the area that prevents people from going to work for fear of their lives. ', 'Education is very important for the growth of the economy, however educational inequality in gender also influence towards the economy. Lagerlof and Galor stated that gender inequality in education can result to low economic growth, and continued gender inequality in education, thus creating a poverty trap. It is suggested that a large gap in male and female education may indicate backwardness and so may be associated with lower economic growth, which can explain why there is economic inequality between countries.', 'The smaller the economic inequality, the more waste and pollution is created, resulting in many cases, in more environmental degradation. This can be explained by the fact that as the poor people in the society become more wealthy, it increases their yearly carbon emissions. This relation is expressed by the Environmental Kuznets Curve (EKC).[not in citation given] It should be noted here however that in certain cases, with great economic inequality, there is nonetheless not more waste and pollution created as the waste/pollution is cleaned up better afterwards (water treatment, filtering, ...).... Also note that the whole of the increase in environmental degradation is the result of the increase of emissions per person being multiplied by a multiplier. If there were fewer people however, this multiplier would be lower, and thus the amount of environmental degradation would be lower as well. ']",Less education leads to lower wages when working.,lower wages,1.0,0.9009877121953053
What is more fundamental than force in quanton field theory?,"['In modern particle physics, forces and the acceleration of particles are explained as a mathematical by-product of exchange of momentum-carrying gauge bosons. With the development of quantum field theory and general relativity, it was realized that force is a redundant concept arising from conservation of momentum (4-momentum in relativity and momentum of virtual particles in quantum electrodynamics). The conservation of momentum can be directly derived from the homogeneity or symmetry of space and so is usually considered more fundamental than the concept of a force. Thus the currently known fundamental forces are considered more accurately to be ""fundamental interactions"".:199–128 When particle A emits (creates) or absorbs (annihilates) virtual particle B, a momentum conservation results in recoil of particle A making impression of repulsion or attraction between particles A A\' exchanging by B. This description applies to all forces arising from fundamental interactions. While sophisticated mathematical descriptions are needed to predict, in full detail, the accurate result of such interactions, there is a conceptually simple way to describe such interactions through the use of Feynman diagrams. ', ""All of the forces in the universe are based on four fundamental interactions. The strong and weak forces are nuclear forces that act only at very short distances, and are responsible for the interactions between subatomic particles, including nucleons and compound nuclei. The electromagnetic force acts between electric charges, and the gravitational force acts between masses. All other forces in nature derive from these four fundamental interactions. For example, friction is a manifestation of the electromagnetic force acting between the atoms of two surfaces, and the Pauli exclusion principle, which does not permit atoms to pass through each other. Similarly, the forces in springs, modeled by Hooke's law, are the result of electromagnetic forces and the Exclusion Principle acting together to return an object to its equilibrium position. Centrifugal forces are acceleration forces that arise simply from the acceleration of rotating frames of reference."", 'The development of fundamental theories for forces proceeded along the lines of unification of disparate ideas. For example, Isaac Newton unified the force responsible for objects falling at the surface of the Earth with the force responsible for the orbits of celestial mechanics in his universal theory of gravitation. Michael Faraday and James Clerk Maxwell demonstrated that electric and magnetic forces were unified through one consistent theory of electromagnetism. In the 20th century, the development of quantum mechanics led to a modern understanding that the first three fundamental forces (all except gravity) are manifestations of matter (fermions) interacting by exchanging virtual particles called gauge bosons. This standard model of particle physics posits a similarity between the forces and led scientists to predict the unification of the weak and electromagnetic forces in electroweak theory subsequently confirmed by observation. The complete formulation of the standard model predicts an as yet unobserved Higgs mechanism, but observations such as neutrino oscillations indicate that the standard model is incomplete. A Grand Unified Theory allowing for the combination of the electroweak interaction with the strong force is held out as a possibility with candidate theories such as supersymmetry proposed to accommodate some of the outstanding unsolved problems in physics. Physicists are still attempting to develop self-consistent unification models that would combine all four fundamental interactions into a theory of everything. Einstein tried and failed at this endeavor, but currently the most popular approach to answering this question is string theory.', 'With modern insights into quantum mechanics and technology that can accelerate particles close to the speed of light, particle physics has devised a Standard Model to describe forces between particles smaller than atoms. The Standard Model predicts that exchanged particles called gauge bosons are the fundamental means by which forces are emitted and absorbed. Only four main interactions are known: in order of decreasing strength, they are: strong, electromagnetic, weak, and gravitational.', 'Still, it is stronger than gravity over short distances. A consistent electroweak theory has also been developed, which shows that electromagnetic forces and the weak force are indistinguishable at a temperatures in excess of approximately 1015 kelvins. Such temperatures have been probed in modern particle accelerators and show the conditions of the universe in the early moments of the Big Bang.']",Conservation of momentum,conservation of momentum,1.0,0.5687972183182781
Which country in 1985 signed a treaty to give it special status?,"['Major amending treaties were signed to complete the development of a single, internal market in the Single European Act 1986, to further the development of a more social Europe in the Treaty of Amsterdam 1997, and to make minor amendments to the relative power of member states in the EU institutions in the Treaty of Nice 2001 and the Treaty of Lisbon 2007. Since its establishment, more member states have joined through a series of accession treaties, from the UK, Ireland, Denmark and Norway in 1972 (though Norway did not end up joining), Greece in 1979, Spain and Portugal 1985, Austria, Finland, Norway and Sweden in 1994 (though again Norway failed to join, because of lack of support in the referendum), the Czech Republic, Cyprus, Estonia, Hungary, Latvia, Lithuania, Malta, Poland, Slovakia and Slovenia in 2004, Romania and Bulgaria in 2007 and Croatia in 2013. Greenland signed a Treaty in 1985 giving it a special status.', 'The principal Treaties that form the European Union began with common rules for coal and steel, and then atomic energy, but more complete and formal institutions were established through the Treaty of Rome 1957 and the Maastricht Treaty 1992 (now: TFEU). Minor amendments were made during the 1960s and 1970s. ', 'Article 65 of the agreement banned cartels and article 66 made provisions for concentrations, or mergers, and the abuse of a dominant position by companies. This was the first time that competition law principles were included in a plurilateral regional agreement and established the trans-European model of competition law. In 1957 competition rules were included in the Treaty of Rome, also known as the EC Treaty, which established the European Economic Community (EEC). The Treaty of Rome established the enactment of competition law as one of the main aims of the EEC through the ""institution of a system ensuring that competition in the common market is not distorted"". The two central provisions on EU competition law on companies were established in article 85, which prohibited anti-competitive agreements, subject to some exemptions, and article 86 prohibiting the abuse of dominant position. The treaty also established principles on competition law for member states, with article 90 covering public undertakings, and article 92 making provisions on state aid. Regulations on mergers were not included as member states could not establish consensus on the issue at the time.', 'The Social Charter was subsequently adopted in 1989 by 11 of the then 12 member states. The UK refused to sign the Social Charter and was exempt from the legislation covering Social Charter issues unless it agreed to be bound by the legislation. The UK subsequently was the only member state to veto the Social Charter being included as the ""Social Chapter"" of the 1992 Maastricht Treaty - instead, an Agreement on Social Policy was added as a protocol. Again, the UK was exempt from legislation arising from the protocol, unless it agreed to be bound by it. The protocol was to become known as ""Social Chapter"", despite not actually being a chapter of the Maastricht Treaty. To achieve aims of the Agreement on Social Policy the European Union was to ""support and complement"" the policies of member states. ', 'In the United States, scholars argue that there already existed a negotiated settlement based on equality between both parties prior to 1973. The possibility that the Middle East could become another superpower confrontation with the USSR was of more concern to the US than oil. ']",Greenland,Greenland,1.0,0.45265504965208025
Which river joins the Rhine in Duisburg?,"['The Lower Rhine flows through North Rhine-Westphalia. Its banks are usually heavily populated and industrialized, in particular the agglomerations Cologne, Düsseldorf and Ruhr area. Here the Rhine flows through the largest conurbation in Germany, the Rhine-Ruhr region. One of the most important cities in this region is Duisburg with the largest river port in Europe (Duisport). ', 'The region downstream of Duisburg is more agricultural. In Wesel, 30 km downstream of Duisburg, is located the western end of the second east-west shipping route, the Wesel-Datteln Canal, which runs parallel to the Lippe. Between Emmerich and Cleves the Emmerich Rhine Bridge, the longest suspension bridge in Germany, crosses the 400 m wide river. Near Krefeld, the river crosses the Uerdingen line, the line which separates the areas where Low German and High German are spoken.', ""Until the early 1980s, industry was a major source of water pollution. Although many plants and factories can be found along the Rhine up into Switzerland, it is along the Lower Rhine that the bulk of them are concentrated, as the river passes the major cities of Cologne, Düsseldorf and Duisburg. Duisburg is the home of Europe's largest inland port and functions as a hub to the sea ports of Rotterdam, Antwerp and Amsterdam. The Ruhr, which joins the Rhine in Duisburg, is nowadays a clean river, thanks to a combination of stricter environmental controls, a transition from heavy industry to light industry and cleanup measures, such as the reforestation of Slag and brownfields. "", 'The Rhine is the longest river in Germany. It is here that the Rhine encounters some more of its main tributaries, such as the Neckar, the Main and, later, the Moselle, which contributes an average discharge of more than 300 m3/s (11,000 cu ft/s). ', 'The Rhine (Romansh: Rein, German: Rhein, French: le Rhin, Dutch: Rijn) is a European river that begins in the Swiss canton of Graubünden in the southeastern Swiss Alps, forms part of the Swiss-Austrian, Swiss-Liechtenstein border, Swiss-German and then the Franco-German border, then flows through the Rhineland and eventually empties into the North Sea in the Netherlands. The biggest city on the river Rhine is Cologne, Germany with a population of more than 1,050,000 people. ']",The Ruhr joins the Rhine in Duisburg.,Ruhr,1.0,0.7504536605964663
What Universal trailer debuted during the Super Bowl?,"['20th Century Fox, Lionsgate, Paramount Pictures, Universal Studios and Walt Disney Studios paid for movie trailers to be aired during the Super Bowl. Fox paid for Deadpool, X-Men: Apocalypse, Independence Day: Resurgence and Eddie the Eagle, Lionsgate paid for Gods of Egypt, Paramount paid for Teenage Mutant Ninja Turtles: Out of the Shadows and 10 Cloverfield Lane, Universal paid for The Secret Life of Pets and the debut trailer for Jason Bourne and Disney paid for Captain America: Civil War, The Jungle Book and Alice Through the Looking Glass.', 'CBS broadcast Super Bowl 50 in the U.S., and charged an average of $5 million for a 30-second commercial during the game. The Super Bowl 50 halftime show was headlined by the British rock group Coldplay with special guest performers Beyoncé and Bruno Mars, who headlined the Super Bowl XLVII and Super Bowl XLVIII halftime shows, respectively. It was the third-most watched U.S. ', 'On December 3, the league confirmed that the show would be headlined by the British rock group Coldplay. On January 7, 2016, Pepsi confirmed to the Associated Press that Beyoncé, who headlined the Super Bowl XLVII halftime show and collaborated with Coldplay on the single ""Hymn for the Weekend"", would be making an appearance. Bruno Mars, who headlined the Super Bowl XLVIII halftime show, and Mark Ronson also performed.', ""Super Bowl 50 was an American football game to determine the champion of the National Football League (NFL) for the 2015 season. The American Football Conference (AFC) champion Denver Broncos defeated the National Football Conference (NFC) champion Carolina Panthers 24–10 to earn their third Super Bowl title. The game was played on February 7, 2016, at Levi's Stadium in the San Francisco Bay Area at Santa Clara, California. "", ""The game's media day, which was typically held on the Tuesday afternoon prior to the game, was moved to the Monday evening and re-branded as Super Bowl Opening Night. The event was held on February 1, 2016 at SAP Center in San Jose. ""]",The Secret Life of Pets,Jason Bourne,0.0,0.4146654883507202
What is Prevenient grace?,"['Prevenient grace, or the grace that ""goes before"" us, is given to all people. It is that power which enables us to love and motivates us to seek a relationship with God through Jesus Christ. ', ""This grace is the present work of God to turn us from our sin-corrupted human will to the loving will of the Father. In this work, God desires that we might sense both our sinfulness before God and God's offer of salvation. Prevenient grace allows those tainted by sin to nevertheless make a truly free choice to accept or reject God's salvation in Christ."", 'Sanctifying Grace is that grace of God which sustains the believers in the journey toward Christian Perfection: a genuine love of God with heart, soul, mind, and strength, and a genuine love of our neighbors as ourselves. Sanctifying grace enables us to respond to God by leading a Spirit-filled and Christ-like life aimed toward love. Wesley never claimed this state of perfection for himself but instead insisted the attainment of perfection was possible for all Christians. ', 'Justifying Grace or Accepting Grace is that grace, offered by God to all people, that we receive by faith and trust in Christ, through which God pardons the believer of sin. It is in justifying grace we are received by God, in spite of our sin. In this reception, we are forgiven through the atoning work of Jesus Christ on the cross. The justifying grace cancels our guilt and empowers us to resist the power of sin and to fully love God and neighbor. Today, justifying grace is also known as conversion, ""accepting Jesus as your personal Lord and Savior,"" or being ""born again"". John Wesley originally called this experience the New Birth. ', 'laws should not take effect before they are published. The doctrine of legitimate expectation, which has its roots in the principles of legal certainty and good faith, is also a central element of the general principle of legal certainty in European Union law. The legitimate expectation doctrine holds that and that ""those who act in good faith on the basis of law as it is or seems to be should not be frustrated in their expectations"".']","Prevenient grace is the grace that ""goes before"" us, given to all people, which enables us to love and motivates us to seek a relationship with God through Jesus Christ. It is the present work of God to turn us from our sin-corrupted human will to the loving will of the Father, allowing us to sense our sinfulness and God's offer of salvation, and enabling us to make a truly free choice to accept or reject God's salvation in Christ.","the grace that ""goes before"" us",,0.880302484827669
Who did the U.S. collaborate with on an Earth orbit mission in 1975?,"[""The Soviet Union had sent animals around the Moon on September 15, 1968, aboard Zond 5, and it was believed they might soon repeat the feat with human cosmonauts. The decision was not announced publicly until successful completion of Apollo 7. Gemini veterans Frank Borman and James Lovell, and rookie William Anders captured the world's attention by making 10 lunar orbits in 20 hours, transmitting television pictures of the lunar surface on Christmas Eve, and returning safely to Earth."", 'The Apollo program, also known as Project Apollo, was the third United States human spaceflight program carried out by the National Aeronautics and Space Administration (NASA), which accomplished landing the first humans on the Moon from 1969 to 1972. First conceived during Dwight D. Eisenhower\'s administration as a three-man spacecraft to follow the one-man Project Mercury which put the first Americans in space, Apollo was later dedicated to President John F. Kennedy\'s national goal of ""landing a man on the Moon and returning him safely to the Earth"" by the end of the 1960s, which he proposed in a May 25, 1961, address to Congress. Project Mercury was followed by the two-man Project Gemini (1962–66). ', 'The G mission was achieved on Apollo 11 in July 1969 by an all-Gemini veteran crew consisting of Neil Armstrong, Michael Collins and Buzz Aldrin. Armstrong and Aldrin performed the first landing at the Sea of Tranquility at 20:17:40 UTC on July 20, 1969. They spent a total of 21 hours, 36 minutes on the surface, and spent 2 hours, 31 minutes outside the spacecraft, walking on the surface, taking photographs, collecting material samples, and deploying automated scientific instruments, while continuously sending black-and-white television back to Earth. ', 'In early 1961, direct ascent was generally the mission mode in favor at NASA. Many engineers feared that a rendezvous —let alone a docking— neither of which had been attempted even in Earth orbit, would be extremely difficult in lunar orbit. Dissenters including John Houbolt at Langley Research Center emphasized the important weight reductions that were offered by the LOR approach. ', 'The problems with North American were severe enough in late 1965 to cause Manned Space Flight Administrator George Mueller to appoint program director Samuel Phillips to head a ""tiger team"" to investigate North American\'s problems and identify corrections. Phillips documented his findings in a December 19 letter to NAA president Lee Atwood, with a strongly worded letter by Mueller, and also gave a presentation of the results to Mueller and Deputy Administrator Robert Seamans. ']","The context provided does not contain information about a U.S. collaboration on an Earth orbit mission in 1975. Therefore, I don't know.",Soviet Union,0.0,0.0
What type of launch was happening during the Apollo 1 incident?,"['Apollo 5 (AS-204) was the first unmanned test flight of LM in Earth orbit, launched from pad 37 on January 22, 1968, by the Saturn IB that would have been used for Apollo 1. The LM engines were successfully test-fired and restarted, despite a computer programming error which cut short the first descent stage firing. ', 'The Apollo program, also known as Project Apollo, was the third United States human spaceflight program carried out by the National Aeronautics and Space Administration (NASA), which accomplished landing the first humans on the Moon from 1969 to 1972. First conceived during Dwight D. Eisenhower\'s administration as a three-man spacecraft to follow the one-man Project Mercury which put the first Americans in space, Apollo was later dedicated to President John F. Kennedy\'s national goal of ""landing a man on the Moon and returning him safely to the Earth"" by the end of the 1960s, which he proposed in a May 25, 1961, address to Congress. Project Mercury was followed by the two-man Project Gemini (1962–66). ', 'The success of the first two landings allowed the remaining missions to be crewed with a single veteran as Commander, with two rookies. Apollo 13 launched Lovell, Jack Swigert, and Fred Haise in April 1970, headed for the Fra Mauro formation. But two days out, a liquid oxygen tank exploded, disabling the Service Module and forcing the crew to use the LM as a ""life boat"" to return to Earth. ', ""The delay in the CSM caused by the fire enabled NASA to catch up on man-rating the LM and Saturn V. Apollo 4 (AS-501) was the first unmanned flight of the Saturn V, carrying a Block I CSM on November 9, 1967. The capability of the Command Module's heat shield to survive a trans-lunar reentry was demonstrated by using the Service Module engine to ram it into the atmosphere at higher than the usual Earth-orbital reentry speed. This was followed on April 4, 1968, by Apollo 6 (AS-502) which carried a CSM and a LM Test Article as ballast. The intent of this mission was to achieve trans-lunar injection, followed closely by a simulated direct-return abort, using the Service Module engine to achieve another high-speed reentry. The Saturn V experienced pogo oscillation, a problem caused by non-steady engine combustion, which damaged fuel lines in the second and third stages. Two S-II engines shut down prematurely, but the remaining engines were able to compensate. "", 'This was followed by five launches of boilerplate CSMs (designated AS-101 through AS-105) into orbit in 1964 and 1965. The last three of these further supported the Apollo program by also carrying Pegasus satellites, which verified the safety of the translunar environment by measuring the frequency and severity of micrometeorite impacts.']","The Apollo 1 incident involved a crewed launch. Apollo 1 was a manned mission, specifically the first crewed Apollo mission, which tragically ended in a fire during launch.",prelaunch test,0.0,0.8613105231304492
What did Warsz own?,"['Warsaw\'s name in the Polish language is Warszawa, approximately /vɑːrˈʃɑːvə/ (also formerly spelled Warszewa and Warszowa), meaning ""belonging to Warsz"", Warsz being a shortened form of the masculine name of Slavic origin Warcisław; see also etymology of Wrocław. Folk etymology attributes the city name to a fisherman, Wars, and his wife, Sawa. According to legend, Sawa was a mermaid living in the Vistula River with whom Wars fell in love. In actuality, Warsz was a 12th/13th-century nobleman who owned a village located at the modern-day site of Mariensztat neighbourhood. ', 'See also the Vršovci family which had escaped to Poland. The official city name in full is miasto stołeczne Warszawa (English: ""The Capital City of Warsaw""). A native or resident of Warsaw is known as a Varsovian – in Polish warszawiak (male), warszawianka (female), warszawiacy (plural).', ""In 1983, ABC sold KXYZ to the Infinity Broadcasting Corporation. On January 4, 1984, The New York Times reported that ABC, through its subsidiary ABC Video Enterprises, had exercised its option to purchase up to 15% (or between $25 million and $30 million) of Getty Oil's shares in ESPN, which would allow it to expand its shares at a later date. "", 'The remaining $500 million was loaned by Warren Buffett, who promised that his company Berkshire Hathaway would purchase $3 million in shares, at $172.50 apiece. Due to an FCC ban on same-market ownership of television and radio stations by a single company (although the deal would have otherwise complied with new ownership rules implemented by the FCC in January 1985, that allowed broadcasters to own a maximum of 12 television stations), ABC and Capital Cities respectively decided to sell WXYZ-TV and Tampa independent station WFTS-TV to the E. W. Scripps Company (although Capital Cities/ABC originally intended to seek a cross-ownership waiver to retain WXYZ and Capital Cities-owned radio stations WJR and WHYT).', ""It was re-established in April 1991, following the end of the post-war communist control of the country and the reintroduction of a free-market economy. Today, the Warsaw Stock Exchange (WSE) is, according to many indicators, the largest market in the region, with 374 companies listed and total capitalization of 162 584 mln EUR as of 31 August 2009. From 1991 until 2000, the stock exchange was, ironically, located in the building previously used as the headquarters of the Polish United Workers' Party (PZPR).""]",A village located at the modern-day site of Mariensztat neighbourhood.,a village,1.0,0.4878713545391686
How do you pronounce Fresno?,"['Fresno (/ˈfrɛznoʊ/ FREZ-noh), the county seat of Fresno County, is a city in the U.S. state of California. ', 'As of 2015, the city\'s population was 520,159, making it the fifth-largest city in California, the largest inland city in California and the 34th-largest in the nation. Fresno is in the center of the San Joaquin Valley and is the largest city in the Central Valley, which contains the San Joaquin Valley. It is approximately 220 miles (350 km) northwest of Los Angeles, 170 miles (270 km) south of the state capital, Sacramento, or 185 miles (300 km) south of San Francisco. The name Fresno means ""ash tree"" in Spanish, and an ash leaf is featured on the city\'s flag.', 'Fresno is served by State Route 99, the main north/south freeway that connects the major population centers of the California Central Valley. State Route 168, the Sierra Freeway, heads east to the city of Clovis and Huntington Lake. ', 'The 2010 United States Census reported that Fresno had a population of 494,665. The population density was 4,404.5 people per square mile (1,700.6/km²). The racial makeup of Fresno was 245,306 (49.6%) White, 40,960 (8.3%) African American, 8,525 (1.7%) Native American, 62,528 (12.6%) Asian (3.6% Hmong, 1.7% Indian, 1.2% Filipino, 1.2% Laotian, 1.0% Thai, 0.8% Cambodian, 0.7% Chinese, 0.5% Japanese, 0.4% Vietnamese, 0.2% Korean), 849 (0.2%) Pacific Islander, 111,984 (22.6%) from other races, and 24,513 (5.0%) from two or more races. Hispanic or Latino of any race were 232,055 persons (46.9%). ', 'The official record high temperature for Fresno is 115 °F (46.1 °C), set on July 8, 1905, while the official record low is 17 °F (−8 °C), set on January 6, 1913. The average windows for 100 °F (37.8 °C)+, 90 °F (32.2 °C)+, and freezing temperatures are June 1 thru September 13, April 26 thru October 9, and December 10 thru January 28, respectively, and no freeze occurred between in the 1983/1984 season. ']",FRES-noh,(/ˈfrɛznoʊ/ FREZ-noh),1.0,0.6440331368397736
What members typically open debates?,"['As well as the proposer, other members normally contribute to the debate. The relevant minister, whose department the debate and motion relate to ""winds up"" the debate by speaking after all other participants.', 'The Presiding Officer (or Deputy Presiding Officer) decides who speaks in chamber debates and the amount of time for which they are allowed to speak. Normally, the Presiding Officer tries to achieve a balance between different viewpoints and political parties when selecting members to speak. Typically, ministers or party leaders open debates, with opening speakers given between 5 and 20 minutes, and succeeding speakers allocated less time. The Presiding Officer can reduce speaking time if a large number of members wish to participate in the debate. ', 'Immediately after Decision Time a ""Members Debate"" is held, which lasts for 45 minutes. Members Business is a debate on a motion proposed by an MSP who is not a Scottish minister. Such motions are on issues which may be of interest to a particular area such as a member\'s own constituency, an upcoming or past event or any other item which would otherwise not be accorded official parliamentary time. ', 'Members are able to sit anywhere in the debating chamber, but typically sit in their party groupings. The First Minister, Scottish cabinet ministers and Law officers sit in the front row, in the middle section of the chamber. The largest party in the Parliament sits in the middle of the semicircle, with opposing parties on either side. The Presiding Officer, parliamentary clerks and officials sit opposite members at the front of the debating chamber.', 'Debate is more informal than in some parliamentary systems. Members may call each other directly by name, rather than by constituency or cabinet position, and hand clapping is allowed. Speeches to the chamber are normally delivered in English, but members may use Scots, Gaelic, or any other language with the agreement of the Presiding Officer. The Scottish Parliament has conducted debates in the Gaelic language.']",Ministers or party leaders,ministers or party leaders,1.0,0.0
What two radio stations in Denver carried Super Bowl 50?,"[""Super Bowl 50 was an American football game to determine the champion of the National Football League (NFL) for the 2015 season. The American Football Conference (AFC) champion Denver Broncos defeated the National Football Conference (NFC) champion Carolina Panthers 24–10 to earn their third Super Bowl title. The game was played on February 7, 2016, at Levi's Stadium in the San Francisco Bay Area at Santa Clara, California. "", 'CBS broadcast Super Bowl 50 in the U.S., and charged an average of $5 million for a 30-second commercial during the game. The Super Bowl 50 halftime show was headlined by the British rock group Coldplay with special guest performers Beyoncé and Bruno Mars, who headlined the Super Bowl XLVII and Super Bowl XLVIII halftime shows, respectively. It was the third-most watched U.S. ', 'As KOA and WBT are both clear-channel stations, the local broadcasts will be audible over much of the western United States after sunset (for Denver) and the eastern United States throughout the game (for Carolina). In accordance with contractual rules, the rest of the stations in the Broncos and Panthers radio networks will either carry the Westwood One feed or not carry the game at all.', 'The flagship stations of each station in the markets of each team will carry their local play-by-play calls. In Denver, KOA (850 AM) and KRFX (103.5 FM) will carry the game, with Dave Logan on play-by-play and Ed McCaffrey on color commentary. In North Carolina, WBT (1110 AM) will carry the game, with Mick Mixon on play-by-play and Eugene Robinson and Jim Szoke on color commentary. WBT will also simulcast the game on its sister station WBT-FM (99.3 FM), which is based in Chester, South Carolina. ', ""Super Bowl 50 featured numerous records from individuals and teams. Denver won despite being massively outgained in total yards (315 to 194) and first downs (21 to 11). Their 194 yards and 11 first downs were both the lowest totals ever by a Super Bowl winning team. The previous record was 244 yards by the Baltimore Ravens in Super Bowl XXXV. Only seven other teams had ever gained less than 200 yards in a Super Bowl, and all of them had lost. The Broncos' seven sacks tied a Super Bowl record set by the Chicago Bears in Super Bowl XX. Kony Ealy tied a Super Bowl record with three sacks. Jordan Norwood's 61-yard punt return set a new record, surpassing the old record of 45 yards set by John Taylor in Super Bowl XXIII. Denver was just 1-of-14 on third down, while Carolina was barely better at 3-of-15. ""]",KOA (850 AM) and KRFX (103.5 FM),KOA (850 AM) and KRFX (103.5 FM),1.0,0.5627537981674128
Of what group in the periodic table is oxygen a member?,"[""Oxygen is a chemical element with symbol O and atomic number 8. It is a member of the chalcogen group on the periodic table and is a highly reactive nonmetal and oxidizing agent that readily forms compounds (notably oxides) with most elements. By mass, oxygen is the third-most abundant element in the universe, after hydrogen and helium. At standard temperature and pressure, two atoms of the element bind to form dioxygen, a colorless and odorless diatomic gas with the formula O\n2. Diatomic oxygen gas constitutes 20.8% of the Earth's atmosphere. "", ""The common allotrope of elemental oxygen on Earth is called dioxygen, O\n2. It is the form that is a major part of the Earth's atmosphere (see Occurrence). O2 has a bond length of 121 pm and a bond energy of 498 kJ·mol−1, which is smaller than the energy of other double bonds or pairs of single bonds in the biosphere and responsible for the exothermic reaction of O2 with any organic molecule. Due to its energy content, O2 is used by complex forms of life, such as animals, in cellular respiration (see Biological role). "", 'The metastable molecule tetraoxygen (O\n4) was discovered in 2001, and was assumed to exist in one of the six phases of solid oxygen. It was proven in 2006 that this phase, created by pressurizing O\n2 to 20 GPa, is in fact a rhombohedral O\n8 cluster. This cluster has the potential to be a much more powerful oxidizer than either O\n2 or O\n3 and may therefore be used in rocket fuel. A metallic phase was discovered in 1990 when solid oxygen is subjected to a pressure of above 96 GPa and it was shown in 1998 that at very low temperatures, this phase becomes superconducting.', 'Other important organic compounds that contain oxygen are: glycerol, formaldehyde, glutaraldehyde, citric acid, acetic anhydride, and acetamide. Epoxides are ethers in which the oxygen atom is part of a ring of three atoms.', 'Among the most important classes of organic compounds that contain oxygen are (where ""R"" is an organic group): alcohols (R-OH); ethers (R-O-R); ketones (R-CO-R); aldehydes (R-CO-H); carboxylic acids (R-COOH); esters (R-COO-R); acid anhydrides (R-CO-O-CO-R); and amides (R-C(O)-NR\n2). There are many important organic solvents that contain oxygen, including: acetone, methanol, ethanol, isopropanol, furan, THF, diethyl ether, dioxane, ethyl acetate, DMF, DMSO, acetic acid, and formic acid. Acetone ((CH\n3)\n2CO) and phenol (C\n6H\n5OH) are used as feeder materials in the synthesis of many different substances. ']",Chalcogen group,chalcogen,1.0,0.566064768390386
What was the name of the Norman castle?,"[""The Normans left their legacy in many castles, such as William Iron Arm's citadel at Squillace, and cathedrals, such as Roger II's Cappella Palatina chapel at Palermo, which dot the landscape and give a wholly distinct architectural flavor to accompany its unique history."", 'The Normans are noted both for their culture, such as their unique Romanesque architecture and musical traditions, and for their significant military accomplishments and innovations. Norman adventurers founded the Kingdom of Sicily under Roger II after conquering southern Italy on the Saracens and Byzantines, and an expedition on behalf of their duke, William the Conqueror, led to the Norman conquest of England at the Battle of Hastings in 1066. Norman cultural and military influence spread from these new European centres to the Crusader states of the Near East, where their prince Bohemond I founded the Principality of Antioch in the Levant, to Scotland and Wales in Great Britain, to Ireland, and to the coasts of north Africa and the Canary Islands.', 'Norman architecture typically stands out as a new stage in the architectural history of the regions they subdued. They spread a unique Romanesque idiom to England and Italy, and the encastellation of these regions with keeps in their north French style fundamentally altered the military landscape. ', 'The Normans (Norman: Nourmands; French: Normands; Latin: Normanni) were the people who in the 10th and 11th centuries gave their name to Normandy, a region in France. They were descended from Norse (""Norman"" comes from ""Norseman"") raiders and pirates from Denmark, Iceland and Norway who, under their leader Rollo, agreed to swear fealty to King Charles III of West Francia. Through generations of assimilation and mixing with the native Frankish and Roman-Gaulish populations, their descendants would gradually merge with the Carolingian-based cultures of West Francia. ', 'In England, the period of Norman architecture immediately succeeds that of the Anglo-Saxon and precedes the Early Gothic. In southern Italy, the Normans incorporated elements of Islamic, Lombard, and Byzantine building techniques into their own, initiating a unique style known as Norman-Arab architecture within the Kingdom of Sicily.']",William Iron Arm's citadel at Squillace,Afranji,1.0,0.5944723058311988
What kind of cell did cynaobacteria enter long ago?,"[""Somewhere around a billion years ago, a free-living cyanobacterium entered an early eukaryotic cell, either as food or as an internal parasite, but managed to escape the phagocytic vacuole it was contained in. The two innermost lipid-bilayer membranes that surround all chloroplasts correspond to the outer and inner membranes of the ancestral cyanobacterium's gram negative cell wall, and not the phagosomal membrane from the host, which was probably lost. The new cellular resident quickly became an advantage, providing food for the eukaryotic host, which allowed it to live within it. "", 'Phagocytosis evolved as a means of acquiring nutrients, but this role was extended in phagocytes to include engulfment of pathogens as a defense mechanism. Phagocytosis probably represents the oldest form of host defense, as phagocytes have been identified in both vertebrate and invertebrate animals.', 'Over time, the cyanobacterium was assimilated, and many of its genes were lost or transferred to the nucleus of the host. Some of its proteins were then synthesized in the cytoplasm of the host cell, and imported back into the chloroplast (formerly the cyanobacterium).', 'Cyanobacteria are considered the ancestors of chloroplasts. They are sometimes called blue-green algae even though they are prokaryotes. They are a diverse phylum of bacteria capable of carrying out photosynthesis, and are gram-negative, meaning that they have two cell membranes. Cyanobacteria also contain a peptidoglycan cell wall, which is thicker than in other gram-negative bacteria, and which is located between their two cell membranes. Like chloroplasts, they have thylakoids within. ', 'While most chloroplasts originate from that first set of endosymbiotic events, Paulinella chromatophora is an exception that acquired a photosynthetic cyanobacterial endosymbiont more recently. It is not clear whether that symbiont is closely related to the ancestral chloroplast of other eukaryotes. Being in the early stages of endosymbiosis, Paulinella chromatophora can offer some insights into how chloroplasts evolved. Paulinella cells contain one or two sausage shaped blue-green photosynthesizing structures called chromatophores, descended from the cyanobacterium Synechococcus. Chromatophores cannot survive outside their host. Chromatophore DNA is about a million base pairs long, containing around 850 protein encoding genes—far less than the three million base pair Synechococcus genome, but much larger than the approximately 150,000 base pair genome of the more assimilated chloroplast. Chromatophores have transferred much less of their DNA to the nucleus of their host. ']",A eukaryotic cell,eukaryotic,1.0,0.6210701509561649
What occurs when traveling across a surface at a constant velocity with regard to friction?,"['A simple case of dynamic equilibrium occurs in constant velocity motion across a surface with kinetic friction. In such a situation, a force is applied in the direction of motion while the kinetic friction force exactly opposes the applied force. ', 'This results in zero net force, but since the object started with a non-zero velocity, it continues to move with a non-zero velocity. Aristotle misinterpreted this motion as being caused by the applied force. However, when kinetic friction is taken into consideration it is clear that there is no net force causing constant velocity motion.', 'Pushing against an object on a frictional surface can result in a situation where the object does not move because the applied force is opposed by static friction, generated between the object and the table surface. For a situation with no movement, the static friction force exactly balances the applied force resulting in no acceleration. ', 'The static friction increases or decreases in response to the applied force up to an upper limit determined by the characteristics of the contact between the surface and the object.', 'For example, friction is caused by the gradients of numerous electrostatic potentials between the atoms, but manifests as a force model that is independent of any macroscale position vector. Nonconservative forces other than friction include other contact forces, tension, compression, and drag. However, for any sufficiently detailed description, all these forces are the results of conservative ones since each of these macroscopic forces are the net results of the gradients of microscopic potentials.']","When traveling across a surface at a constant velocity, the kinetic friction force exactly opposes the applied force, resulting in zero net force. However, since the object started with a non-zero velocity, it continues to move with a non-zero velocity.",dynamic equilibrium,1.0,0.9011664337546161
When was a study published confirming the 2001 IPCC projections?,"[""On 1 February 2007, the eve of the publication of IPCC's major report on climate, a study was published suggesting that temperatures and sea levels have been rising at or above the maximum rates proposed during the last IPCC report in 2001. The study compared IPCC 2001 projections on temperature and sea level change with observations. "", 'Another example of scientific research which suggests that previous estimates by the IPCC, far from overstating dangers and risks, have actually understated them is a study on projected rises in sea levels. When the researchers\' analysis was ""applied to the possible scenarios outlined by the Intergovernmental Panel on Climate Change (IPCC), the researchers found that in 2100 sea levels would be 0.5–1.4 m [50–140 cm] above 1990 levels. These values are much greater than the 9–88 cm as projected by the IPCC itself in its Third Assessment Report, published in 2001"". ', 'This projection was not included in the final summary for policymakers. The IPCC has since acknowledged that the date is incorrect, while reaffirming that the conclusion in the final summary was robust. ', ""Over the six years studied, the actual temperature rise was near the top end of the range given by IPCC's 2001 projection, and the actual sea level rise was above the top of the range of the IPCC projection."", ""Since the IPCC does not carry out its own research, it operates on the basis of scientific papers and independently documented results from other scientific bodies, and its schedule for producing reports requires a deadline for submissions prior to the report's final release. In principle, this means that any significant new evidence or events that change our understanding of climate science between this deadline and publication of an IPCC report cannot be included. In an area of science where our scientific understanding is rapidly changing, this has been raised as a serious shortcoming in a body which is widely regarded as the ultimate authority on the science. However, there has generally been a steady evolution of key findings and levels of scientific confidence from one assessment report to the next.""]",The context does not provide a specific date for when a study was published confirming the 2001 IPCC projections.,1 February 2007,1.0,0.0
Of what was the Diet of Worms an assembly? ,"['The enforcement of the ban on the 95 Theses fell to the secular authorities. On 18 April 1521, Luther appeared as ordered before the Diet of Worms. This was a general assembly of the estates of the Holy Roman Empire that took place in Worms, a town on the Rhine. It was conducted from 28 January to 25 May 1521, with Emperor Charles V presiding. ', ""In October 1529, Philip I, Landgrave of Hesse, convoked an assembly of German and Swiss theologians at the Marburg Colloquy, to establish doctrinal unity in the emerging Protestant states. Agreement was achieved on fourteen points out of fifteen, the exception being the nature of the Eucharist – the sacrament of the Lord's Supper—an issue crucial to Luther."", 'Over the next five days, private conferences were held to determine Luther\'s fate. The Emperor presented the final draft of the Edict of Worms on 25 May 1521, declaring Luther an outlaw, banning his literature, and requiring his arrest: ""We want him to be apprehended and punished as a notorious heretic."" It also made it a crime for anyone in Germany to give Luther food or shelter. ', 'Kilbrandon published his report in 1973 recommending the establishment of a directly elected Scottish Assembly to legislate for the majority of domestic Scottish affairs.', 'Defense Secretary Robert Gates called for establishing something similar to the defunct U.S. Information Agency, which was charged with undermining the communist ideology during the Cold War.']",The Diet of Worms was an assembly of the estates of the Holy Roman Empire.,estates of the Holy Roman Empire,1.0,0.8630474241001144
What is the church's theological orientation?,"['Today, the UMC is generally considered one of the more moderate and tolerant denominations with respect to race, gender, and ideology, though the denomination itself actually includes a very wide spectrum of attitudes. Comparatively, the UMC stands to the right of liberal and progressive Protestant groups such as the United Church of Christ and the Episcopal Church on certain issues (especially regarding sexuality), but to the left of historically conservative evangelical traditions such as the Southern Baptists and Pentecostalism, in regard to theological matters such as social justice and Biblical interpretation. However, it should be noted that the UMC is made up of a broad diversity of thought, and so there are many clergy and laity within the UMC that hold differing viewpoints on such theological matters.', 'Wesleyan theology stands at a unique cross-roads between evangelical and sacramental, between liturgical and charismatic, and between Anglo-Catholic and Reformed theology and practice. It has been characterized as Arminian theology with an emphasis on the work of the Holy Spirit to bring holiness into the life of the participating believer. The United Methodist Church believes in prima scriptura, seeing the Holy Bible as the primary authority in the Church and using sacred tradition, reason, and experience to interpret it, with the aid of the Holy Spirit (see Wesleyan Quadrilateral). Therefore, according to The Book of Discipline, United Methodist theology is at once ""catholic, evangelical, and reformed."" ', 'There are many forms of spiritual or religious teachers in Christianity, across all three major traditions - (Roman) Catholic, (Eastern) Orthodox Catholic, and Protestant/Non-Denominational, with a stronger tradition of spiritual formation in the more historic and authoritarian/hierarchical Christian traditions with a long tradition of ""discernment of spirits"", of vocations, and other aspects of spiritual life, especially the Roman and Orthodox Catholic Churches. These positions include: the honoured but informal position of starets or elder - a man (or, less often, woman), often a monastic, considered to be graced by God with certain gifts for the guidance of souls and the detection and correction of prelest (spiritual pride or deception) - who acts as a spiritual guide or father in the Orthodox Catholic tradition, especially Russian Orthodoxy (see Optina Monastery, which had a long line of said starets); the Priest or Confessor in Roman Catholicism, who is often a man in Holy Orders but may be a monastic or other person respected for his spiritual accomplishments or acumen (even the Pope of Rome has a Confessor, who is not always a bishop, and, due to the hierarchical structure of the Roman Church, can not be his equal in authority), which is often a semi-official to official position, as opposed to the unofficial positions of spiritual guides in the Orthodox Catholic and Protestant traditions; and the almost-exclusively informal arrangements (generally formal only in members who are under some form of church discipline) of mentorship (both of adults and children, in the latter case often a youth pastor) in the Protestant and Non-Denominational traditions, which boundaries can be blurred with the more typically Roman ""confessor"" position in some of the more historic and conservative Reformation Churches, such as some of the Lutheran and Anglican. ', 'The United Methodist Church is one tradition within the Christian Church. The United Methodist Church is active in ecumenical relations with other Christian groups and denominations. It is a member of the National Council of Churches, the World Council of Churches, Churches Uniting in Christ, and Christian Churches Together. ', ""The United Methodist Church understands itself to be part of the holy catholic (or universal) church and it recognizes the historic ecumenical creeds, the Apostle's Creed and the Nicene Creed; which are used frequently in services of worship. ""]","The United Methodist Church's theological orientation is described as ""catholic, evangelical, and reformed.""",Wesleyan,1.0,0.8306908064701203
What is an example of a steam-powered automobile?,"['Steam engines can be said to have been the moving force behind the Industrial Revolution and saw widespread commercial use driving machinery in factories, mills and mines; powering pumping stations; and propelling transport appliances such as railway locomotives, ships, steamboats and road vehicles. Their use in agriculture led to an increase in the land available for cultivation. ', 'Steam engines are external combustion engines, where the working fluid is separate from the combustion products. Non-combustion heat sources such as solar power, nuclear power or geothermal energy may be used. The ideal thermodynamic cycle used to analyze this process is called the Rankine cycle. In the cycle, water is heated and transforms into steam within a boiler operating at a high pressure. ', 'The first commercial steam-powered device was a water pump, developed in 1698 by Thomas Savery. It used condensing steam to create a vacuum which was used to raise water from below, then it used steam pressure to raise it higher. Small engines were effective though larger models were problematic. They proved only to have a limited lift height and were prone to boiler explosions. It received some use in mines, pumping stations and for supplying water wheels used to power textile machinery. An attractive feature of the Savery engine was its low cost. Bento de Moura Portugal introduced an ingenious improvement of Savery\'s construction ""to render it capable of working itself"", as described by John Smeaton in the Philosophical Transactions published in 1751. It continued to be manufactured until the late 18th century. ', 'Reciprocating piston type steam engines remained the dominant source of power until the early 20th century, when advances in the design of electric motors and internal combustion engines gradually resulted in the replacement of reciprocating (piston) steam engines in commercial usage, and the ascendancy of steam turbines in power generation. Considering that the great majority of worldwide electric generation is produced by turbine type steam engines, the ""steam age"" is continuing with energy levels far beyond those of the turn of the 19th century.', 'The engines could be sited anywhere that water and coal or wood fuel could be obtained. By 1883, engines that could provide 10,000 hp had become feasible. The stationary steam engine was a key component of the Industrial Revolution, allowing factories to locate where water power was unavailable. The atmospheric engines of Newcomen and Watt were large compared to the amount of power they produced, but high pressure steam engines were light enough to be applied to vehicles such as traction engines and the railway locomotives.']",Traction engines,Stanley Steamer,0.0,0.6409319573124487
"How much does a Probationer earn, initially?","['For the salary year beginning April 2008, unpromoted teachers in Scotland earned from £20,427 for a Probationer, up to £32,583 after 6 years teaching, but could then go on to earn up to £39,942 as they complete the modules to earn Chartered Teacher Status (requiring at least 6 years at up to two modules per year.) Promotion to Principal Teacher positions attracts a salary of between £34,566 and £44,616; Deputy Head, and Head teachers earn from £40,290 to £78,642. ', 'could earn over €90,000.', 'Salaries for primary teachers in Ireland depend mainly on seniority (i.e. holding the position of principal, deputy principal or assistant principal), experience and qualifications. Extra pay is also given for teaching through the Irish language, in a Gaeltacht area or on an island. The basic pay for a starting teacher is €27,814 p.a., rising incrementally to €53,423 for a teacher with 25 years service. A principal of a large school with many years experience and several qualifications (M.A., H.Dip., etc.) ', 'In 2010 a salary survey revealed the differences in remuneration between different roles, sectors and locations in the construction and built environment industry. ', 'In this perspective, wages and profits are determined by the marginal value added of each economic actor (worker, capitalist/business owner, landlord). Thus, in a market economy, inequality is a reflection of the productivity gap between highly-paid professions and lower-paid professions.']","£20,427","20,427",1.0,0.5936608983425041
What position does Brandon Marshall currently play? ,"[""The Broncos' defense ranked first in the NFL yards allowed (4,530) for the first time in franchise history, and fourth in points allowed (296). Defensive ends Derek Wolfe and Malik Jackson each had 5½ sacks. Pro Bowl linebacker Von Miller led the team with 11 sacks, forced four fumbles, and recovered three. Linebacker DeMarcus Ware was selected to play in the Pro Bowl for the ninth time in his career, ranking second on the team with 7½ sacks. Linebacker Brandon Marshall led the team in total tackles with 109, while Danny Trevathan ranked second with 102. Cornerbacks Aqib Talib (three interceptions) and Chris Harris, Jr. "", ""The Panthers defense gave up just 308 points, ranking sixth in the league, while also leading the NFL in interceptions with 24 and boasting four Pro Bowl selections. Pro Bowl defensive tackle Kawann Short led the team in sacks with 11, while also forcing three fumbles and recovering two. Fellow lineman Mario Addison added 6½ sacks. The Panthers line also featured veteran defensive end Jared Allen, a 5-time pro bowler who was the NFL's active career sack leader with 136, along with defensive end Kony Ealy, who had 5 sacks in just 9 starts. Behind them, two of the Panthers three starting linebackers were also selected to play in the Pro Bowl: Thomas Davis and Luke Kuechly. "", 'Westwood One will carry the game throughout North America, with Kevin Harlan as play-by-play announcer, Boomer Esiason and Dan Fouts as color analysts, and James Lofton and Mark Malone as sideline reporters. Jim Gray will anchor the pre-game and halftime coverage.', ""Other key receivers included veteran Jerricho Cotchery (39 receptions for 485 yards), rookie Devin Funchess (31 receptions for 473 yards and five touchdowns), and second-year receiver Corey Brown (31 receptions for 447 yards). The Panthers backfield featured Pro Bowl running back Jonathan Stewart, who led the team with 989 rushing yards and six touchdowns in 13 games, along with Pro Bowl fullback Mike Tolbert, who rushed for 256 yards and caught 18 passes for another 154 yards. Carolina's offensive line also featured two Pro Bowl selections: center Ryan Kalil and guard Trai Turner."", ""He was also the team's leading rusher with 45 yards on six carries. ""]",Linebacker,Linebacker,0.0,0.6717317366527019
How many members are on the Warsaw City Counil?,"['Legislative power in Warsaw is vested in a unicameral Warsaw City Council (Rada Miasta), which comprises 60 members. Council members are elected directly every four years. ', 'Its population is estimated at 1.740 million residents within a greater metropolitan area of 2.666 million residents, which makes Warsaw the 9th most-populous capital city in the European Union. The city limits cover 516.9 square kilometres (199.6 sq mi), while the metropolitan area covers 6,100.43 square kilometres (2,355.39 sq mi).', 'Warsaw, especially its city centre (Śródmieście), is home not only to many national institutions and government agencies, but also to many domestic and international companies. In 2006, 304,016 companies were registered in the city. ', 'In 1939, c. 1,300,000 people lived in Warsaw, but in 1945 – only 420,000. During the first years after the war, the population growth was c. ', 'Warsaw (Polish: Warszawa [varˈʂava] ( listen); see also other names) is the capital and largest city of Poland. It stands on the Vistula River in east-central Poland, roughly 260 kilometres (160 mi) from the Baltic Sea and 300 kilometres (190 mi) from the Carpathian Mountains. ']",60,60,1.0,0.3852603886199944
What is the term for the lack of obsevable free quarks?,"['With modern insights into quantum mechanics and technology that can accelerate particles close to the speed of light, particle physics has devised a Standard Model to describe forces between particles smaller than atoms. The Standard Model predicts that exchanged particles called gauge bosons are the fundamental means by which forces are emitted and absorbed. Only four main interactions are known: in order of decreasing strength, they are: strong, electromagnetic, weak, and gravitational.', 'The weak force is due to the exchange of the heavy W and Z bosons. Its most familiar effect is beta decay (of neutrons in atomic nuclei) and the associated radioactivity. The word ""weak"" derives from the fact that the field strength is some 1013 times less than that of the strong force. ', 'Still, it is stronger than gravity over short distances. A consistent electroweak theory has also been developed, which shows that electromagnetic forces and the weak force are indistinguishable at a temperatures in excess of approximately 1015 kelvins. Such temperatures have been probed in modern particle accelerators and show the conditions of the universe in the early moments of the Big Bang.', 'The strong force only acts directly upon elementary particles. However, a residual of the force is observed between hadrons (the best known example being the force that acts between nucleons in atomic nuclei) as the nuclear force. Here the strong force acts indirectly, transmitted as gluons, which form part of the virtual pi and rho mesons, which classically transmit the nuclear force (see this topic for more). The failure of many searches for free quarks has shown that the elementary particles affected are not directly observable. ', 'This means that in a closed system of particles, there are no internal forces that are unbalanced. That is, the action-reaction force shared between any two objects in a closed system will not cause the center of mass of the system to accelerate. The constituent objects only accelerate with respect to each other, the system itself remains unaccelerated. Alternatively, if an external force acts on the system, then the center of mass will experience an acceleration proportional to the magnitude of the external force divided by the mass of the system.']","The term for the lack of observable free quarks is ""color confinement.""",color confinement,0.0,0.9922894735930999
The Church supports those persons who conscientiously oppose what?,"['The United Methodist Church opposes conscription as incompatible with the teaching of Scripture. Therefore, the Church supports and extends its ministry to those persons who conscientiously oppose all war, or any particular war, and who therefore refuse to serve in the armed forces or to cooperate with systems of military conscription. ', 'However, the United Methodist Church also supports and extends its ministry to those persons who conscientiously choose to serve in the armed forces or to accept alternative service. The church also states that ""as Christians they are aware that neither the way of military action, nor the way of inaction is always righteous before God.""', 'The Catholic Church in France and many of its members opposed the Huguenots. Some Huguenot preachers and congregants were attacked as they attempted to meet for worship. ', 'The United Methodist Church upholds the sanctity of human life both of the child and the mother. As a result, the church is ""reluctant to affirm abortion as an acceptable practice,"" and condemns the use of late-term or partial birth abortion except as a medical necessity. ', 'Historically, the Methodist Church has supported the temperance movement. John Wesley warned against the dangers of drinking in his famous sermon, ""The Use of Money,"" and in his letter to an alcoholic. At one time, Methodist ministers had to take a pledge not to drink and encouraged their congregations to do the same. ']","The Church supports those persons who conscientiously oppose all war, or any particular war, and who therefore refuse to serve in the armed forces or to cooperate with systems of military conscription.",all war,1.0,0.7574630256180477
What does UMC stand for?,"[""The United Methodist Church (UMC) is a mainline Protestant Methodist denomination. In the 19th century its main predecessor was a leader in Evangelicalism. Founded in 1968 by the union of the Methodist Church (USA) and the Evangelical United Brethren Church, the UMC traces its roots back to the revival movement of John and Charles Wesley in England as well as the Great Awakening in the United States. As such, the church's theological orientation is decidedly Wesleyan. "", ""The UMC is also a member of the Wesleyan Holiness Consortium, which seeks to reconceive and promote Biblical holiness in today's Church. "", 'The United Methodist Church is the largest denomination within the wider Methodist movement, which has approximately 80 million adherents across the world. In the United States, the UMC ranks as the largest mainline Protestant denomination, the largest Protestant church after the Southern Baptist Convention, and the third largest Christian denomination. As of 2014, worldwide membership was about 12 million: 7.2 million in the United States, and 4.4 million in Africa, Asia and Europe. ', 'Like many other mainline Protestant denominations in the United States, the United Methodist Church has experienced significant membership losses in recent decades. At the time of its formation, the UMC had about 11 million members in nearly 42,000 congregations. In 1975, membership dropped below 10 million for the first time. In 2005, there were about 8 million members in over 34,000 congregations. Membership is concentrated primarily in the Midwest and in the South. ', 'Today, the UMC is generally considered one of the more moderate and tolerant denominations with respect to race, gender, and ideology, though the denomination itself actually includes a very wide spectrum of attitudes. Comparatively, the UMC stands to the right of liberal and progressive Protestant groups such as the United Church of Christ and the Episcopal Church on certain issues (especially regarding sexuality), but to the left of historically conservative evangelical traditions such as the Southern Baptists and Pentecostalism, in regard to theological matters such as social justice and Biblical interpretation. However, it should be noted that the UMC is made up of a broad diversity of thought, and so there are many clergy and laity within the UMC that hold differing viewpoints on such theological matters.']",United Methodist Church,United Methodist Church,1.0,0.6137797834074404
Which team had the best regular season in their history?,"['Despite waiving longtime running back DeAngelo Williams and losing top wide receiver Kelvin Benjamin to a torn ACL in the preseason, the Carolina Panthers had their best regular season in franchise history, becoming the seventh team to win at least 15 regular season games since the league expanded to a 16-game schedule in 1978. Carolina started the season 14–0, not only setting franchise records for the best start and the longest single-season winning streak, but also posting the best start to a season by an NFC team in NFL history, breaking the 13–0 record previously shared with the 2009 New Orleans Saints and the 2011 Green Bay Packers. With their NFC-best 15–1 regular season record, the Panthers clinched home-field advantage throughout the NFC playoffs for the first time in franchise history. ', 'For the third straight season, the number one seeds from both conferences met in the Super Bowl. The Carolina Panthers became one of only ten teams to have completed a regular season with only one loss, and one of only six teams to have acquired a 15–1 record, while the Denver Broncos became one of four teams to have made eight appearances in the Super Bowl. ', 'The Panthers finished the regular season with a 15–1 record, and quarterback Cam Newton was named the NFL Most Valuable Player (MVP). They defeated the Arizona Cardinals 49–15 in the NFC Championship Game and advanced to their second Super Bowl appearance since the franchise was founded in 1995. ', ""The Eagles are the most successful team in the history of the British Basketball League (BBL). The city's speedway team Newcastle Diamonds are based at Brough Park in Byker, a venue that is also home to greyhound racing. Newcastle also hosts the start of the annual Great North Run, the world's largest half-marathon in which participants race over the Tyne Bridge into Gateshead and then towards the finish line 13.1 miles (21.1 km) away on the coast at South Shields. Another famous athletic event is the 5.9-mile (9.5 km) Blaydon Race (a road race from Newcastle to Blaydon), which has taken place on 9 June annually since 1981, to commemorate the celebrated Blaydon Races horse racing."", 'The Broncos finished the regular season with a 12–4 record, and denied the New England Patriots a chance to defend their title from Super Bowl XLIX by defeating them 20–18 in the AFC Championship Game. They joined the Patriots, Dallas Cowboys, and Pittsburgh Steelers as one of four teams that have made eight appearances in the Super Bowl.']",The Carolina Panthers had the best regular season in their history.,Carolina Panthers,1.0,0.9999999999997476
"Besides the arguments with Rome and his own fellow reformers, what scandal  contributed to Luther's failing health?","['The years of struggle with Rome, the antagonisms with and among his fellow reformers, and the scandal which ensued from the bigamy of the Philip of Hesse incident, in which Luther had played a leading role, all may have contributed. In 1536, he began to suffer from kidney and bladder stones, and arthritis, and an ear infection ruptured an ear drum. In December 1544, he began to feel the effects of angina.', 'Some scholars, such as Mark U. Edwards in his book Luther\'s Last Battles: Politics and Polemics 1531–46 (1983), suggest that since Luther\'s increasingly antisemitic views developed during the years his health deteriorated, it is possible they were at least partly the product of a declining state of mind. Edwards also comments that Luther often deliberately used ""vulgarity and violence"" for effect, both in his writings condemning the Jews and in diatribes against ""Turks"" (Muslims) and Catholics.', 'On 31 October 1517, Luther wrote to his bishop, Albert of Mainz, protesting the sale of indulgences. He enclosed in his letter a copy of his ""Disputation of Martin Luther on the Power and Efficacy of Indulgences"", which came to be known as The Ninety-Five Theses. Hans Hillerbrand writes that Luther had no intention of confronting the church, but saw his disputation as a scholarly objection to church practices, and the tone of the writing is accordingly ""searching, rather than doctrinaire."" Hillerbrand writes that there is nevertheless an undercurrent of challenge in several of the theses, particularly in Thesis 86, which asks: ""Why does the pope, whose wealth today is greater than the wealth of the richest Crassus, build the basilica of St. ', 'Luther justified his opposition to the rebels on three grounds. First, in choosing violence over lawful submission to the secular government, they were ignoring Christ\'s counsel to ""Render unto Caesar the things that are Caesar\'s""; St. ', 'In his 2010 book Bonhoeffer: Pastor, Martyr, Prophet, Spy, Christian author Eric Metaxas claimed that Luther\'s attitude towards Jews ""unraveled along with his health.""']",The scandal that contributed to Luther's failing health was the bigamy of Philip of Hesse incident.,bigamy of the Philip of Hesse,1.0,0.8861353855525532
When was the French colony in modern day Brazil founded?,"['The first Huguenots to leave France sought freedom from persecution in Switzerland and the Netherlands.[citation needed] A group of Huguenots was part of the French colonisers who arrived in Brazil in 1555 to found France Antarctique. A couple of ships with around 500 people arrived at the Guanabara Bay, present-day Rio de Janeiro, and settled in a small island. A fort, named Fort Coligny, was built to protect them from attack from the Portuguese troops and Brazilian Native Americans. It was an attempt to establish a French colony in South America. The fort was destroyed in 1560 by the Portuguese, who captured part of the Huguenots. ', ""French Huguenots made two attempts to establish a haven in North America. In 1562, naval officer Jean Ribault led an expedition that explored Florida and the present-day Southeastern U.S., and founded the outpost of Charlesfort on Parris Island, South Carolina. The Wars of Religion precluded a return voyage, and the outpost was abandoned. In 1564, Ribault's former lieutenant René Goulaine de Laudonnière launched a second voyage to build a colony; he established Fort Caroline in what is now Jacksonville, Florida. War at home again precluded a resupply mission, and the colony struggled. In 1565 the Spanish decided to enforce their claim to La Florida, and sent Pedro Menéndez de Avilés, who established the settlement of St. Augustine near Fort Caroline. "", 'In 1564 a group of Norman Huguenots under the leadership of Jean Ribault established the small colony of Fort Caroline on the banks of the St. Johns River in what is today Jacksonville, Florida. The effort was the first at any permanent European settlement in the present-day continental United States, but survived only a short time. ', 'However, in 1883–84 Germany began to build a colonial empire in Africa and the South Pacific, before losing interest in imperialism. Historians have debated exactly why Germany made this sudden and short-lived move.', ""Nearly all of France's colonies gained independence by 1960, but France retained great financial and diplomatic influence. It has repeatedly sent troops to assist its former colonies in Africa in suppressing insurrections and coups d’état.""]",1555,1555,1.0,0.4339110435876344
The merger between ITT and ABC was suspended after a complaint was filed by whom in July 1967?,"[""The merger was suspended, and a complaint was filed by the Department of Justice in July 1967, with ITT going to trial in October 1967; the merger was officially canceled after the trial's conclusion on January 1, 1968."", 'On December 7, 1965, Goldenson announced a merger proposal with ITT to ABC management; the two companies agreed to the deal on April 27, 1966. The FCC approved the merger on December 21, 1966; however, the previous day (December 20), Donald F. Turner, head antitrust regulator for the United States Department of Justice, expressed doubts related to such issues as the emerging cable television market, and concerns over the journalistic integrity of ABC and how it could be influenced by the overseas ownership of ITT. ITT management promised that the company would allow ABC to retain autonomy in the publishing business. ', ""In 1952, when the release of the FCC's Sixth Report and Order announced the end of its freeze on new station license applications, among the issues the Commission was slated to address was whether to approve the UPT-ABC merger. One FCC Commissioner saw the possibility of ABC, funded by UPT, becoming a viable and competitive third television network. On February 9, 1953, the FCC approved UPT's purchase of ABC in exchange for $25 million in shares. The merged company, renamed American Broadcasting-Paramount Theatres, Inc. and headquartered in the Paramount Building at 1501 Broadway in Manhattan, owned six AM and several FM radio stations, five television stations and 644 cinemas in 300 U.S. "", ""The merger between ABC and Capital Cities received federal approval on September 5, 1985. After the ABC/Capital Cities merger was finalized on January 3, 1986, the combined company – which became known as Capital Cities/ABC, Inc. – added four television stations (WPVI-TV/Philadelphia, KTRK-TV/Houston, KFSN-TV/Fresno and WTVD/Raleigh) and several radio stations to ABC's broadcasting portfolio, and also included Fairchild Publications and four newspapers (including The Kansas City Star and Fort Worth Star-Telegram). It also initiated several changes in its management: Frederick S. Pierce was named president of ABC's broadcasting division; Michael P. Millardi became vice president of ABC Broadcasting, and president of ABC Owned Stations and ABC Video Enterprises; John B. Sias was appointed president of the ABC Television Network; Brandon Stoddard became president of ABC Entertainment (a position to which he had been appointed in November 1985); and Roone Arledge became president of ABC News and ABC Sports. In February 1986, Thomas S. Murphy, who had been serving as CEO of Capital Cities since 1964, was appointed chairman and CEO emeritus of ABC. "", ""On April 30, 2000, as a result of a carriage dispute with ABC, Time Warner Cable removed ABC owned-and-operated stations from the cable provider's systems in four markets (WABC-TV in New York City, KABC-TV in Los Angeles, KTRK in Houston and WTVD in Raleigh-Durham). The network had earlier reached an eleventh-hour deal to renew its carriage agreement with the provider on December 31, 1999. ""]",The Department of Justice,Department of Justice,1.0,0.4171321565895725
What sections of Church dogma did Luther come to view in another way?,"['[...] For reason is the greatest enemy that faith has; it never comes to the aid of spiritual things."" However, though seemingly contradictorily, he also wrote in the latter work that human reason ""strives not against faith, when enlightened, but rather furthers and advances it"", bringing claims he was a fideist into dispute. Contemporary Lutheran scholarship, however, has found a different reality in Luther. Luther rather seeks to separate faith and reason in order to honor the separate spheres of knowledge that each applies to. Bernhard Lohse, for example, has demonstrated in his classic work ""Fides und Ratio"" that Luther ultimately sought to put the two together. More recently, Hans-Peter Grosshans has demonstrated that Luther\'s work on Biblical Criticism stresses the need for external coherence in the right exegetical method. This means that for Luther it is more important that the Bible is reasonable according to the reality outside of the scriptures than that the Bible makes sense to itself, that it has internal coherence. The right tool for understanding the world outside of the Bible for Luther is none other than reason, which for him is the field of science, philosophy, history and empirical observation. Here a different picture is presented of a Luther who deeply valued both faith and reason, and held them in dialectical partnership. Luther\'s concern thus in separating them is honoring their different epistemological spheres.', ""From 1525 to 1529, he established a supervisory church body, laid down a new form of worship service, and wrote a clear summary of the new faith in the form of two catechisms. Luther's thought is revolutionary to the extent that it is a theology of the cross, the negation of every affirmation: as long as the cross is at the center, the system building tendency of reason is held in check, and system building does not degenerate into System."", 'Other scholars argue that, even if his views were merely anti-Judaic—that is, opposed to Judaism and its adherence rather than the Jews as an ethnic group—their violence lent a new element to the standard Christian suspicion of Judaism. Ronald Berger writes that Luther is credited with ""Germanizing the Christian critique of Judaism and establishing anti-Semitism as a key element of German culture and national identity."" ', ""Some reformers, including followers of Huldrych Zwingli, considered Luther's service too papistic; and modern scholars note the conservatism of his alternative to the Catholic mass. Luther's service, however, included congregational singing of hymns and psalms in German, as well as of parts of the liturgy, including Luther's unison setting of the Creed. To reach the simple people and the young, Luther incorporated religious instruction into the weekday services in the form of the catechism. He also provided simplified versions of the baptism and marriage services."", 'At the heart of scholars\' debate about Luther\'s influence is whether it is anachronistic to view his work as a precursor of the racial antisemitism of the Nazis. Some scholars see Luther\'s influence as limited, and the Nazis\' use of his work as opportunistic. Biographer Martin Brecht points out that ""There is a world of difference between his belief in salvation and a racial ideology. Nevertheless, his misguided agitation had the evil result that Luther fatefully became one of the \'church fathers\' of anti-Semitism and thus provided material for the modern hatred of the Jews, cloaking it with the authority of the Reformer."" Johannes Wallmann argues that Luther\'s writings against the Jews were largely ignored in the 18th and 19th centuries, and that there was no continuity between Luther\'s thought and Nazi ideology. Uwe Siemon-Netto agreed, arguing that it was because the Nazis were already anti-Semites that they revived Luther\'s work. ']","Luther came to view the Catholic mass and its practices in a different way. He established a new form of worship service and wrote a clear summary of the new faith in the form of two catechisms, which included congregational singing of hymns and psalms in German, as well as parts of the liturgy. He also incorporated religious instruction into the weekday services in the form of the catechism and provided simplified versions of the baptism and marriage services.",penance and righteousness,0.875,0.6855870394509177
What are incompetent government's commitment to social justice limited to?,"[""Some civil disobedients feel it is incumbent upon them to accept punishment because of their belief in the validity of the social contract, which is held to bind all to obey the laws that a government meeting certain standards of legitimacy has established, or else suffer the penalties set out in the law. Other civil disobedients who favor the existence of government still don't believe in the legitimacy of their particular government, or don't believe in the legitimacy of a particular law it has enacted. "", 'Islamist movements such as the Muslim Brotherhood, ""are well known for providing shelters, educational assistance, free or low cost medical clinics, housing assistance to students from out of town, student advisory groups, facilitation of inexpensive mass marriage ceremonies to avoid prohibitively costly dowry demands, legal assistance, sports facilities, and women\'s groups."" All this compares very favourably against incompetent, inefficient, or neglectful governments whose commitment to social justice is limited to rhetoric.', 'Some theories of civil disobedience hold that civil disobedience is only justified against governmental entities. Brownlee argues that disobedience in opposition to the decisions of non-governmental agencies such as trade unions, banks, and private universities can be justified if it reflects ""a larger challenge to the legal system that permits those decisions to be taken"". ', 'Brownlee notes that ""although civil disobedients are constrained in their use of coercion by their conscientious aim to engage in moral dialogue, nevertheless they may find it necessary to employ limited coercion in order to get their issue onto the table."" The Plowshares organization temporarily closed GCSB Waihopai by padlocking the gates and using sickles to deflate one of the large domes covering two satellite dishes.', 'More than this, since only individuals act, only individuals can act unjustly. When the government knocks on the door, it is an individual in the form of a postman or tax collector whose hand hits the wood. Before Thoreau’s imprisonment, when a confused taxman had wondered aloud about how to handle his refusal to pay, Thoreau had advised, “Resign.” If a man chose to be an agent of injustice, then Thoreau insisted on confronting him with the fact that he was making a choice. But if government is “the voice of the people,” as it is often called, shouldn’t that voice be heeded? Thoreau admits that government may express the will of the majority but it may also express nothing more than the will of elite politicians. Even a good form of government is “liable to be abused and perverted before the people can act through it.” Moreover, even if a government did express the voice of the people, this fact would not compel the obedience of individuals who disagree with what is being said. The majority may be powerful but it is not necessarily right. What, then, is the proper relationship between the individual and the government?']",Rhetoric,rhetoric,1.0,0.0
What was Luther involved in dealing with the minds in Mansfeld?,"[""Luther's final journey, to Mansfeld, was taken because of his concern for his siblings' families continuing in their father Hans Luther's copper mining trade. Their livelihood was threatened by Count Albrecht of Mansfeld bringing the industry under his own control. "", 'The controversy that ensued involved all four Mansfeld counts: Albrecht, Philip, John George, and Gerhard. Luther journeyed to Mansfeld twice in late 1545 to participate in the negotiations for a settlement, and a third visit was needed in early 1546 for their completion.', 'Martin of Tours. His family moved to Mansfeld in 1484, where his father was a leaseholder of copper mines and smelters and served as one of four citizen representatives on the local council. The religious scholar Martin Marty describes Luther\'s mother as a hard-working woman of ""trading-class stock and middling means"" and notes that Luther\'s enemies later wrongly described her as a whore and bath attendant. He had several brothers and sisters, and is known to have been close to one of them, Jacob. Hans Luther was ambitious for himself and his family, and he was determined to see Martin, his eldest son, become a lawyer. He sent Martin to Latin schools in Mansfeld, then Magdeburg in 1497, where he attended a school operated by a lay group called the Brethren of the Common Life, and Eisenach in 1498. The three schools focused on the so-called ""trivium"": grammar, rhetoric, and logic. Luther later compared his education there to purgatory and hell.', 'Some scholars, such as Mark U. Edwards in his book Luther\'s Last Battles: Politics and Polemics 1531–46 (1983), suggest that since Luther\'s increasingly antisemitic views developed during the years his health deteriorated, it is possible they were at least partly the product of a declining state of mind. Edwards also comments that Luther often deliberately used ""vulgarity and violence"" for effect, both in his writings condemning the Jews and in diatribes against ""Turks"" (Muslims) and Catholics.', ""Reason could not lead men to God, he felt, and he thereafter developed a love-hate relationship with Aristotle over the latter's emphasis on reason. For Luther, reason could be used to question men and institutions, but not God. Human beings could learn about God only through divine revelation, he believed, and Scripture therefore became increasingly important to him.""]",Luther was involved in negotiations for a settlement concerning the copper mining trade in Mansfeld.,negotiations,1.0,0.7695264693392047
The UMC was a founding member of what coalition?,"[""The United Methodist Church (UMC) is a mainline Protestant Methodist denomination. In the 19th century its main predecessor was a leader in Evangelicalism. Founded in 1968 by the union of the Methodist Church (USA) and the Evangelical United Brethren Church, the UMC traces its roots back to the revival movement of John and Charles Wesley in England as well as the Great Awakening in the United States. As such, the church's theological orientation is decidedly Wesleyan. "", ""The UMC is also a member of the Wesleyan Holiness Consortium, which seeks to reconceive and promote Biblical holiness in today's Church. "", 'On April 23, 1968, the United Methodist Church was created when the Evangelical United Brethren Church (represented by Bishop Reuben H. Mueller) and The Methodist Church (represented by Bishop Lloyd Christ Wicke) joined hands at the constituting General Conference in Dallas, Texas. With the words, ""Lord of the Church, we are united in Thee, in Thy Church and now in The United Methodist Church"" the new denomination was given birth by the two churches that had distinguished histories and influential ministries in various parts of the world.', 'The United Methodist Church is the largest denomination within the wider Methodist movement, which has approximately 80 million adherents across the world. In the United States, the UMC ranks as the largest mainline Protestant denomination, the largest Protestant church after the Southern Baptist Convention, and the third largest Christian denomination. As of 2014, worldwide membership was about 12 million: 7.2 million in the United States, and 4.4 million in Africa, Asia and Europe. ', 'Like many other mainline Protestant denominations in the United States, the United Methodist Church has experienced significant membership losses in recent decades. At the time of its formation, the UMC had about 11 million members in nearly 42,000 congregations. In 1975, membership dropped below 10 million for the first time. In 2005, there were about 8 million members in over 34,000 congregations. Membership is concentrated primarily in the Midwest and in the South. ']",The UMC was a founding member of the Wesleyan Holiness Consortium.,Religious Coalition for Reproductive Choice,0.0,0.7209252426097414
What strategy did Jebe's army use against Kuchlug and his supporters?,"['By this time the Mongol army was exhausted from ten years of continuous campaigning in China against the Western Xia and Jin dynasty. Therefore, Genghis sent only two tumen (20,000 soldiers) against Kuchlug, under his younger general, Jebe, known as ""The Arrow"".', ""With such a small force, the invading Mongols were forced to change strategies and resort to inciting internal revolt among Kuchlug's supporters, leaving the Qara Khitai more vulnerable to Mongol conquest. As a result, Kuchlug's army was defeated west of Kashgar. "", 'The Mongols learned from captives of the abundant green pastures beyond the Bulgar territory, allowing for the planning for conquest of Hungary and Europe. Genghis Khan recalled Subutai back to Mongolia soon afterwards, and Jebe died on the road back to Samarkand. The famous cavalry expedition led by Subutai and Jebe, in which they encircled the entire Caspian Sea defeating all armies in their path, remains unparalleled to this day, and word of the Mongol triumphs began to trickle to other nations, particularly Europe. These two campaigns are generally regarded as reconnaissance campaigns that tried to get the feel of the political and cultural elements of the regions. ', 'Kuchlug, the deposed Khan of the Naiman confederation that Temüjin defeated and folded into his Mongol Empire, fled west and usurped the khanate of Qara Khitai (also known as the Western Liao, as it was originally established as remnants of the Liao dynasty). Genghis Khan decided to conquer the Qara Khitai and defeat Kuchlug, possibly to take him out of power. ', ""Kuchlug fled again, but was soon hunted down by Jebe's army and executed. By 1218, as a result of defeat of Qara Khitai, the Mongol Empire and its control extended as far west as Lake Balkhash, which bordered the Khwarezmia (Khwarezmid Empire), a Muslim state that reached the Caspian Sea to the west and Persian Gulf and the Arabian Sea to the south.""]","Jebe's army used a strategy of inciting internal revolt among Kuchlug's supporters, leaving the Qara Khitai more vulnerable to Mongol conquest.",inciting internal revolt,1.0,0.912085493165303
What diagrams are used to simplify particle interactions on a fundamental level?,"['In modern particle physics, forces and the acceleration of particles are explained as a mathematical by-product of exchange of momentum-carrying gauge bosons. With the development of quantum field theory and general relativity, it was realized that force is a redundant concept arising from conservation of momentum (4-momentum in relativity and momentum of virtual particles in quantum electrodynamics). The conservation of momentum can be directly derived from the homogeneity or symmetry of space and so is usually considered more fundamental than the concept of a force. Thus the currently known fundamental forces are considered more accurately to be ""fundamental interactions"".:199–128 When particle A emits (creates) or absorbs (annihilates) virtual particle B, a momentum conservation results in recoil of particle A making impression of repulsion or attraction between particles A A\' exchanging by B. This description applies to all forces arising from fundamental interactions. While sophisticated mathematical descriptions are needed to predict, in full detail, the accurate result of such interactions, there is a conceptually simple way to describe such interactions through the use of Feynman diagrams. ', 'In a Feynman diagram, each matter particle is represented as a straight line (see world line) traveling through time, which normally increases up or to the right in the diagram. Matter and anti-matter particles are identical except for their direction of propagation through the Feynman diagram. World lines of particles intersect at interaction vertices, and the Feynman diagram represents any force arising from an interaction as occurring at the vertex with an associated instantaneous change in the direction of the particle world lines. Gauge bosons are emitted away from the vertex as wavy lines and, in the case of virtual particle exchange, are absorbed at an adjacent vertex.', 'With modern insights into quantum mechanics and technology that can accelerate particles close to the speed of light, particle physics has devised a Standard Model to describe forces between particles smaller than atoms. The Standard Model predicts that exchanged particles called gauge bosons are the fundamental means by which forces are emitted and absorbed. Only four main interactions are known: in order of decreasing strength, they are: strong, electromagnetic, weak, and gravitational.', ""All of the forces in the universe are based on four fundamental interactions. The strong and weak forces are nuclear forces that act only at very short distances, and are responsible for the interactions between subatomic particles, including nucleons and compound nuclei. The electromagnetic force acts between electric charges, and the gravitational force acts between masses. All other forces in nature derive from these four fundamental interactions. For example, friction is a manifestation of the electromagnetic force acting between the atoms of two surfaces, and the Pauli exclusion principle, which does not permit atoms to pass through each other. Similarly, the forces in springs, modeled by Hooke's law, are the result of electromagnetic forces and the Exclusion Principle acting together to return an object to its equilibrium position. Centrifugal forces are acceleration forces that arise simply from the acceleration of rotating frames of reference."", ':2–10:79 High-energy particle physics observations made during the 1970s and 1980s confirmed that the weak and electromagnetic forces are expressions of a more fundamental electroweak interaction.']",Feynman diagrams,Feynman,1.0,0.7474819770013462
When was this edict declared?,"['The proclamation also contained provisions that prevented civic participation by the Roman Catholic Canadians. When accommodations were made in the Quebec Act in 1774 to address this and other issues, religious concerns were raised in the largely Protestant Thirteen Colonies over the advance of ""popery""; the Act maintained French Civil law, including the seigneurial system, a medieval code soon to be removed from France within a generation by the French Revolution.', 'Following the treaty, King George III issued the Royal Proclamation of 1763 on October 7, 1763, which outlined the division and administration of the newly conquered territory, and to some extent continues to govern relations between the government of modern Canada and the First Nations. Included in its provisions was the reservation of lands west of the Appalachian Mountains to its Indian population, a demarcation that was at best a temporary impediment to a rising tide of westward-bound settlers. ', 'The pattern of warfare, followed by brief periods of peace, continued for nearly another quarter-century. The warfare was definitively quelled in 1598, when Henry of Navarre, having succeeded to the French throne as Henry IV, and having recanted Protestantism in favour of Roman Catholicism, issued the Edict of Nantes. The Edict reaffirmed Catholicism as the state religion of France, but granted the Protestants equality with Catholics under the throne and a degree of religious and political freedom within their domains. The Edict simultaneously protected Catholic interests by discouraging the founding of new Protestant churches in Catholic-controlled regions.', 'Over the next five days, private conferences were held to determine Luther\'s fate. The Emperor presented the final draft of the Edict of Worms on 25 May 1521, declaring Luther an outlaw, banning his literature, and requiring his arrest: ""We want him to be apprehended and punished as a notorious heretic."" It also made it a crime for anyone in Germany to give Luther food or shelter. ', ""The governments of the United States, Britain, Germany and France also collectively issued a press statement cautioning about the law's potential impact. Through the Jubillee Coalition, the Bill was later passed on 19 December in the National Assembly under acrimonious circumstances.""]",The Edict of Worms was declared on 25 May 1521.,1685,1.0,0.790116842793144
What did the new mass allow as regards ceremony?,"['In response to demands for a German liturgy, Luther wrote a German Mass, which he published in early 1526. He did not intend it as a replacement for his 1523 adaptation of the Latin Mass but as an alternative for the ""simple people"", a ""public stimulation for people to believe and become Christians."" Luther based his order on the Catholic service but omitted ""everything that smacks of sacrifice""; and the Mass became a celebration where everyone received the wine as well as the bread. He retained the elevation of the host and chalice, while trappings such as the Mass vestments, altar, and candles were made optional, allowing freedom of ceremony. ', 'Luther and his colleagues introduced the new order of worship during their visitation of the Electorate of Saxony, which began in 1527. They also assessed the standard of pastoral care and Christian education in the territory. ', 'In the summer of 1521, Luther widened his target from individual pieties like indulgences and pilgrimages to doctrines at the heart of Church practices. In On the Abrogation of the Private Mass, he condemned as idolatry the idea that the mass is a sacrifice, asserting instead that it is a gift, to be received with thanksgiving by the whole congregation. His essay On Confession, Whether the Pope has the Power to Require It rejected compulsory confession and encouraged private confession and absolution, since ""every Christian is a confessor."" ', 'The proclamation also contained provisions that prevented civic participation by the Roman Catholic Canadians. When accommodations were made in the Quebec Act in 1774 to address this and other issues, religious concerns were raised in the largely Protestant Thirteen Colonies over the advance of ""popery""; the Act maintained French Civil law, including the seigneurial system, a medieval code soon to be removed from France within a generation by the French Revolution.', 'The English welcomed the French refugees, providing money from both government and private agencies to aid their relocation. Those Huguenots who stayed in France became Catholics and were called ""new converts"".']","The new mass made freedom of ceremony optional, allowing for the omission of trappings such as Mass vestments, altar, and candles.",freedom of ceremony,1.0,0.8248669164693672
How long does it take for new areas to have significant oil production?,"['On an international level, the price increases changed competitive positions in many industries, such as automobiles. Macroeconomic problems consisted of both inflationary and deflationary impacts. The embargo left oil companies searching for new ways to increase oil supplies, even in rugged terrain such as the Arctic. Finding oil and developing new fields usually required five to ten years before significant production.', 'A study of Swedish counties between 1960 and 2000 found a positive impact of inequality on growth with lead times of five years or less, but no correlation after ten years. Studies of larger data sets have found no correlations for any fixed lead time, and a negative impact on the duration of growth.', 'New techniques of building construction are being researched, made possible by advances in 3D printing technology. In a form of additive building construction, similar to the additive manufacturing techniques for manufactured parts, building printing is making it possible to flexibly construct small commercial buildings and private habitations in around 20 hours, with built-in plumbing and electrical facilities, in one continuous build, using large 3D printers. Working versions of 3D-printing building technology are already printing 2 metres (6 ft 7 in) of building material per hour as of January 2013[update], with the next-generation printers capable of 3.5 metres (11 ft) per hour, sufficient to complete a building in a week. ', ""Kenya has proven deposits of oil in Turkana and the commercial viability was just discovered. Tullow Oil estimates Kenya's oil reserves to be around 10 billion barrels. Exploration is still continuing to determine if there are more reserves. "", 'In the United States, scholars argue that there already existed a negotiated settlement based on equality between both parties prior to 1973. The possibility that the Middle East could become another superpower confrontation with the USSR was of more concern to the US than oil. ']",Finding oil and developing new fields usually required five to ten years before significant production.,five to ten years,1.0,0.9009692798134776
